{"sessionId":"cf25b3","id":"log_347872610704","timestamp":347872610704,"location":"AuraPlayerController.cpp:AbilityInputHeld","message":"Input held","data":{"InputTag":"InputTag.LMB","bRightMouseDown":false},"runId":"run1"}
{"sessionId":"cf25b3","id":"log_347872686646","timestamp":347872686646,"location":"AuraPlayerController.cpp:AbilityInputHeld","message":"Input held","data":{"InputTag":"InputTag.LMB","bRightMouseDown":false},"runId":"run1"}
{"sessionId":"cf25b3","id":"log_347872770744","timestamp":347872770744,"location":"AuraPlayerController.cpp:AbilityInputHeld","message":"Input held","data":{"InputTag":"InputTag.LMB","bRightMouseDown":false},"runId":"run1"}
{"sessionId":"cf25b3","id":"log_347872854540","timestamp":347872854540,"location":"AuraPlayerController.cpp:AbilityInputHeld","message":"Input held","data":{"InputTag":"InputTag.LMB","bRightMouseDown":false},"runId":"run1"}
{"sessionId":"cf25b3","id":"log_347872936154","timestamp":347872936154,"location":"AuraPlayerController.cpp:AbilityInputHeld","message":"Input held","data":{"InputTag":"InputTag.LMB","bRightMouseDown":false},"runId":"run1"}
{"sessionId":"cf25b3","id":"log_347873019744","timestamp":347873019744,"location":"AuraPlayerController.cpp:AbilityInputHeld","message":"Input held","data":{"InputTag":"InputTag.LMB","bRightMouseDown":false},"runId":"run1"}
{"sessionId":"cf25b3","id":"log_347873102808","timestamp":347873102808,"location":"AuraPlayerController.cpp:AbilityInputHeld","message":"Input held","data":{"InputTag":"InputTag.LMB","bRightMouseDown":false},"runId":"run1"}
{"sessionId":"cf25b3","id":"log_347873185925","timestamp":347873185925,"location":"AuraPlayerController.cpp:AbilityInputHeld","message":"Input held","data":{"InputTag":"InputTag.LMB","bRightMouseDown":false},"runId":"run1"}
{"sessionId":"cf25b3","id":"log_347873271628","timestamp":347873271628,"location":"AuraPlayerController.cpp:AbilityInputHeld","message":"Input held","data":{"InputTag":"InputTag.LMB","bRightMouseDown":false},"runId":"run1"}
{"sessionId":"cf25b3","id":"log_347873355574","timestamp":347873355574,"location":"AuraPlayerController.cpp:AbilityInputReleased","message":"Input released","data":{"InputTag":"InputTag.LMB","bRightMouseDown":false},"runId":"run1"}
{"sessionId":"cf25b3","id":"log_347877434419","timestamp":347877434419,"location":"AuraPlayerController.cpp:AbilityInputHeld","message":"Input held","data":{"InputTag":"InputTag.LMB","bRightMouseDown":false},"runId":"run1"}
{"sessionId":"cf25b3","id":"log_347877512399","timestamp":347877512399,"location":"AuraPlayerController.cpp:AbilityInputHeld","message":"Input held","data":{"InputTag":"InputTag.LMB","bRightMouseDown":false},"runId":"run1"}
{"sessionId":"cf25b3","id":"log_347877594961","timestamp":347877594961,"location":"AuraPlayerController.cpp:AbilityInputHeld","message":"Input held","data":{"InputTag":"InputTag.LMB","bRightMouseDown":false},"runId":"run1"}
{"sessionId":"cf25b3","id":"log_347877680810","timestamp":347877680810,"location":"AuraPlayerController.cpp:Look","message":"Look invoked","data":{"x":0.07000,"y":0.00000,"bRightMouseDown":false,"hypothesisId":"A"},"runId":"run1"}
{"sessionId":"cf25b3","id":"log_347877684502","timestamp":347877684502,"location":"AuraPlayerController.cpp:AbilityInputHeld","message":"Input held","data":{"InputTag":"InputTag.LMB","bRightMouseDown":false},"runId":"run1"}
{"sessionId":"cf25b3","id":"log_347877687002","timestamp":347877687002,"location":"AuraPlayerController.cpp:AbilityInputHeld","message":"Input held","data":{"InputTag":"InputTag.RMB","bRightMouseDown":false},"runId":"run1"}
{"sessionId":"cf25b3","id":"log_347877762842","timestamp":347877762842,"location":"AuraPlayerController.cpp:Look","message":"Look invoked","data":{"x":-0.07000,"y":0.00000,"bRightMouseDown":true,"hypothesisId":"A"},"runId":"run1"}
{"sessionId":"cf25b3","id":"log_347877767034","timestamp":347877767034,"location":"AuraPlayerController.cpp:AbilityInputHeld","message":"Input held","data":{"InputTag":"InputTag.LMB","bRightMouseDown":true},"runId":"run1"}
{"sessionId":"cf25b3","id":"log_347877770536","timestamp":347877770536,"location":"AuraPlayerController.cpp:AbilityInputHeld","message":"Input held","data":{"InputTag":"InputTag.RMB","bRightMouseDown":true},"runId":"run1"}
{"sessionId":"cf25b3","id":"log_347877853661","timestamp":347877853661,"location":"AuraPlayerController.cpp:Look","message":"Look invoked","data":{"x":-0.07000,"y":0.00000,"bRightMouseDown":true,"hypothesisId":"A"},"runId":"run1"}
{"sessionId":"cf25b3","id":"log_347877857327","timestamp":347877857327,"location":"AuraPlayerController.cpp:AbilityInputHeld","message":"Input held","data":{"InputTag":"InputTag.LMB","bRightMouseDown":true},"runId":"run1"}
{"sessionId":"cf25b3","id":"log_347877861792","timestamp":347877861792,"location":"AuraPlayerController.cpp:AbilityInputHeld","message":"Input held","data":{"InputTag":"InputTag.RMB","bRightMouseDown":true},"runId":"run1"}
{"sessionId":"cf25b3","id":"log_347877929625","timestamp":347877929625,"location":"AuraPlayerController.cpp:Look","message":"Look invoked","data":{"x":0.07000,"y":0.00000,"bRightMouseDown":true,"hypothesisId":"A"},"runId":"run1"}
{"sessionId":"cf25b3","id":"log_347877935983","timestamp":347877935983,"location":"AuraPlayerController.cpp:AbilityInputHeld","message":"Input held","data":{"InputTag":"InputTag.LMB","bRightMouseDown":true},"runId":"run1"}
{"sessionId":"cf25b3","id":"log_347877938704","timestamp":347877938704,"location":"AuraPlayerController.cpp:AbilityInputHeld","message":"Input held","data":{"InputTag":"InputTag.RMB","bRightMouseDown":true},"runId":"run1"}
{"sessionId":"cf25b3","id":"log_347878013510","timestamp":347878013510,"location":"AuraPlayerController.cpp:Look","message":"Look invoked","data":{"x":-0.28000,"y":0.00000,"bRightMouseDown":true,"hypothesisId":"A"},"runId":"run1"}
{"sessionId":"cf25b3","id":"log_347878017926","timestamp":347878017926,"location":"AuraPlayerController.cpp:AbilityInputHeld","message":"Input held","data":{"InputTag":"InputTag.LMB","bRightMouseDown":true},"runId":"run1"}
{"sessionId":"cf25b3","id":"log_347878020553","timestamp":347878020553,"location":"AuraPlayerController.cpp:AbilityInputHeld","message":"Input held","data":{"InputTag":"InputTag.RMB","bRightMouseDown":true},"runId":"run1"}
{"sessionId":"cf25b3","id":"log_347878096209","timestamp":347878096209,"location":"AuraPlayerController.cpp:Look","message":"Look invoked","data":{"x":0.14000,"y":0.00000,"bRightMouseDown":true,"hypothesisId":"A"},"runId":"run1"}
{"sessionId":"cf25b3","id":"log_347878100114","timestamp":347878100114,"location":"AuraPlayerController.cpp:AbilityInputHeld","message":"Input held","data":{"InputTag":"InputTag.LMB","bRightMouseDown":true},"runId":"run1"}
{"sessionId":"cf25b3","id":"log_347878103435","timestamp":347878103435,"location":"AuraPlayerController.cpp:AbilityInputHeld","message":"Input held","data":{"InputTag":"InputTag.RMB","bRightMouseDown":true},"runId":"run1"}
{"sessionId":"cf25b3","id":"log_347878180374","timestamp":347878180374,"location":"AuraPlayerController.cpp:Look","message":"Look invoked","data":{"x":-0.21000,"y":0.00000,"bRightMouseDown":true,"hypothesisId":"A"},"runId":"run1"}
{"sessionId":"cf25b3","id":"log_347878184465","timestamp":347878184465,"location":"AuraPlayerController.cpp:AbilityInputHeld","message":"Input held","data":{"InputTag":"InputTag.LMB","bRightMouseDown":true},"runId":"run1"}
{"sessionId":"cf25b3","id":"log_347878187241","timestamp":347878187241,"location":"AuraPlayerController.cpp:AbilityInputHeld","message":"Input held","data":{"InputTag":"InputTag.RMB","bRightMouseDown":true},"runId":"run1"}
{"sessionId":"cf25b3","id":"log_347878263018","timestamp":347878263018,"location":"AuraPlayerController.cpp:Look","message":"Look invoked","data":{"x":-0.42000,"y":0.00000,"bRightMouseDown":true,"hypothesisId":"A"},"runId":"run1"}
{"sessionId":"cf25b3","id":"log_347878267125","timestamp":347878267125,"location":"AuraPlayerController.cpp:AbilityInputHeld","message":"Input held","data":{"InputTag":"InputTag.LMB","bRightMouseDown":true},"runId":"run1"}
{"sessionId":"cf25b3","id":"log_347878270547","timestamp":347878270547,"location":"AuraPlayerController.cpp:AbilityInputHeld","message":"Input held","data":{"InputTag":"InputTag.RMB","bRightMouseDown":true},"runId":"run1"}
{"sessionId":"cf25b3","id":"log_347878346784","timestamp":347878346784,"location":"AuraPlayerController.cpp:Look","message":"Look invoked","data":{"x":-0.42000,"y":0.00000,"bRightMouseDown":true,"hypothesisId":"A"},"runId":"run1"}
{"sessionId":"cf25b3","id":"log_347878351053","timestamp":347878351053,"location":"AuraPlayerController.cpp:AbilityInputHeld","message":"Input held","data":{"InputTag":"InputTag.LMB","bRightMouseDown":true},"runId":"run1"}
{"sessionId":"cf25b3","id":"log_347878353919","timestamp":347878353919,"location":"AuraPlayerController.cpp:AbilityInputHeld","message":"Input held","data":{"InputTag":"InputTag.RMB","bRightMouseDown":true},"runId":"run1"}
{"sessionId":"cf25b3","id":"log_347878429397","timestamp":347878429397,"location":"AuraPlayerController.cpp:Look","message":"Look invoked","data":{"x":-0.28000,"y":0.00000,"bRightMouseDown":true,"hypothesisId":"A"},"runId":"run1"}
{"sessionId":"cf25b3","id":"log_347878434172","timestamp":347878434172,"location":"AuraPlayerController.cpp:AbilityInputHeld","message":"Input held","data":{"InputTag":"InputTag.LMB","bRightMouseDown":true},"runId":"run1"}
{"sessionId":"cf25b3","id":"log_347878436581","timestamp":347878436581,"location":"AuraPlayerController.cpp:AbilityInputHeld","message":"Input held","data":{"InputTag":"InputTag.RMB","bRightMouseDown":true},"runId":"run1"}
{"sessionId":"cf25b3","id":"log_347878513786","timestamp":347878513786,"location":"AuraPlayerController.cpp:Look","message":"Look invoked","data":{"x":-0.70000,"y":0.00000,"bRightMouseDown":true,"hypothesisId":"A"},"runId":"run1"}
{"sessionId":"cf25b3","id":"log_347878517794","timestamp":347878517794,"location":"AuraPlayerController.cpp:AbilityInputHeld","message":"Input held","data":{"InputTag":"InputTag.LMB","bRightMouseDown":true},"runId":"run1"}
{"sessionId":"cf25b3","id":"log_347878523085","timestamp":347878523085,"location":"AuraPlayerController.cpp:AbilityInputHeld","message":"Input held","data":{"InputTag":"InputTag.RMB","bRightMouseDown":true},"runId":"run1"}
{"sessionId":"cf25b3","id":"log_347878596148","timestamp":347878596148,"location":"AuraPlayerController.cpp:Look","message":"Look invoked","data":{"x":-0.35000,"y":0.00000,"bRightMouseDown":true,"hypothesisId":"A"},"runId":"run1"}
{"sessionId":"cf25b3","id":"log_347878599738","timestamp":347878599738,"location":"AuraPlayerController.cpp:AbilityInputHeld","message":"Input held","data":{"InputTag":"InputTag.LMB","bRightMouseDown":true},"runId":"run1"}
{"sessionId":"cf25b3","id":"log_347878602798","timestamp":347878602798,"location":"AuraPlayerController.cpp:AbilityInputHeld","message":"Input held","data":{"InputTag":"InputTag.RMB","bRightMouseDown":true},"runId":"run1"}
{"sessionId":"cf25b3","id":"log_347878680001","timestamp":347878680001,"location":"AuraPlayerController.cpp:Look","message":"Look invoked","data":{"x":-0.28000,"y":0.00000,"bRightMouseDown":true,"hypothesisId":"A"},"runId":"run1"}
{"sessionId":"cf25b3","id":"log_347878683972","timestamp":347878683972,"location":"AuraPlayerController.cpp:AbilityInputHeld","message":"Input held","data":{"InputTag":"InputTag.LMB","bRightMouseDown":true},"runId":"run1"}
{"sessionId":"cf25b3","id":"log_347878687127","timestamp":347878687127,"location":"AuraPlayerController.cpp:AbilityInputHeld","message":"Input held","data":{"InputTag":"InputTag.RMB","bRightMouseDown":true},"runId":"run1"}
{"sessionId":"cf25b3","id":"log_347878762748","timestamp":347878762748,"location":"AuraPlayerController.cpp:Look","message":"Look invoked","data":{"x":-0.49000,"y":0.00000,"bRightMouseDown":true,"hypothesisId":"A"},"runId":"run1"}
{"sessionId":"cf25b3","id":"log_347878766694","timestamp":347878766694,"location":"AuraPlayerController.cpp:AbilityInputHeld","message":"Input held","data":{"InputTag":"InputTag.LMB","bRightMouseDown":true},"runId":"run1"}
{"sessionId":"cf25b3","id":"log_347878770202","timestamp":347878770202,"location":"AuraPlayerController.cpp:AbilityInputHeld","message":"Input held","data":{"InputTag":"InputTag.RMB","bRightMouseDown":true},"runId":"run1"}
{"sessionId":"cf25b3","id":"log_347878846048","timestamp":347878846048,"location":"AuraPlayerController.cpp:Look","message":"Look invoked","data":{"x":-0.28000,"y":0.00000,"bRightMouseDown":true,"hypothesisId":"A"},"runId":"run1"}
{"sessionId":"cf25b3","id":"log_347878849669","timestamp":347878849669,"location":"AuraPlayerController.cpp:AbilityInputHeld","message":"Input held","data":{"InputTag":"InputTag.LMB","bRightMouseDown":true},"runId":"run1"}
{"sessionId":"cf25b3","id":"log_347878852562","timestamp":347878852562,"location":"AuraPlayerController.cpp:AbilityInputHeld","message":"Input held","data":{"InputTag":"InputTag.RMB","bRightMouseDown":true},"runId":"run1"}
{"sessionId":"cf25b3","id":"log_347878930949","timestamp":347878930949,"location":"AuraPlayerController.cpp:Look","message":"Look invoked","data":{"x":-0.28000,"y":0.00000,"bRightMouseDown":true,"hypothesisId":"A"},"runId":"run1"}
{"sessionId":"cf25b3","id":"log_347878936401","timestamp":347878936401,"location":"AuraPlayerController.cpp:AbilityInputHeld","message":"Input held","data":{"InputTag":"InputTag.LMB","bRightMouseDown":true},"runId":"run1"}
{"sessionId":"cf25b3","id":"log_347878939137","timestamp":347878939137,"location":"AuraPlayerController.cpp:AbilityInputHeld","message":"Input held","data":{"InputTag":"InputTag.RMB","bRightMouseDown":true},"runId":"run1"}
{"sessionId":"cf25b3","id":"log_347879013524","timestamp":347879013524,"location":"AuraPlayerController.cpp:Look","message":"Look invoked","data":{"x":-0.56000,"y":0.00000,"bRightMouseDown":true,"hypothesisId":"A"},"runId":"run1"}
{"sessionId":"cf25b3","id":"log_347879017176","timestamp":347879017176,"location":"AuraPlayerController.cpp:AbilityInputHeld","message":"Input held","data":{"InputTag":"InputTag.LMB","bRightMouseDown":true},"runId":"run1"}
{"sessionId":"cf25b3","id":"log_347879020443","timestamp":347879020443,"location":"AuraPlayerController.cpp:AbilityInputHeld","message":"Input held","data":{"InputTag":"InputTag.RMB","bRightMouseDown":true},"runId":"run1"}
{"sessionId":"cf25b3","id":"log_347879096297","timestamp":347879096297,"location":"AuraPlayerController.cpp:Look","message":"Look invoked","data":{"x":-0.42000,"y":0.00000,"bRightMouseDown":true,"hypothesisId":"A"},"runId":"run1"}
{"sessionId":"cf25b3","id":"log_347879100074","timestamp":347879100074,"location":"AuraPlayerController.cpp:AbilityInputHeld","message":"Input held","data":{"InputTag":"InputTag.LMB","bRightMouseDown":true},"runId":"run1"}
{"sessionId":"cf25b3","id":"log_347879102877","timestamp":347879102877,"location":"AuraPlayerController.cpp:AbilityInputHeld","message":"Input held","data":{"InputTag":"InputTag.RMB","bRightMouseDown":true},"runId":"run1"}
{"sessionId":"cf25b3","id":"log_347879180579","timestamp":347879180579,"location":"AuraPlayerController.cpp:Look","message":"Look invoked","data":{"x":-0.35000,"y":0.00000,"bRightMouseDown":true,"hypothesisId":"A"},"runId":"run1"}
{"sessionId":"cf25b3","id":"log_347879184199","timestamp":347879184199,"location":"AuraPlayerController.cpp:AbilityInputHeld","message":"Input held","data":{"InputTag":"InputTag.LMB","bRightMouseDown":true},"runId":"run1"}
{"sessionId":"cf25b3","id":"log_347879187686","timestamp":347879187686,"location":"AuraPlayerController.cpp:AbilityInputHeld","message":"Input held","data":{"InputTag":"InputTag.RMB","bRightMouseDown":true},"runId":"run1"}
{"sessionId":"cf25b3","id":"log_347879262882","timestamp":347879262882,"location":"AuraPlayerController.cpp:Look","message":"Look invoked","data":{"x":-0.63000,"y":0.00000,"bRightMouseDown":true,"hypothesisId":"A"},"runId":"run1"}
{"sessionId":"cf25b3","id":"log_347879266151","timestamp":347879266151,"location":"AuraPlayerController.cpp:AbilityInputHeld","message":"Input held","data":{"InputTag":"InputTag.LMB","bRightMouseDown":true},"runId":"run1"}
{"sessionId":"cf25b3","id":"log_347879269655","timestamp":347879269655,"location":"AuraPlayerController.cpp:AbilityInputHeld","message":"Input held","data":{"InputTag":"InputTag.RMB","bRightMouseDown":true},"runId":"run1"}
{"sessionId":"cf25b3","id":"log_347879346324","timestamp":347879346324,"location":"AuraPlayerController.cpp:Look","message":"Look invoked","data":{"x":-0.35000,"y":0.00000,"bRightMouseDown":true,"hypothesisId":"A"},"runId":"run1"}
{"sessionId":"cf25b3","id":"log_347879350814","timestamp":347879350814,"location":"AuraPlayerController.cpp:AbilityInputHeld","message":"Input held","data":{"InputTag":"InputTag.LMB","bRightMouseDown":true},"runId":"run1"}
{"sessionId":"cf25b3","id":"log_347879353273","timestamp":347879353273,"location":"AuraPlayerController.cpp:AbilityInputHeld","message":"Input held","data":{"InputTag":"InputTag.RMB","bRightMouseDown":true},"runId":"run1"}
{"sessionId":"cf25b3","id":"log_347879429682","timestamp":347879429682,"location":"AuraPlayerController.cpp:Look","message":"Look invoked","data":{"x":-0.42000,"y":0.00000,"bRightMouseDown":true,"hypothesisId":"A"},"runId":"run1"}
{"sessionId":"cf25b3","id":"log_347879433596","timestamp":347879433596,"location":"AuraPlayerController.cpp:AbilityInputHeld","message":"Input held","data":{"InputTag":"InputTag.LMB","bRightMouseDown":true},"runId":"run1"}
{"sessionId":"cf25b3","id":"log_347879436502","timestamp":347879436502,"location":"AuraPlayerController.cpp:AbilityInputHeld","message":"Input held","data":{"InputTag":"InputTag.RMB","bRightMouseDown":true},"runId":"run1"}
{"sessionId":"cf25b3","id":"log_347879513032","timestamp":347879513032,"location":"AuraPlayerController.cpp:Look","message":"Look invoked","data":{"x":-0.49000,"y":0.00000,"bRightMouseDown":true,"hypothesisId":"A"},"runId":"run1"}
{"sessionId":"cf25b3","id":"log_347879517539","timestamp":347879517539,"location":"AuraPlayerController.cpp:AbilityInputHeld","message":"Input held","data":{"InputTag":"InputTag.LMB","bRightMouseDown":true},"runId":"run1"}
{"sessionId":"cf25b3","id":"log_347879520411","timestamp":347879520411,"location":"AuraPlayerController.cpp:AbilityInputHeld","message":"Input held","data":{"InputTag":"InputTag.RMB","bRightMouseDown":true},"runId":"run1"}
{"sessionId":"cf25b3","id":"log_347879596402","timestamp":347879596402,"location":"AuraPlayerController.cpp:Look","message":"Look invoked","data":{"x":-0.35000,"y":0.00000,"bRightMouseDown":true,"hypothesisId":"A"},"runId":"run1"}
{"sessionId":"cf25b3","id":"log_347879601810","timestamp":347879601810,"location":"AuraPlayerController.cpp:AbilityInputHeld","message":"Input held","data":{"InputTag":"InputTag.LMB","bRightMouseDown":true},"runId":"run1"}
{"sessionId":"cf25b3","id":"log_347879604164","timestamp":347879604164,"location":"AuraPlayerController.cpp:AbilityInputHeld","message":"Input held","data":{"InputTag":"InputTag.RMB","bRightMouseDown":true},"runId":"run1"}
{"sessionId":"cf25b3","id":"log_347879679915","timestamp":347879679915,"location":"AuraPlayerController.cpp:Look","message":"Look invoked","data":{"x":-0.28000,"y":0.00000,"bRightMouseDown":true,"hypothesisId":"A"},"runId":"run1"}
{"sessionId":"cf25b3","id":"log_347879683377","timestamp":347879683377,"location":"AuraPlayerController.cpp:AbilityInputHeld","message":"Input held","data":{"InputTag":"InputTag.LMB","bRightMouseDown":true},"runId":"run1"}
{"sessionId":"cf25b3","id":"log_347879685990","timestamp":347879685990,"location":"AuraPlayerController.cpp:AbilityInputHeld","message":"Input held","data":{"InputTag":"InputTag.RMB","bRightMouseDown":true},"runId":"run1"}
{"sessionId":"cf25b3","id":"log_347879762761","timestamp":347879762761,"location":"AuraPlayerController.cpp:Look","message":"Look invoked","data":{"x":-0.49000,"y":0.00000,"bRightMouseDown":true,"hypothesisId":"A"},"runId":"run1"}
{"sessionId":"cf25b3","id":"log_347879766303","timestamp":347879766303,"location":"AuraPlayerController.cpp:AbilityInputHeld","message":"Input held","data":{"InputTag":"InputTag.LMB","bRightMouseDown":true},"runId":"run1"}
{"sessionId":"cf25b3","id":"log_347879768963","timestamp":347879768963,"location":"AuraPlayerController.cpp:AbilityInputHeld","message":"Input held","data":{"InputTag":"InputTag.RMB","bRightMouseDown":true},"runId":"run1"}
{"sessionId":"cf25b3","id":"log_347879846174","timestamp":347879846174,"location":"AuraPlayerController.cpp:Look","message":"Look invoked","data":{"x":-0.28000,"y":0.00000,"bRightMouseDown":true,"hypothesisId":"A"},"runId":"run1"}
{"sessionId":"cf25b3","id":"log_347879849703","timestamp":347879849703,"location":"AuraPlayerController.cpp:AbilityInputHeld","message":"Input held","data":{"InputTag":"InputTag.LMB","bRightMouseDown":true},"runId":"run1"}
{"sessionId":"cf25b3","id":"log_347879853118","timestamp":347879853118,"location":"AuraPlayerController.cpp:AbilityInputHeld","message":"Input held","data":{"InputTag":"InputTag.RMB","bRightMouseDown":true},"runId":"run1"}
{"sessionId":"cf25b3","id":"log_347879931246","timestamp":347879931246,"location":"AuraPlayerController.cpp:Look","message":"Look invoked","data":{"x":-0.28000,"y":0.00000,"bRightMouseDown":true,"hypothesisId":"A"},"runId":"run1"}
{"sessionId":"cf25b3","id":"log_347879934110","timestamp":347879934110,"location":"AuraPlayerController.cpp:AbilityInputHeld","message":"Input held","data":{"InputTag":"InputTag.LMB","bRightMouseDown":true},"runId":"run1"}
{"sessionId":"cf25b3","id":"log_347879937366","timestamp":347879937366,"location":"AuraPlayerController.cpp:AbilityInputHeld","message":"Input held","data":{"InputTag":"InputTag.RMB","bRightMouseDown":true},"runId":"run1"}
{"sessionId":"cf25b3","id":"log_347880014729","timestamp":347880014729,"location":"AuraPlayerController.cpp:Look","message":"Look invoked","data":{"x":-0.63000,"y":0.00000,"bRightMouseDown":true,"hypothesisId":"A"},"runId":"run1"}
{"sessionId":"cf25b3","id":"log_347880018788","timestamp":347880018788,"location":"AuraPlayerController.cpp:AbilityInputHeld","message":"Input held","data":{"InputTag":"InputTag.LMB","bRightMouseDown":true},"runId":"run1"}
{"sessionId":"cf25b3","id":"log_347880021837","timestamp":347880021837,"location":"AuraPlayerController.cpp:AbilityInputHeld","message":"Input held","data":{"InputTag":"InputTag.RMB","bRightMouseDown":true},"runId":"run1"}
{"sessionId":"cf25b3","id":"log_347880096655","timestamp":347880096655,"location":"AuraPlayerController.cpp:Look","message":"Look invoked","data":{"x":-0.28000,"y":0.00000,"bRightMouseDown":true,"hypothesisId":"A"},"runId":"run1"}
{"sessionId":"cf25b3","id":"log_347880101520","timestamp":347880101520,"location":"AuraPlayerController.cpp:AbilityInputHeld","message":"Input held","data":{"InputTag":"InputTag.LMB","bRightMouseDown":true},"runId":"run1"}
{"sessionId":"cf25b3","id":"log_347880104756","timestamp":347880104756,"location":"AuraPlayerController.cpp:AbilityInputHeld","message":"Input held","data":{"InputTag":"InputTag.RMB","bRightMouseDown":true},"runId":"run1"}
{"sessionId":"cf25b3","id":"log_347880181177","timestamp":347880181177,"location":"AuraPlayerController.cpp:Look","message":"Look invoked","data":{"x":-0.49000,"y":0.00000,"bRightMouseDown":true,"hypothesisId":"A"},"runId":"run1"}
{"sessionId":"cf25b3","id":"log_347880184411","timestamp":347880184411,"location":"AuraPlayerController.cpp:AbilityInputHeld","message":"Input held","data":{"InputTag":"InputTag.LMB","bRightMouseDown":true},"runId":"run1"}
{"sessionId":"cf25b3","id":"log_347880188585","timestamp":347880188585,"location":"AuraPlayerController.cpp:AbilityInputHeld","message":"Input held","data":{"InputTag":"InputTag.RMB","bRightMouseDown":true},"runId":"run1"}
{"sessionId":"cf25b3","id":"log_347880263910","timestamp":347880263910,"location":"AuraPlayerController.cpp:Look","message":"Look invoked","data":{"x":-0.77000,"y":0.00000,"bRightMouseDown":true,"hypothesisId":"A"},"runId":"run1"}
{"sessionId":"cf25b3","id":"log_347880270601","timestamp":347880270601,"location":"AuraPlayerController.cpp:AbilityInputHeld","message":"Input held","data":{"InputTag":"InputTag.LMB","bRightMouseDown":true},"runId":"run1"}
{"sessionId":"cf25b3","id":"log_347880273252","timestamp":347880273252,"location":"AuraPlayerController.cpp:AbilityInputHeld","message":"Input held","data":{"InputTag":"InputTag.RMB","bRightMouseDown":true},"runId":"run1"}
{"sessionId":"cf25b3","id":"log_347880346905","timestamp":347880346905,"location":"AuraPlayerController.cpp:Look","message":"Look invoked","data":{"x":-0.35000,"y":0.00000,"bRightMouseDown":true,"hypothesisId":"A"},"runId":"run1"}
{"sessionId":"cf25b3","id":"log_347880350171","timestamp":347880350171,"location":"AuraPlayerController.cpp:AbilityInputHeld","message":"Input held","data":{"InputTag":"InputTag.LMB","bRightMouseDown":true},"runId":"run1"}
{"sessionId":"cf25b3","id":"log_347880353252","timestamp":347880353252,"location":"AuraPlayerController.cpp:AbilityInputHeld","message":"Input held","data":{"InputTag":"InputTag.RMB","bRightMouseDown":true},"runId":"run1"}
{"sessionId":"cf25b3","id":"log_347880429796","timestamp":347880429796,"location":"AuraPlayerController.cpp:Look","message":"Look invoked","data":{"x":-0.42000,"y":0.00000,"bRightMouseDown":true,"hypothesisId":"A"},"runId":"run1"}
{"sessionId":"cf25b3","id":"log_347880434201","timestamp":347880434201,"location":"AuraPlayerController.cpp:AbilityInputHeld","message":"Input held","data":{"InputTag":"InputTag.LMB","bRightMouseDown":true},"runId":"run1"}
{"sessionId":"cf25b3","id":"log_347880436805","timestamp":347880436805,"location":"AuraPlayerController.cpp:AbilityInputHeld","message":"Input held","data":{"InputTag":"InputTag.RMB","bRightMouseDown":true},"runId":"run1"}
{"sessionId":"cf25b3","id":"log_347880513875","timestamp":347880513875,"location":"AuraPlayerController.cpp:Look","message":"Look invoked","data":{"x":-0.63000,"y":0.00000,"bRightMouseDown":true,"hypothesisId":"A"},"runId":"run1"}
{"sessionId":"cf25b3","id":"log_347880518435","timestamp":347880518435,"location":"AuraPlayerController.cpp:AbilityInputHeld","message":"Input held","data":{"InputTag":"InputTag.LMB","bRightMouseDown":true},"runId":"run1"}
{"sessionId":"cf25b3","id":"log_347880522615","timestamp":347880522615,"location":"AuraPlayerController.cpp:AbilityInputHeld","message":"Input held","data":{"InputTag":"InputTag.RMB","bRightMouseDown":true},"runId":"run1"}
{"sessionId":"cf25b3","id":"log_347880596711","timestamp":347880596711,"location":"AuraPlayerController.cpp:Look","message":"Look invoked","data":{"x":-0.28000,"y":0.00000,"bRightMouseDown":true,"hypothesisId":"A"},"runId":"run1"}
{"sessionId":"cf25b3","id":"log_347880600233","timestamp":347880600233,"location":"AuraPlayerController.cpp:AbilityInputHeld","message":"Input held","data":{"InputTag":"InputTag.LMB","bRightMouseDown":true},"runId":"run1"}
{"sessionId":"cf25b3","id":"log_347880603120","timestamp":347880603120,"location":"AuraPlayerController.cpp:AbilityInputHeld","message":"Input held","data":{"InputTag":"InputTag.RMB","bRightMouseDown":true},"runId":"run1"}
{"sessionId":"cf25b3","id":"log_347880680286","timestamp":347880680286,"location":"AuraPlayerController.cpp:Look","message":"Look invoked","data":{"x":-0.21000,"y":0.00000,"bRightMouseDown":true,"hypothesisId":"A"},"runId":"run1"}
{"sessionId":"cf25b3","id":"log_347880684220","timestamp":347880684220,"location":"AuraPlayerController.cpp:AbilityInputHeld","message":"Input held","data":{"InputTag":"InputTag.LMB","bRightMouseDown":true},"runId":"run1"}
{"sessionId":"cf25b3","id":"log_347880687731","timestamp":347880687731,"location":"AuraPlayerController.cpp:AbilityInputHeld","message":"Input held","data":{"InputTag":"InputTag.RMB","bRightMouseDown":true},"runId":"run1"}
{"sessionId":"cf25b3","id":"log_347880763450","timestamp":347880763450,"location":"AuraPlayerController.cpp:Look","message":"Look invoked","data":{"x":-0.21000,"y":0.00000,"bRightMouseDown":true,"hypothesisId":"A"},"runId":"run1"}
{"sessionId":"cf25b3","id":"log_347880767769","timestamp":347880767769,"location":"AuraPlayerController.cpp:AbilityInputHeld","message":"Input held","data":{"InputTag":"InputTag.LMB","bRightMouseDown":true},"runId":"run1"}
{"sessionId":"cf25b3","id":"log_347880771321","timestamp":347880771321,"location":"AuraPlayerController.cpp:AbilityInputHeld","message":"Input held","data":{"InputTag":"InputTag.RMB","bRightMouseDown":true},"runId":"run1"}
{"sessionId":"cf25b3","id":"log_347880846270","timestamp":347880846270,"location":"AuraPlayerController.cpp:Look","message":"Look invoked","data":{"x":-0.07000,"y":0.00000,"bRightMouseDown":true,"hypothesisId":"A"},"runId":"run1"}
{"sessionId":"cf25b3","id":"log_347880850210","timestamp":347880850210,"location":"AuraPlayerController.cpp:AbilityInputHeld","message":"Input held","data":{"InputTag":"InputTag.LMB","bRightMouseDown":true},"runId":"run1"}
{"sessionId":"cf25b3","id":"log_347880853962","timestamp":347880853962,"location":"AuraPlayerController.cpp:AbilityInputHeld","message":"Input held","data":{"InputTag":"InputTag.RMB","bRightMouseDown":true},"runId":"run1"}
{"sessionId":"cf25b3","id":"log_347880928782","timestamp":347880928782,"location":"AuraPlayerController.cpp:AbilityInputHeld","message":"Input held","data":{"InputTag":"InputTag.LMB","bRightMouseDown":true},"runId":"run1"}
{"sessionId":"cf25b3","id":"log_347880933600","timestamp":347880933600,"location":"AuraPlayerController.cpp:AbilityInputReleased","message":"Input released","data":{"InputTag":"InputTag.RMB","bRightMouseDown":true},"runId":"run1"}
{"sessionId":"cf25b3","id":"log_347881011442","timestamp":347881011442,"location":"AuraPlayerController.cpp:AbilityInputHeld","message":"Input held","data":{"InputTag":"InputTag.LMB","bRightMouseDown":false},"runId":"run1"}
{"sessionId":"cf25b3","id":"log_347881094816","timestamp":347881094816,"location":"AuraPlayerController.cpp:AbilityInputHeld","message":"Input held","data":{"InputTag":"InputTag.LMB","bRightMouseDown":false},"runId":"run1"}
{"sessionId":"cf25b3","id":"log_347881178385","timestamp":347881178385,"location":"AuraPlayerController.cpp:AbilityInputHeld","message":"Input held","data":{"InputTag":"InputTag.LMB","bRightMouseDown":false},"runId":"run1"}
{"sessionId":"cf25b3","id":"log_347881262236","timestamp":347881262236,"location":"AuraPlayerController.cpp:AbilityInputHeld","message":"Input held","data":{"InputTag":"InputTag.LMB","bRightMouseDown":false},"runId":"run1"}
{"sessionId":"cf25b3","id":"log_347881344798","timestamp":347881344798,"location":"AuraPlayerController.cpp:AbilityInputHeld","message":"Input held","data":{"InputTag":"InputTag.LMB","bRightMouseDown":false},"runId":"run1"}
{"sessionId":"cf25b3","id":"log_347881428181","timestamp":347881428181,"location":"AuraPlayerController.cpp:AbilityInputHeld","message":"Input held","data":{"InputTag":"InputTag.LMB","bRightMouseDown":false},"runId":"run1"}
{"sessionId":"cf25b3","id":"log_347881511567","timestamp":347881511567,"location":"AuraPlayerController.cpp:AbilityInputHeld","message":"Input held","data":{"InputTag":"InputTag.LMB","bRightMouseDown":false},"runId":"run1"}
{"sessionId":"cf25b3","id":"log_347881594980","timestamp":347881594980,"location":"AuraPlayerController.cpp:AbilityInputHeld","message":"Input held","data":{"InputTag":"InputTag.LMB","bRightMouseDown":false},"runId":"run1"}
{"sessionId":"cf25b3","id":"log_347881678709","timestamp":347881678709,"location":"AuraPlayerController.cpp:AbilityInputHeld","message":"Input held","data":{"InputTag":"InputTag.LMB","bRightMouseDown":false},"runId":"run1"}
{"sessionId":"cf25b3","id":"log_347881762662","timestamp":347881762662,"location":"AuraPlayerController.cpp:AbilityInputHeld","message":"Input held","data":{"InputTag":"InputTag.LMB","bRightMouseDown":false},"runId":"run1"}
{"sessionId":"cf25b3","id":"log_347881844827","timestamp":347881844827,"location":"AuraPlayerController.cpp:AbilityInputHeld","message":"Input held","data":{"InputTag":"InputTag.LMB","bRightMouseDown":false},"runId":"run1"}
{"sessionId":"cf25b3","id":"log_347881928248","timestamp":347881928248,"location":"AuraPlayerController.cpp:AbilityInputHeld","message":"Input held","data":{"InputTag":"InputTag.LMB","bRightMouseDown":false},"runId":"run1"}
{"sessionId":"cf25b3","id":"log_347882013061","timestamp":347882013061,"location":"AuraPlayerController.cpp:Look","message":"Look invoked","data":{"x":0.07000,"y":0.00000,"bRightMouseDown":false,"hypothesisId":"A"},"runId":"run1"}
{"sessionId":"cf25b3","id":"log_347882017294","timestamp":347882017294,"location":"AuraPlayerController.cpp:AbilityInputHeld","message":"Input held","data":{"InputTag":"InputTag.LMB","bRightMouseDown":false},"runId":"run1"}
{"sessionId":"cf25b3","id":"log_347882020599","timestamp":347882020599,"location":"AuraPlayerController.cpp:AbilityInputHeld","message":"Input held","data":{"InputTag":"InputTag.RMB","bRightMouseDown":false},"runId":"run1"}
{"sessionId":"cf25b3","id":"log_347882096650","timestamp":347882096650,"location":"AuraPlayerController.cpp:Look","message":"Look invoked","data":{"x":0.14000,"y":0.00000,"bRightMouseDown":true,"hypothesisId":"A"},"runId":"run1"}
{"sessionId":"cf25b3","id":"log_347882100337","timestamp":347882100337,"location":"AuraPlayerController.cpp:AbilityInputHeld","message":"Input held","data":{"InputTag":"InputTag.LMB","bRightMouseDown":true},"runId":"run1"}
{"sessionId":"cf25b3","id":"log_347882103157","timestamp":347882103157,"location":"AuraPlayerController.cpp:AbilityInputHeld","message":"Input held","data":{"InputTag":"InputTag.RMB","bRightMouseDown":true},"runId":"run1"}
{"sessionId":"cf25b3","id":"log_347882179893","timestamp":347882179893,"location":"AuraPlayerController.cpp:Look","message":"Look invoked","data":{"x":0.14000,"y":0.00000,"bRightMouseDown":true,"hypothesisId":"A"},"runId":"run1"}
{"sessionId":"cf25b3","id":"log_347882183958","timestamp":347882183958,"location":"AuraPlayerController.cpp:AbilityInputHeld","message":"Input held","data":{"InputTag":"InputTag.LMB","bRightMouseDown":true},"runId":"run1"}
{"sessionId":"cf25b3","id":"log_347882187242","timestamp":347882187242,"location":"AuraPlayerController.cpp:AbilityInputHeld","message":"Input held","data":{"InputTag":"InputTag.RMB","bRightMouseDown":true},"runId":"run1"}
{"sessionId":"cf25b3","id":"log_347882263029","timestamp":347882263029,"location":"AuraPlayerController.cpp:Look","message":"Look invoked","data":{"x":0.35000,"y":0.00000,"bRightMouseDown":true,"hypothesisId":"A"},"runId":"run1"}
{"sessionId":"cf25b3","id":"log_347882266719","timestamp":347882266719,"location":"AuraPlayerController.cpp:AbilityInputHeld","message":"Input held","data":{"InputTag":"InputTag.LMB","bRightMouseDown":true},"runId":"run1"}
{"sessionId":"cf25b3","id":"log_347882269453","timestamp":347882269453,"location":"AuraPlayerController.cpp:AbilityInputHeld","message":"Input held","data":{"InputTag":"InputTag.RMB","bRightMouseDown":true},"runId":"run1"}
{"sessionId":"cf25b3","id":"log_347882346244","timestamp":347882346244,"location":"AuraPlayerController.cpp:Look","message":"Look invoked","data":{"x":0.35000,"y":0.00000,"bRightMouseDown":true,"hypothesisId":"A"},"runId":"run1"}
{"sessionId":"cf25b3","id":"log_347882351151","timestamp":347882351151,"location":"AuraPlayerController.cpp:AbilityInputHeld","message":"Input held","data":{"InputTag":"InputTag.LMB","bRightMouseDown":true},"runId":"run1"}
{"sessionId":"cf25b3","id":"log_347882354198","timestamp":347882354198,"location":"AuraPlayerController.cpp:AbilityInputHeld","message":"Input held","data":{"InputTag":"InputTag.RMB","bRightMouseDown":true},"runId":"run1"}
{"sessionId":"cf25b3","id":"log_347882429678","timestamp":347882429678,"location":"AuraPlayerController.cpp:Look","message":"Look invoked","data":{"x":0.49000,"y":0.00000,"bRightMouseDown":true,"hypothesisId":"A"},"runId":"run1"}
{"sessionId":"cf25b3","id":"log_347882433368","timestamp":347882433368,"location":"AuraPlayerController.cpp:AbilityInputHeld","message":"Input held","data":{"InputTag":"InputTag.LMB","bRightMouseDown":true},"runId":"run1"}
{"sessionId":"cf25b3","id":"log_347882436630","timestamp":347882436630,"location":"AuraPlayerController.cpp:AbilityInputHeld","message":"Input held","data":{"InputTag":"InputTag.RMB","bRightMouseDown":true},"runId":"run1"}
{"sessionId":"cf25b3","id":"log_347882514741","timestamp":347882514741,"location":"AuraPlayerController.cpp:Look","message":"Look invoked","data":{"x":1.19000,"y":0.00000,"bRightMouseDown":true,"hypothesisId":"A"},"runId":"run1"}
{"sessionId":"cf25b3","id":"log_347882518551","timestamp":347882518551,"location":"AuraPlayerController.cpp:AbilityInputHeld","message":"Input held","data":{"InputTag":"InputTag.LMB","bRightMouseDown":true},"runId":"run1"}
{"sessionId":"cf25b3","id":"log_347882521957","timestamp":347882521957,"location":"AuraPlayerController.cpp:AbilityInputHeld","message":"Input held","data":{"InputTag":"InputTag.RMB","bRightMouseDown":true},"runId":"run1"}
{"sessionId":"cf25b3","id":"log_347882597522","timestamp":347882597522,"location":"AuraPlayerController.cpp:Look","message":"Look invoked","data":{"x":0.70000,"y":0.00000,"bRightMouseDown":true,"hypothesisId":"A"},"runId":"run1"}
{"sessionId":"cf25b3","id":"log_347882603367","timestamp":347882603367,"location":"AuraPlayerController.cpp:AbilityInputHeld","message":"Input held","data":{"InputTag":"InputTag.LMB","bRightMouseDown":true},"runId":"run1"}
{"sessionId":"cf25b3","id":"log_347882605971","timestamp":347882605971,"location":"AuraPlayerController.cpp:AbilityInputHeld","message":"Input held","data":{"InputTag":"InputTag.RMB","bRightMouseDown":true},"runId":"run1"}
{"sessionId":"cf25b3","id":"log_347882682553","timestamp":347882682553,"location":"AuraPlayerController.cpp:Look","message":"Look invoked","data":{"x":0.91000,"y":0.00000,"bRightMouseDown":true,"hypothesisId":"A"},"runId":"run1"}
{"sessionId":"cf25b3","id":"log_347882687583","timestamp":347882687583,"location":"AuraPlayerController.cpp:AbilityInputHeld","message":"Input held","data":{"InputTag":"InputTag.LMB","bRightMouseDown":true},"runId":"run1"}
{"sessionId":"cf25b3","id":"log_347882690208","timestamp":347882690208,"location":"AuraPlayerController.cpp:AbilityInputHeld","message":"Input held","data":{"InputTag":"InputTag.RMB","bRightMouseDown":true},"runId":"run1"}
{"sessionId":"cf25b3","id":"log_347882765706","timestamp":347882765706,"location":"AuraPlayerController.cpp:Look","message":"Look invoked","data":{"x":1.75000,"y":0.00000,"bRightMouseDown":true,"hypothesisId":"A"},"runId":"run1"}
{"sessionId":"cf25b3","id":"log_347882771728","timestamp":347882771728,"location":"AuraPlayerController.cpp:AbilityInputHeld","message":"Input held","data":{"InputTag":"InputTag.LMB","bRightMouseDown":true},"runId":"run1"}
{"sessionId":"cf25b3","id":"log_347882774486","timestamp":347882774486,"location":"AuraPlayerController.cpp:AbilityInputHeld","message":"Input held","data":{"InputTag":"InputTag.RMB","bRightMouseDown":true},"runId":"run1"}
{"sessionId":"cf25b3","id":"log_347882847569","timestamp":347882847569,"location":"AuraPlayerController.cpp:Look","message":"Look invoked","data":{"x":0.98000,"y":0.00000,"bRightMouseDown":true,"hypothesisId":"A"},"runId":"run1"}
{"sessionId":"cf25b3","id":"log_347882852000","timestamp":347882852000,"location":"AuraPlayerController.cpp:AbilityInputHeld","message":"Input held","data":{"InputTag":"InputTag.LMB","bRightMouseDown":true},"runId":"run1"}
{"sessionId":"cf25b3","id":"log_347882854699","timestamp":347882854699,"location":"AuraPlayerController.cpp:AbilityInputHeld","message":"Input held","data":{"InputTag":"InputTag.RMB","bRightMouseDown":true},"runId":"run1"}
{"sessionId":"cf25b3","id":"log_347882930545","timestamp":347882930545,"location":"AuraPlayerController.cpp:Look","message":"Look invoked","data":{"x":0.70000,"y":0.00000,"bRightMouseDown":true,"hypothesisId":"A"},"runId":"run1"}
{"sessionId":"cf25b3","id":"log_347882936525","timestamp":347882936525,"location":"AuraPlayerController.cpp:AbilityInputHeld","message":"Input held","data":{"InputTag":"InputTag.LMB","bRightMouseDown":true},"runId":"run1"}
{"sessionId":"cf25b3","id":"log_347882939394","timestamp":347882939394,"location":"AuraPlayerController.cpp:AbilityInputHeld","message":"Input held","data":{"InputTag":"InputTag.RMB","bRightMouseDown":true},"runId":"run1"}
{"sessionId":"cf25b3","id":"log_347883015830","timestamp":347883015830,"location":"AuraPlayerController.cpp:Look","message":"Look invoked","data":{"x":1.75000,"y":0.00000,"bRightMouseDown":true,"hypothesisId":"A"},"runId":"run1"}
{"sessionId":"cf25b3","id":"log_347883020227","timestamp":347883020227,"location":"AuraPlayerController.cpp:AbilityInputHeld","message":"Input held","data":{"InputTag":"InputTag.LMB","bRightMouseDown":true},"runId":"run1"}
{"sessionId":"cf25b3","id":"log_347883024337","timestamp":347883024337,"location":"AuraPlayerController.cpp:AbilityInputHeld","message":"Input held","data":{"InputTag":"InputTag.RMB","bRightMouseDown":true},"runId":"run1"}
{"sessionId":"cf25b3","id":"log_347883097045","timestamp":347883097045,"location":"AuraPlayerController.cpp:Look","message":"Look invoked","data":{"x":0.84000,"y":0.00000,"bRightMouseDown":true,"hypothesisId":"A"},"runId":"run1"}
{"sessionId":"cf25b3","id":"log_347883100522","timestamp":347883100522,"location":"AuraPlayerController.cpp:AbilityInputHeld","message":"Input held","data":{"InputTag":"InputTag.LMB","bRightMouseDown":true},"runId":"run1"}
{"sessionId":"cf25b3","id":"log_347883103742","timestamp":347883103742,"location":"AuraPlayerController.cpp:AbilityInputHeld","message":"Input held","data":{"InputTag":"InputTag.RMB","bRightMouseDown":true},"runId":"run1"}
{"sessionId":"cf25b3","id":"log_347883180481","timestamp":347883180481,"location":"AuraPlayerController.cpp:Look","message":"Look invoked","data":{"x":0.70000,"y":0.00000,"bRightMouseDown":true,"hypothesisId":"A"},"runId":"run1"}
{"sessionId":"cf25b3","id":"log_347883184189","timestamp":347883184189,"location":"AuraPlayerController.cpp:AbilityInputHeld","message":"Input held","data":{"InputTag":"InputTag.LMB","bRightMouseDown":true},"runId":"run1"}
{"sessionId":"cf25b3","id":"log_347883186896","timestamp":347883186896,"location":"AuraPlayerController.cpp:AbilityInputHeld","message":"Input held","data":{"InputTag":"InputTag.RMB","bRightMouseDown":true},"runId":"run1"}
{"sessionId":"cf25b3","id":"log_347883266232","timestamp":347883266232,"location":"AuraPlayerController.cpp:Look","message":"Look invoked","data":{"x":1.40000,"y":0.00000,"bRightMouseDown":true,"hypothesisId":"A"},"runId":"run1"}
{"sessionId":"cf25b3","id":"log_347883270883","timestamp":347883270883,"location":"AuraPlayerController.cpp:AbilityInputHeld","message":"Input held","data":{"InputTag":"InputTag.LMB","bRightMouseDown":true},"runId":"run1"}
{"sessionId":"cf25b3","id":"log_347883274188","timestamp":347883274188,"location":"AuraPlayerController.cpp:AbilityInputHeld","message":"Input held","data":{"InputTag":"InputTag.RMB","bRightMouseDown":true},"runId":"run1"}
{"sessionId":"cf25b3","id":"log_347883346259","timestamp":347883346259,"location":"AuraPlayerController.cpp:Look","message":"Look invoked","data":{"x":0.63000,"y":0.00000,"bRightMouseDown":true,"hypothesisId":"A"},"runId":"run1"}
{"sessionId":"cf25b3","id":"log_347883350233","timestamp":347883350233,"location":"AuraPlayerController.cpp:AbilityInputHeld","message":"Input held","data":{"InputTag":"InputTag.LMB","bRightMouseDown":true},"runId":"run1"}
{"sessionId":"cf25b3","id":"log_347883353630","timestamp":347883353630,"location":"AuraPlayerController.cpp:AbilityInputHeld","message":"Input held","data":{"InputTag":"InputTag.RMB","bRightMouseDown":true},"runId":"run1"}
{"sessionId":"cf25b3","id":"log_347883430092","timestamp":347883430092,"location":"AuraPlayerController.cpp:Look","message":"Look invoked","data":{"x":0.63000,"y":0.00000,"bRightMouseDown":true,"hypothesisId":"A"},"runId":"run1"}
{"sessionId":"cf25b3","id":"log_347883434762","timestamp":347883434762,"location":"AuraPlayerController.cpp:AbilityInputHeld","message":"Input held","data":{"InputTag":"InputTag.LMB","bRightMouseDown":true},"runId":"run1"}
{"sessionId":"cf25b3","id":"log_347883437341","timestamp":347883437341,"location":"AuraPlayerController.cpp:AbilityInputHeld","message":"Input held","data":{"InputTag":"InputTag.RMB","bRightMouseDown":true},"runId":"run1"}
{"sessionId":"cf25b3","id":"log_347883514973","timestamp":347883514973,"location":"AuraPlayerController.cpp:Look","message":"Look invoked","data":{"x":1.26000,"y":0.00000,"bRightMouseDown":true,"hypothesisId":"A"},"runId":"run1"}
{"sessionId":"cf25b3","id":"log_347883519184","timestamp":347883519184,"location":"AuraPlayerController.cpp:AbilityInputHeld","message":"Input held","data":{"InputTag":"InputTag.LMB","bRightMouseDown":true},"runId":"run1"}
{"sessionId":"cf25b3","id":"log_347883523968","timestamp":347883523968,"location":"AuraPlayerController.cpp:AbilityInputHeld","message":"Input held","data":{"InputTag":"InputTag.RMB","bRightMouseDown":true},"runId":"run1"}
{"sessionId":"cf25b3","id":"log_347883596699","timestamp":347883596699,"location":"AuraPlayerController.cpp:Look","message":"Look invoked","data":{"x":0.70000,"y":0.00000,"bRightMouseDown":true,"hypothesisId":"A"},"runId":"run1"}
{"sessionId":"cf25b3","id":"log_347883600584","timestamp":347883600584,"location":"AuraPlayerController.cpp:AbilityInputHeld","message":"Input held","data":{"InputTag":"InputTag.LMB","bRightMouseDown":true},"runId":"run1"}
{"sessionId":"cf25b3","id":"log_347883604352","timestamp":347883604352,"location":"AuraPlayerController.cpp:AbilityInputHeld","message":"Input held","data":{"InputTag":"InputTag.RMB","bRightMouseDown":true},"runId":"run1"}
{"sessionId":"cf25b3","id":"log_347883680044","timestamp":347883680044,"location":"AuraPlayerController.cpp:Look","message":"Look invoked","data":{"x":0.63000,"y":0.00000,"bRightMouseDown":true,"hypothesisId":"A"},"runId":"run1"}
{"sessionId":"cf25b3","id":"log_347883683481","timestamp":347883683481,"location":"AuraPlayerController.cpp:AbilityInputHeld","message":"Input held","data":{"InputTag":"InputTag.LMB","bRightMouseDown":true},"runId":"run1"}
{"sessionId":"cf25b3","id":"log_347883686247","timestamp":347883686247,"location":"AuraPlayerController.cpp:AbilityInputHeld","message":"Input held","data":{"InputTag":"InputTag.RMB","bRightMouseDown":true},"runId":"run1"}
{"sessionId":"cf25b3","id":"log_347883765474","timestamp":347883765474,"location":"AuraPlayerController.cpp:Look","message":"Look invoked","data":{"x":0.91000,"y":0.00000,"bRightMouseDown":true,"hypothesisId":"A"},"runId":"run1"}
{"sessionId":"cf25b3","id":"log_347883769711","timestamp":347883769711,"location":"AuraPlayerController.cpp:AbilityInputHeld","message":"Input held","data":{"InputTag":"InputTag.LMB","bRightMouseDown":true},"runId":"run1"}
{"sessionId":"cf25b3","id":"log_347883772820","timestamp":347883772820,"location":"AuraPlayerController.cpp:AbilityInputHeld","message":"Input held","data":{"InputTag":"InputTag.RMB","bRightMouseDown":true},"runId":"run1"}
{"sessionId":"cf25b3","id":"log_347883846402","timestamp":347883846402,"location":"AuraPlayerController.cpp:Look","message":"Look invoked","data":{"x":0.56000,"y":0.00000,"bRightMouseDown":true,"hypothesisId":"A"},"runId":"run1"}
{"sessionId":"cf25b3","id":"log_347883850871","timestamp":347883850871,"location":"AuraPlayerController.cpp:AbilityInputHeld","message":"Input held","data":{"InputTag":"InputTag.LMB","bRightMouseDown":true},"runId":"run1"}
{"sessionId":"cf25b3","id":"log_347883853922","timestamp":347883853922,"location":"AuraPlayerController.cpp:AbilityInputHeld","message":"Input held","data":{"InputTag":"InputTag.RMB","bRightMouseDown":true},"runId":"run1"}
{"sessionId":"cf25b3","id":"log_347883930157","timestamp":347883930157,"location":"AuraPlayerController.cpp:Look","message":"Look invoked","data":{"x":0.35000,"y":0.00000,"bRightMouseDown":true,"hypothesisId":"A"},"runId":"run1"}
{"sessionId":"cf25b3","id":"log_347883933665","timestamp":347883933665,"location":"AuraPlayerController.cpp:AbilityInputHeld","message":"Input held","data":{"InputTag":"InputTag.LMB","bRightMouseDown":true},"runId":"run1"}
{"sessionId":"cf25b3","id":"log_347883936180","timestamp":347883936180,"location":"AuraPlayerController.cpp:AbilityInputHeld","message":"Input held","data":{"InputTag":"InputTag.RMB","bRightMouseDown":true},"runId":"run1"}
{"sessionId":"cf25b3","id":"log_347884013619","timestamp":347884013619,"location":"AuraPlayerController.cpp:Look","message":"Look invoked","data":{"x":0.77000,"y":0.00000,"bRightMouseDown":true,"hypothesisId":"A"},"runId":"run1"}
{"sessionId":"cf25b3","id":"log_347884017360","timestamp":347884017360,"location":"AuraPlayerController.cpp:AbilityInputHeld","message":"Input held","data":{"InputTag":"InputTag.LMB","bRightMouseDown":true},"runId":"run1"}
{"sessionId":"cf25b3","id":"log_347884020635","timestamp":347884020635,"location":"AuraPlayerController.cpp:AbilityInputHeld","message":"Input held","data":{"InputTag":"InputTag.RMB","bRightMouseDown":true},"runId":"run1"}
{"sessionId":"cf25b3","id":"log_347884097544","timestamp":347884097544,"location":"AuraPlayerController.cpp:Look","message":"Look invoked","data":{"x":0.28000,"y":0.00000,"bRightMouseDown":true,"hypothesisId":"A"},"runId":"run1"}
{"sessionId":"cf25b3","id":"log_347884104130","timestamp":347884104130,"location":"AuraPlayerController.cpp:AbilityInputHeld","message":"Input held","data":{"InputTag":"InputTag.LMB","bRightMouseDown":true},"runId":"run1"}
{"sessionId":"cf25b3","id":"log_347884106861","timestamp":347884106861,"location":"AuraPlayerController.cpp:AbilityInputHeld","message":"Input held","data":{"InputTag":"InputTag.RMB","bRightMouseDown":true},"runId":"run1"}
{"sessionId":"cf25b3","id":"log_347884181082","timestamp":347884181082,"location":"AuraPlayerController.cpp:Look","message":"Look invoked","data":{"x":0.14000,"y":0.00000,"bRightMouseDown":true,"hypothesisId":"A"},"runId":"run1"}
{"sessionId":"cf25b3","id":"log_347884185858","timestamp":347884185858,"location":"AuraPlayerController.cpp:AbilityInputHeld","message":"Input held","data":{"InputTag":"InputTag.LMB","bRightMouseDown":true},"runId":"run1"}
{"sessionId":"cf25b3","id":"log_347884189230","timestamp":347884189230,"location":"AuraPlayerController.cpp:AbilityInputHeld","message":"Input held","data":{"InputTag":"InputTag.RMB","bRightMouseDown":true},"runId":"run1"}
{"sessionId":"cf25b3","id":"log_347884263840","timestamp":347884263840,"location":"AuraPlayerController.cpp:Look","message":"Look invoked","data":{"x":0.14000,"y":0.00000,"bRightMouseDown":true,"hypothesisId":"A"},"runId":"run1"}
{"sessionId":"cf25b3","id":"log_347884267943","timestamp":347884267943,"location":"AuraPlayerController.cpp:AbilityInputHeld","message":"Input held","data":{"InputTag":"InputTag.LMB","bRightMouseDown":true},"runId":"run1"}
{"sessionId":"cf25b3","id":"log_347884270962","timestamp":347884270962,"location":"AuraPlayerController.cpp:AbilityInputHeld","message":"Input held","data":{"InputTag":"InputTag.RMB","bRightMouseDown":true},"runId":"run1"}
{"sessionId":"cf25b3","id":"log_347884346986","timestamp":347884346986,"location":"AuraPlayerController.cpp:Look","message":"Look invoked","data":{"x":0.07000,"y":0.00000,"bRightMouseDown":true,"hypothesisId":"A"},"runId":"run1"}
{"sessionId":"cf25b3","id":"log_347884351219","timestamp":347884351219,"location":"AuraPlayerController.cpp:AbilityInputHeld","message":"Input held","data":{"InputTag":"InputTag.LMB","bRightMouseDown":true},"runId":"run1"}
{"sessionId":"cf25b3","id":"log_347884356596","timestamp":347884356596,"location":"AuraPlayerController.cpp:AbilityInputHeld","message":"Input held","data":{"InputTag":"InputTag.RMB","bRightMouseDown":true},"runId":"run1"}
{"sessionId":"cf25b3","id":"log_347884428753","timestamp":347884428753,"location":"AuraPlayerController.cpp:AbilityInputHeld","message":"Input held","data":{"InputTag":"InputTag.LMB","bRightMouseDown":true},"runId":"run1"}
{"sessionId":"cf25b3","id":"log_347884434894","timestamp":347884434894,"location":"AuraPlayerController.cpp:AbilityInputReleased","message":"Input released","data":{"InputTag":"InputTag.RMB","bRightMouseDown":true},"runId":"run1"}
{"sessionId":"cf25b3","id":"log_347884512190","timestamp":347884512190,"location":"AuraPlayerController.cpp:AbilityInputHeld","message":"Input held","data":{"InputTag":"InputTag.LMB","bRightMouseDown":false},"runId":"run1"}
{"sessionId":"cf25b3","id":"log_347884595754","timestamp":347884595754,"location":"AuraPlayerController.cpp:AbilityInputHeld","message":"Input held","data":{"InputTag":"InputTag.LMB","bRightMouseDown":false},"runId":"run1"}
{"sessionId":"cf25b3","id":"log_347884678898","timestamp":347884678898,"location":"AuraPlayerController.cpp:AbilityInputHeld","message":"Input held","data":{"InputTag":"InputTag.LMB","bRightMouseDown":false},"runId":"run1"}
{"sessionId":"cf25b3","id":"log_347884763922","timestamp":347884763922,"location":"AuraPlayerController.cpp:Look","message":"Look invoked","data":{"x":0.07000,"y":0.00000,"bRightMouseDown":false,"hypothesisId":"A"},"runId":"run1"}
{"sessionId":"cf25b3","id":"log_347884769934","timestamp":347884769934,"location":"AuraPlayerController.cpp:AbilityInputHeld","message":"Input held","data":{"InputTag":"InputTag.LMB","bRightMouseDown":false},"runId":"run1"}
{"sessionId":"cf25b3","id":"log_347884772578","timestamp":347884772578,"location":"AuraPlayerController.cpp:AbilityInputHeld","message":"Input held","data":{"InputTag":"InputTag.RMB","bRightMouseDown":false},"runId":"run1"}
{"sessionId":"cf25b3","id":"log_347884846607","timestamp":347884846607,"location":"AuraPlayerController.cpp:AbilityInputHeld","message":"Input held","data":{"InputTag":"InputTag.LMB","bRightMouseDown":true},"runId":"run1"}
{"sessionId":"cf25b3","id":"log_347884850046","timestamp":347884850046,"location":"AuraPlayerController.cpp:AbilityInputReleased","message":"Input released","data":{"InputTag":"InputTag.RMB","bRightMouseDown":true},"runId":"run1"}
{"sessionId":"cf25b3","id":"log_347884930834","timestamp":347884930834,"location":"AuraPlayerController.cpp:Look","message":"Look invoked","data":{"x":-0.07000,"y":0.00000,"bRightMouseDown":false,"hypothesisId":"A"},"runId":"run1"}
{"sessionId":"cf25b3","id":"log_347884934516","timestamp":347884934516,"location":"AuraPlayerController.cpp:AbilityInputHeld","message":"Input held","data":{"InputTag":"InputTag.LMB","bRightMouseDown":false},"runId":"run1"}
{"sessionId":"cf25b3","id":"log_347884937137","timestamp":347884937137,"location":"AuraPlayerController.cpp:AbilityInputHeld","message":"Input held","data":{"InputTag":"InputTag.RMB","bRightMouseDown":false},"runId":"run1"}
{"sessionId":"cf25b3","id":"log_347885014612","timestamp":347885014612,"location":"AuraPlayerController.cpp:Look","message":"Look invoked","data":{"x":0.14000,"y":0.00000,"bRightMouseDown":true,"hypothesisId":"A"},"runId":"run1"}
{"sessionId":"cf25b3","id":"log_347885019830","timestamp":347885019830,"location":"AuraPlayerController.cpp:AbilityInputHeld","message":"Input held","data":{"InputTag":"InputTag.LMB","bRightMouseDown":true},"runId":"run1"}
{"sessionId":"cf25b3","id":"log_347885022278","timestamp":347885022278,"location":"AuraPlayerController.cpp:AbilityInputHeld","message":"Input held","data":{"InputTag":"InputTag.RMB","bRightMouseDown":true},"runId":"run1"}
{"sessionId":"cf25b3","id":"log_347885097124","timestamp":347885097124,"location":"AuraPlayerController.cpp:Look","message":"Look invoked","data":{"x":-0.21000,"y":0.00000,"bRightMouseDown":true,"hypothesisId":"A"},"runId":"run1"}
{"sessionId":"cf25b3","id":"log_347885101375","timestamp":347885101375,"location":"AuraPlayerController.cpp:AbilityInputHeld","message":"Input held","data":{"InputTag":"InputTag.LMB","bRightMouseDown":true},"runId":"run1"}
{"sessionId":"cf25b3","id":"log_347885103899","timestamp":347885103899,"location":"AuraPlayerController.cpp:AbilityInputHeld","message":"Input held","data":{"InputTag":"InputTag.RMB","bRightMouseDown":true},"runId":"run1"}
{"sessionId":"cf25b3","id":"log_347885180612","timestamp":347885180612,"location":"AuraPlayerController.cpp:Look","message":"Look invoked","data":{"x":-0.21000,"y":0.00000,"bRightMouseDown":true,"hypothesisId":"A"},"runId":"run1"}
{"sessionId":"cf25b3","id":"log_347885184357","timestamp":347885184357,"location":"AuraPlayerController.cpp:AbilityInputHeld","message":"Input held","data":{"InputTag":"InputTag.LMB","bRightMouseDown":true},"runId":"run1"}
{"sessionId":"cf25b3","id":"log_347885187348","timestamp":347885187348,"location":"AuraPlayerController.cpp:AbilityInputHeld","message":"Input held","data":{"InputTag":"InputTag.RMB","bRightMouseDown":true},"runId":"run1"}
{"sessionId":"cf25b3","id":"log_347885263995","timestamp":347885263995,"location":"AuraPlayerController.cpp:Look","message":"Look invoked","data":{"x":-0.56000,"y":0.00000,"bRightMouseDown":true,"hypothesisId":"A"},"runId":"run1"}
{"sessionId":"cf25b3","id":"log_347885268339","timestamp":347885268339,"location":"AuraPlayerController.cpp:AbilityInputHeld","message":"Input held","data":{"InputTag":"InputTag.LMB","bRightMouseDown":true},"runId":"run1"}
{"sessionId":"cf25b3","id":"log_347885271861","timestamp":347885271861,"location":"AuraPlayerController.cpp:AbilityInputHeld","message":"Input held","data":{"InputTag":"InputTag.RMB","bRightMouseDown":true},"runId":"run1"}
{"sessionId":"cf25b3","id":"log_347885347135","timestamp":347885347135,"location":"AuraPlayerController.cpp:Look","message":"Look invoked","data":{"x":-0.56000,"y":0.00000,"bRightMouseDown":true,"hypothesisId":"A"},"runId":"run1"}
{"sessionId":"cf25b3","id":"log_347885350976","timestamp":347885350976,"location":"AuraPlayerController.cpp:AbilityInputHeld","message":"Input held","data":{"InputTag":"InputTag.LMB","bRightMouseDown":true},"runId":"run1"}
{"sessionId":"cf25b3","id":"log_347885353714","timestamp":347885353714,"location":"AuraPlayerController.cpp:AbilityInputHeld","message":"Input held","data":{"InputTag":"InputTag.RMB","bRightMouseDown":true},"runId":"run1"}
{"sessionId":"cf25b3","id":"log_347885430541","timestamp":347885430541,"location":"AuraPlayerController.cpp:Look","message":"Look invoked","data":{"x":-0.70000,"y":0.00000,"bRightMouseDown":true,"hypothesisId":"A"},"runId":"run1"}
{"sessionId":"cf25b3","id":"log_347885435482","timestamp":347885435482,"location":"AuraPlayerController.cpp:AbilityInputHeld","message":"Input held","data":{"InputTag":"InputTag.LMB","bRightMouseDown":true},"runId":"run1"}
{"sessionId":"cf25b3","id":"log_347885437962","timestamp":347885437962,"location":"AuraPlayerController.cpp:AbilityInputHeld","message":"Input held","data":{"InputTag":"InputTag.RMB","bRightMouseDown":true},"runId":"run1"}
{"sessionId":"cf25b3","id":"log_347885513967","timestamp":347885513967,"location":"AuraPlayerController.cpp:Look","message":"Look invoked","data":{"x":-1.26000,"y":0.00000,"bRightMouseDown":true,"hypothesisId":"A"},"runId":"run1"}
{"sessionId":"cf25b3","id":"log_347885517983","timestamp":347885517983,"location":"AuraPlayerController.cpp:AbilityInputHeld","message":"Input held","data":{"InputTag":"InputTag.LMB","bRightMouseDown":true},"runId":"run1"}
{"sessionId":"cf25b3","id":"log_347885521182","timestamp":347885521182,"location":"AuraPlayerController.cpp:AbilityInputHeld","message":"Input held","data":{"InputTag":"InputTag.RMB","bRightMouseDown":true},"runId":"run1"}
{"sessionId":"cf25b3","id":"log_347885597552","timestamp":347885597552,"location":"AuraPlayerController.cpp:Look","message":"Look invoked","data":{"x":-0.91000,"y":0.00000,"bRightMouseDown":true,"hypothesisId":"A"},"runId":"run1"}
{"sessionId":"cf25b3","id":"log_347885601335","timestamp":347885601335,"location":"AuraPlayerController.cpp:AbilityInputHeld","message":"Input held","data":{"InputTag":"InputTag.LMB","bRightMouseDown":true},"runId":"run1"}
{"sessionId":"cf25b3","id":"log_347885604298","timestamp":347885604298,"location":"AuraPlayerController.cpp:AbilityInputHeld","message":"Input held","data":{"InputTag":"InputTag.RMB","bRightMouseDown":true},"runId":"run1"}
{"sessionId":"cf25b3","id":"log_347885682142","timestamp":347885682142,"location":"AuraPlayerController.cpp:Look","message":"Look invoked","data":{"x":-0.91000,"y":0.00000,"bRightMouseDown":true,"hypothesisId":"A"},"runId":"run1"}
{"sessionId":"cf25b3","id":"log_347885687471","timestamp":347885687471,"location":"AuraPlayerController.cpp:AbilityInputHeld","message":"Input held","data":{"InputTag":"InputTag.LMB","bRightMouseDown":true},"runId":"run1"}
{"sessionId":"cf25b3","id":"log_347885690428","timestamp":347885690428,"location":"AuraPlayerController.cpp:AbilityInputHeld","message":"Input held","data":{"InputTag":"InputTag.RMB","bRightMouseDown":true},"runId":"run1"}
{"sessionId":"cf25b3","id":"log_347885764438","timestamp":347885764438,"location":"AuraPlayerController.cpp:Look","message":"Look invoked","data":{"x":-1.75000,"y":0.00000,"bRightMouseDown":true,"hypothesisId":"A"},"runId":"run1"}
{"sessionId":"cf25b3","id":"log_347885768020","timestamp":347885768020,"location":"AuraPlayerController.cpp:AbilityInputHeld","message":"Input held","data":{"InputTag":"InputTag.LMB","bRightMouseDown":true},"runId":"run1"}
{"sessionId":"cf25b3","id":"log_347885771706","timestamp":347885771706,"location":"AuraPlayerController.cpp:AbilityInputHeld","message":"Input held","data":{"InputTag":"InputTag.RMB","bRightMouseDown":true},"runId":"run1"}
{"sessionId":"cf25b3","id":"log_347885847297","timestamp":347885847297,"location":"AuraPlayerController.cpp:Look","message":"Look invoked","data":{"x":-1.12000,"y":0.00000,"bRightMouseDown":true,"hypothesisId":"A"},"runId":"run1"}
{"sessionId":"cf25b3","id":"log_347885850944","timestamp":347885850944,"location":"AuraPlayerController.cpp:AbilityInputHeld","message":"Input held","data":{"InputTag":"InputTag.LMB","bRightMouseDown":true},"runId":"run1"}
{"sessionId":"cf25b3","id":"log_347885854041","timestamp":347885854041,"location":"AuraPlayerController.cpp:AbilityInputHeld","message":"Input held","data":{"InputTag":"InputTag.RMB","bRightMouseDown":true},"runId":"run1"}
{"sessionId":"cf25b3","id":"log_347885930795","timestamp":347885930795,"location":"AuraPlayerController.cpp:Look","message":"Look invoked","data":{"x":-1.12000,"y":0.00000,"bRightMouseDown":true,"hypothesisId":"A"},"runId":"run1"}
{"sessionId":"cf25b3","id":"log_347885935031","timestamp":347885935031,"location":"AuraPlayerController.cpp:AbilityInputHeld","message":"Input held","data":{"InputTag":"InputTag.LMB","bRightMouseDown":true},"runId":"run1"}
{"sessionId":"cf25b3","id":"log_347885939167","timestamp":347885939167,"location":"AuraPlayerController.cpp:AbilityInputHeld","message":"Input held","data":{"InputTag":"InputTag.RMB","bRightMouseDown":true},"runId":"run1"}
{"sessionId":"cf25b3","id":"log_347886014493","timestamp":347886014493,"location":"AuraPlayerController.cpp:Look","message":"Look invoked","data":{"x":-2.17000,"y":0.00000,"bRightMouseDown":true,"hypothesisId":"A"},"runId":"run1"}
{"sessionId":"cf25b3","id":"log_347886019756","timestamp":347886019756,"location":"AuraPlayerController.cpp:AbilityInputHeld","message":"Input held","data":{"InputTag":"InputTag.LMB","bRightMouseDown":true},"runId":"run1"}
{"sessionId":"cf25b3","id":"log_347886022515","timestamp":347886022515,"location":"AuraPlayerController.cpp:AbilityInputHeld","message":"Input held","data":{"InputTag":"InputTag.RMB","bRightMouseDown":true},"runId":"run1"}
{"sessionId":"cf25b3","id":"log_347886098245","timestamp":347886098245,"location":"AuraPlayerController.cpp:Look","message":"Look invoked","data":{"x":-1.12000,"y":0.00000,"bRightMouseDown":true,"hypothesisId":"A"},"runId":"run1"}
{"sessionId":"cf25b3","id":"log_347886101859","timestamp":347886101859,"location":"AuraPlayerController.cpp:AbilityInputHeld","message":"Input held","data":{"InputTag":"InputTag.LMB","bRightMouseDown":true},"runId":"run1"}
{"sessionId":"cf25b3","id":"log_347886104617","timestamp":347886104617,"location":"AuraPlayerController.cpp:AbilityInputHeld","message":"Input held","data":{"InputTag":"InputTag.RMB","bRightMouseDown":true},"runId":"run1"}
{"sessionId":"cf25b3","id":"log_347886181535","timestamp":347886181535,"location":"AuraPlayerController.cpp:Look","message":"Look invoked","data":{"x":-1.33000,"y":0.00000,"bRightMouseDown":true,"hypothesisId":"A"},"runId":"run1"}
{"sessionId":"cf25b3","id":"log_347886186080","timestamp":347886186080,"location":"AuraPlayerController.cpp:AbilityInputHeld","message":"Input held","data":{"InputTag":"InputTag.LMB","bRightMouseDown":true},"runId":"run1"}
{"sessionId":"cf25b3","id":"log_347886188646","timestamp":347886188646,"location":"AuraPlayerController.cpp:AbilityInputHeld","message":"Input held","data":{"InputTag":"InputTag.RMB","bRightMouseDown":true},"runId":"run1"}
{"sessionId":"cf25b3","id":"log_347886265440","timestamp":347886265440,"location":"AuraPlayerController.cpp:Look","message":"Look invoked","data":{"x":-2.03000,"y":0.00000,"bRightMouseDown":true,"hypothesisId":"A"},"runId":"run1"}
{"sessionId":"cf25b3","id":"log_347886269696","timestamp":347886269696,"location":"AuraPlayerController.cpp:AbilityInputHeld","message":"Input held","data":{"InputTag":"InputTag.LMB","bRightMouseDown":true},"runId":"run1"}
{"sessionId":"cf25b3","id":"log_347886273272","timestamp":347886273272,"location":"AuraPlayerController.cpp:AbilityInputHeld","message":"Input held","data":{"InputTag":"InputTag.RMB","bRightMouseDown":true},"runId":"run1"}
{"sessionId":"cf25b3","id":"log_347886348321","timestamp":347886348321,"location":"AuraPlayerController.cpp:Look","message":"Look invoked","data":{"x":-0.70000,"y":0.00000,"bRightMouseDown":true,"hypothesisId":"A"},"runId":"run1"}
{"sessionId":"cf25b3","id":"log_347886353162","timestamp":347886353162,"location":"AuraPlayerController.cpp:AbilityInputHeld","message":"Input held","data":{"InputTag":"InputTag.LMB","bRightMouseDown":true},"runId":"run1"}
{"sessionId":"cf25b3","id":"log_347886356191","timestamp":347886356191,"location":"AuraPlayerController.cpp:AbilityInputHeld","message":"Input held","data":{"InputTag":"InputTag.RMB","bRightMouseDown":true},"runId":"run1"}
{"sessionId":"cf25b3","id":"log_347886431175","timestamp":347886431175,"location":"AuraPlayerController.cpp:Look","message":"Look invoked","data":{"x":-0.56000,"y":0.00000,"bRightMouseDown":true,"hypothesisId":"A"},"runId":"run1"}
{"sessionId":"cf25b3","id":"log_347886437014","timestamp":347886437014,"location":"AuraPlayerController.cpp:AbilityInputHeld","message":"Input held","data":{"InputTag":"InputTag.LMB","bRightMouseDown":true},"runId":"run1"}
{"sessionId":"cf25b3","id":"log_347886439339","timestamp":347886439339,"location":"AuraPlayerController.cpp:AbilityInputHeld","message":"Input held","data":{"InputTag":"InputTag.RMB","bRightMouseDown":true},"runId":"run1"}
{"sessionId":"cf25b3","id":"log_347886514771","timestamp":347886514771,"location":"AuraPlayerController.cpp:Look","message":"Look invoked","data":{"x":-1.47000,"y":0.00000,"bRightMouseDown":true,"hypothesisId":"A"},"runId":"run1"}
{"sessionId":"cf25b3","id":"log_347886519487","timestamp":347886519487,"location":"AuraPlayerController.cpp:AbilityInputHeld","message":"Input held","data":{"InputTag":"InputTag.LMB","bRightMouseDown":true},"runId":"run1"}
{"sessionId":"cf25b3","id":"log_347886522164","timestamp":347886522164,"location":"AuraPlayerController.cpp:AbilityInputHeld","message":"Input held","data":{"InputTag":"InputTag.RMB","bRightMouseDown":true},"runId":"run1"}
{"sessionId":"cf25b3","id":"log_347886598942","timestamp":347886598942,"location":"AuraPlayerController.cpp:Look","message":"Look invoked","data":{"x":-0.49000,"y":0.00000,"bRightMouseDown":true,"hypothesisId":"A"},"runId":"run1"}
{"sessionId":"cf25b3","id":"log_347886602686","timestamp":347886602686,"location":"AuraPlayerController.cpp:AbilityInputHeld","message":"Input held","data":{"InputTag":"InputTag.LMB","bRightMouseDown":true},"runId":"run1"}
{"sessionId":"cf25b3","id":"log_347886605264","timestamp":347886605264,"location":"AuraPlayerController.cpp:AbilityInputHeld","message":"Input held","data":{"InputTag":"InputTag.RMB","bRightMouseDown":true},"runId":"run1"}
{"sessionId":"cf25b3","id":"log_347886681450","timestamp":347886681450,"location":"AuraPlayerController.cpp:Look","message":"Look invoked","data":{"x":-0.49000,"y":0.00000,"bRightMouseDown":true,"hypothesisId":"A"},"runId":"run1"}
{"sessionId":"cf25b3","id":"log_347886685611","timestamp":347886685611,"location":"AuraPlayerController.cpp:AbilityInputHeld","message":"Input held","data":{"InputTag":"InputTag.LMB","bRightMouseDown":true},"runId":"run1"}
{"sessionId":"cf25b3","id":"log_347886688628","timestamp":347886688628,"location":"AuraPlayerController.cpp:AbilityInputHeld","message":"Input held","data":{"InputTag":"InputTag.RMB","bRightMouseDown":true},"runId":"run1"}
{"sessionId":"cf25b3","id":"log_347886766361","timestamp":347886766361,"location":"AuraPlayerController.cpp:Look","message":"Look invoked","data":{"x":-0.49000,"y":0.00000,"bRightMouseDown":true,"hypothesisId":"A"},"runId":"run1"}
{"sessionId":"cf25b3","id":"log_347886770066","timestamp":347886770066,"location":"AuraPlayerController.cpp:AbilityInputHeld","message":"Input held","data":{"InputTag":"InputTag.LMB","bRightMouseDown":true},"runId":"run1"}
{"sessionId":"cf25b3","id":"log_347886773563","timestamp":347886773563,"location":"AuraPlayerController.cpp:AbilityInputHeld","message":"Input held","data":{"InputTag":"InputTag.RMB","bRightMouseDown":true},"runId":"run1"}
{"sessionId":"cf25b3","id":"log_347886848195","timestamp":347886848195,"location":"AuraPlayerController.cpp:Look","message":"Look invoked","data":{"x":-0.07000,"y":0.00000,"bRightMouseDown":true,"hypothesisId":"A"},"runId":"run1"}
{"sessionId":"cf25b3","id":"log_347886851950","timestamp":347886851950,"location":"AuraPlayerController.cpp:AbilityInputHeld","message":"Input held","data":{"InputTag":"InputTag.LMB","bRightMouseDown":true},"runId":"run1"}
{"sessionId":"cf25b3","id":"log_347886854883","timestamp":347886854883,"location":"AuraPlayerController.cpp:AbilityInputHeld","message":"Input held","data":{"InputTag":"InputTag.RMB","bRightMouseDown":true},"runId":"run1"}
{"sessionId":"cf25b3","id":"log_347886930362","timestamp":347886930362,"location":"AuraPlayerController.cpp:AbilityInputHeld","message":"Input held","data":{"InputTag":"InputTag.LMB","bRightMouseDown":true},"runId":"run1"}
{"sessionId":"cf25b3","id":"log_347886934459","timestamp":347886934459,"location":"AuraPlayerController.cpp:AbilityInputReleased","message":"Input released","data":{"InputTag":"InputTag.RMB","bRightMouseDown":true},"runId":"run1"}
{"sessionId":"cf25b3","id":"log_347887013189","timestamp":347887013189,"location":"AuraPlayerController.cpp:AbilityInputHeld","message":"Input held","data":{"InputTag":"InputTag.LMB","bRightMouseDown":false},"runId":"run1"}
{"sessionId":"cf25b3","id":"log_347887097404","timestamp":347887097404,"location":"AuraPlayerController.cpp:AbilityInputHeld","message":"Input held","data":{"InputTag":"InputTag.LMB","bRightMouseDown":false},"runId":"run1"}
{"sessionId":"cf25b3","id":"log_347887180066","timestamp":347887180066,"location":"AuraPlayerController.cpp:AbilityInputHeld","message":"Input held","data":{"InputTag":"InputTag.LMB","bRightMouseDown":false},"runId":"run1"}
{"sessionId":"cf25b3","id":"log_347887264849","timestamp":347887264849,"location":"AuraPlayerController.cpp:AbilityInputHeld","message":"Input held","data":{"InputTag":"InputTag.LMB","bRightMouseDown":false},"runId":"run1"}
{"sessionId":"cf25b3","id":"log_347887352399","timestamp":347887352399,"location":"AuraPlayerController.cpp:Look","message":"Look invoked","data":{"x":0.21000,"y":0.00000,"bRightMouseDown":false,"hypothesisId":"A"},"runId":"run1"}
{"sessionId":"cf25b3","id":"log_347887355678","timestamp":347887355678,"location":"AuraPlayerController.cpp:AbilityInputHeld","message":"Input held","data":{"InputTag":"InputTag.LMB","bRightMouseDown":false},"runId":"run1"}
{"sessionId":"cf25b3","id":"log_347887357701","timestamp":347887357701,"location":"AuraPlayerController.cpp:AbilityInputHeld","message":"Input held","data":{"InputTag":"InputTag.RMB","bRightMouseDown":false},"runId":"run1"}
{"sessionId":"cf25b3","id":"log_347887431405","timestamp":347887431405,"location":"AuraPlayerController.cpp:Look","message":"Look invoked","data":{"x":0.21000,"y":0.00000,"bRightMouseDown":true,"hypothesisId":"A"},"runId":"run1"}
{"sessionId":"cf25b3","id":"log_347887436473","timestamp":347887436473,"location":"AuraPlayerController.cpp:AbilityInputHeld","message":"Input held","data":{"InputTag":"InputTag.LMB","bRightMouseDown":true},"runId":"run1"}
{"sessionId":"cf25b3","id":"log_347887439512","timestamp":347887439512,"location":"AuraPlayerController.cpp:AbilityInputHeld","message":"Input held","data":{"InputTag":"InputTag.RMB","bRightMouseDown":true},"runId":"run1"}
{"sessionId":"cf25b3","id":"log_347887515034","timestamp":347887515034,"location":"AuraPlayerController.cpp:Look","message":"Look invoked","data":{"x":0.63000,"y":0.00000,"bRightMouseDown":true,"hypothesisId":"A"},"runId":"run1"}
{"sessionId":"cf25b3","id":"log_347887519213","timestamp":347887519213,"location":"AuraPlayerController.cpp:AbilityInputHeld","message":"Input held","data":{"InputTag":"InputTag.LMB","bRightMouseDown":true},"runId":"run1"}
{"sessionId":"cf25b3","id":"log_347887522394","timestamp":347887522394,"location":"AuraPlayerController.cpp:AbilityInputHeld","message":"Input held","data":{"InputTag":"InputTag.RMB","bRightMouseDown":true},"runId":"run1"}
{"sessionId":"cf25b3","id":"log_347887599146","timestamp":347887599146,"location":"AuraPlayerController.cpp:Look","message":"Look invoked","data":{"x":0.42000,"y":0.00000,"bRightMouseDown":true,"hypothesisId":"A"},"runId":"run1"}
{"sessionId":"cf25b3","id":"log_347887604763","timestamp":347887604763,"location":"AuraPlayerController.cpp:AbilityInputHeld","message":"Input held","data":{"InputTag":"InputTag.LMB","bRightMouseDown":true},"runId":"run1"}
{"sessionId":"cf25b3","id":"log_347887607333","timestamp":347887607333,"location":"AuraPlayerController.cpp:AbilityInputHeld","message":"Input held","data":{"InputTag":"InputTag.RMB","bRightMouseDown":true},"runId":"run1"}
{"sessionId":"cf25b3","id":"log_347887681702","timestamp":347887681702,"location":"AuraPlayerController.cpp:Look","message":"Look invoked","data":{"x":0.42000,"y":0.00000,"bRightMouseDown":true,"hypothesisId":"A"},"runId":"run1"}
{"sessionId":"cf25b3","id":"log_347887685356","timestamp":347887685356,"location":"AuraPlayerController.cpp:AbilityInputHeld","message":"Input held","data":{"InputTag":"InputTag.LMB","bRightMouseDown":true},"runId":"run1"}
{"sessionId":"cf25b3","id":"log_347887689058","timestamp":347887689058,"location":"AuraPlayerController.cpp:AbilityInputHeld","message":"Input held","data":{"InputTag":"InputTag.RMB","bRightMouseDown":true},"runId":"run1"}
{"sessionId":"cf25b3","id":"log_347887764964","timestamp":347887764964,"location":"AuraPlayerController.cpp:Look","message":"Look invoked","data":{"x":1.19000,"y":0.00000,"bRightMouseDown":true,"hypothesisId":"A"},"runId":"run1"}
{"sessionId":"cf25b3","id":"log_347887769240","timestamp":347887769240,"location":"AuraPlayerController.cpp:AbilityInputHeld","message":"Input held","data":{"InputTag":"InputTag.LMB","bRightMouseDown":true},"runId":"run1"}
{"sessionId":"cf25b3","id":"log_347887771715","timestamp":347887771715,"location":"AuraPlayerController.cpp:AbilityInputHeld","message":"Input held","data":{"InputTag":"InputTag.RMB","bRightMouseDown":true},"runId":"run1"}
{"sessionId":"cf25b3","id":"log_347887848047","timestamp":347887848047,"location":"AuraPlayerController.cpp:Look","message":"Look invoked","data":{"x":0.77000,"y":0.00000,"bRightMouseDown":true,"hypothesisId":"A"},"runId":"run1"}
{"sessionId":"cf25b3","id":"log_347887851429","timestamp":347887851429,"location":"AuraPlayerController.cpp:AbilityInputHeld","message":"Input held","data":{"InputTag":"InputTag.LMB","bRightMouseDown":true},"runId":"run1"}
{"sessionId":"cf25b3","id":"log_347887854127","timestamp":347887854127,"location":"AuraPlayerController.cpp:AbilityInputHeld","message":"Input held","data":{"InputTag":"InputTag.RMB","bRightMouseDown":true},"runId":"run1"}
{"sessionId":"cf25b3","id":"log_347887932160","timestamp":347887932160,"location":"AuraPlayerController.cpp:Look","message":"Look invoked","data":{"x":0.77000,"y":0.00000,"bRightMouseDown":true,"hypothesisId":"A"},"runId":"run1"}
{"sessionId":"cf25b3","id":"log_347887935572","timestamp":347887935572,"location":"AuraPlayerController.cpp:AbilityInputHeld","message":"Input held","data":{"InputTag":"InputTag.LMB","bRightMouseDown":true},"runId":"run1"}
{"sessionId":"cf25b3","id":"log_347887938977","timestamp":347887938977,"location":"AuraPlayerController.cpp:AbilityInputHeld","message":"Input held","data":{"InputTag":"InputTag.RMB","bRightMouseDown":true},"runId":"run1"}
{"sessionId":"cf25b3","id":"log_347888015326","timestamp":347888015326,"location":"AuraPlayerController.cpp:Look","message":"Look invoked","data":{"x":1.96000,"y":0.00000,"bRightMouseDown":true,"hypothesisId":"A"},"runId":"run1"}
{"sessionId":"cf25b3","id":"log_347888018801","timestamp":347888018801,"location":"AuraPlayerController.cpp:AbilityInputHeld","message":"Input held","data":{"InputTag":"InputTag.LMB","bRightMouseDown":true},"runId":"run1"}
{"sessionId":"cf25b3","id":"log_347888021382","timestamp":347888021382,"location":"AuraPlayerController.cpp:AbilityInputHeld","message":"Input held","data":{"InputTag":"InputTag.RMB","bRightMouseDown":true},"runId":"run1"}
{"sessionId":"cf25b3","id":"log_347888098241","timestamp":347888098241,"location":"AuraPlayerController.cpp:Look","message":"Look invoked","data":{"x":1.33000,"y":0.00000,"bRightMouseDown":true,"hypothesisId":"A"},"runId":"run1"}
{"sessionId":"cf25b3","id":"log_347888101741","timestamp":347888101741,"location":"AuraPlayerController.cpp:AbilityInputHeld","message":"Input held","data":{"InputTag":"InputTag.LMB","bRightMouseDown":true},"runId":"run1"}
{"sessionId":"cf25b3","id":"log_347888104445","timestamp":347888104445,"location":"AuraPlayerController.cpp:AbilityInputHeld","message":"Input held","data":{"InputTag":"InputTag.RMB","bRightMouseDown":true},"runId":"run1"}
{"sessionId":"cf25b3","id":"log_347888181788","timestamp":347888181788,"location":"AuraPlayerController.cpp:Look","message":"Look invoked","data":{"x":1.33000,"y":0.00000,"bRightMouseDown":true,"hypothesisId":"A"},"runId":"run1"}
{"sessionId":"cf25b3","id":"log_347888185333","timestamp":347888185333,"location":"AuraPlayerController.cpp:AbilityInputHeld","message":"Input held","data":{"InputTag":"InputTag.LMB","bRightMouseDown":true},"runId":"run1"}
{"sessionId":"cf25b3","id":"log_347888187252","timestamp":347888187252,"location":"AuraPlayerController.cpp:AbilityInputHeld","message":"Input held","data":{"InputTag":"InputTag.RMB","bRightMouseDown":true},"runId":"run1"}
{"sessionId":"cf25b3","id":"log_347888265011","timestamp":347888265011,"location":"AuraPlayerController.cpp:Look","message":"Look invoked","data":{"x":2.24000,"y":0.00000,"bRightMouseDown":true,"hypothesisId":"A"},"runId":"run1"}
{"sessionId":"cf25b3","id":"log_347888268384","timestamp":347888268384,"location":"AuraPlayerController.cpp:AbilityInputHeld","message":"Input held","data":{"InputTag":"InputTag.LMB","bRightMouseDown":true},"runId":"run1"}
{"sessionId":"cf25b3","id":"log_347888271369","timestamp":347888271369,"location":"AuraPlayerController.cpp:AbilityInputHeld","message":"Input held","data":{"InputTag":"InputTag.RMB","bRightMouseDown":true},"runId":"run1"}
{"sessionId":"cf25b3","id":"log_347888349187","timestamp":347888349187,"location":"AuraPlayerController.cpp:Look","message":"Look invoked","data":{"x":1.33000,"y":0.00000,"bRightMouseDown":true,"hypothesisId":"A"},"runId":"run1"}
{"sessionId":"cf25b3","id":"log_347888352614","timestamp":347888352614,"location":"AuraPlayerController.cpp:AbilityInputHeld","message":"Input held","data":{"InputTag":"InputTag.LMB","bRightMouseDown":true},"runId":"run1"}
{"sessionId":"cf25b3","id":"log_347888354846","timestamp":347888354846,"location":"AuraPlayerController.cpp:AbilityInputHeld","message":"Input held","data":{"InputTag":"InputTag.RMB","bRightMouseDown":true},"runId":"run1"}
{"sessionId":"cf25b3","id":"log_347888433094","timestamp":347888433094,"location":"AuraPlayerController.cpp:Look","message":"Look invoked","data":{"x":1.05000,"y":0.00000,"bRightMouseDown":true,"hypothesisId":"A"},"runId":"run1"}
{"sessionId":"cf25b3","id":"log_347888439095","timestamp":347888439095,"location":"AuraPlayerController.cpp:AbilityInputHeld","message":"Input held","data":{"InputTag":"InputTag.LMB","bRightMouseDown":true},"runId":"run1"}
{"sessionId":"cf25b3","id":"log_347888442053","timestamp":347888442053,"location":"AuraPlayerController.cpp:AbilityInputHeld","message":"Input held","data":{"InputTag":"InputTag.RMB","bRightMouseDown":true},"runId":"run1"}
{"sessionId":"cf25b3","id":"log_347888515618","timestamp":347888515618,"location":"AuraPlayerController.cpp:Look","message":"Look invoked","data":{"x":1.82000,"y":0.00000,"bRightMouseDown":true,"hypothesisId":"A"},"runId":"run1"}
{"sessionId":"cf25b3","id":"log_347888519175","timestamp":347888519175,"location":"AuraPlayerController.cpp:AbilityInputHeld","message":"Input held","data":{"InputTag":"InputTag.LMB","bRightMouseDown":true},"runId":"run1"}
{"sessionId":"cf25b3","id":"log_347888521641","timestamp":347888521641,"location":"AuraPlayerController.cpp:AbilityInputHeld","message":"Input held","data":{"InputTag":"InputTag.RMB","bRightMouseDown":true},"runId":"run1"}
{"sessionId":"cf25b3","id":"log_347888598652","timestamp":347888598652,"location":"AuraPlayerController.cpp:Look","message":"Look invoked","data":{"x":0.84000,"y":0.00000,"bRightMouseDown":true,"hypothesisId":"A"},"runId":"run1"}
{"sessionId":"cf25b3","id":"log_347888603474","timestamp":347888603474,"location":"AuraPlayerController.cpp:AbilityInputHeld","message":"Input held","data":{"InputTag":"InputTag.LMB","bRightMouseDown":true},"runId":"run1"}
{"sessionId":"cf25b3","id":"log_347888605729","timestamp":347888605729,"location":"AuraPlayerController.cpp:AbilityInputHeld","message":"Input held","data":{"InputTag":"InputTag.RMB","bRightMouseDown":true},"runId":"run1"}
{"sessionId":"cf25b3","id":"log_347888682026","timestamp":347888682026,"location":"AuraPlayerController.cpp:Look","message":"Look invoked","data":{"x":0.63000,"y":0.00000,"bRightMouseDown":true,"hypothesisId":"A"},"runId":"run1"}
{"sessionId":"cf25b3","id":"log_347888685571","timestamp":347888685571,"location":"AuraPlayerController.cpp:AbilityInputHeld","message":"Input held","data":{"InputTag":"InputTag.LMB","bRightMouseDown":true},"runId":"run1"}
{"sessionId":"cf25b3","id":"log_347888687950","timestamp":347888687950,"location":"AuraPlayerController.cpp:AbilityInputHeld","message":"Input held","data":{"InputTag":"InputTag.RMB","bRightMouseDown":true},"runId":"run1"}
{"sessionId":"cf25b3","id":"log_347888765741","timestamp":347888765741,"location":"AuraPlayerController.cpp:Look","message":"Look invoked","data":{"x":0.98000,"y":0.00000,"bRightMouseDown":true,"hypothesisId":"A"},"runId":"run1"}
{"sessionId":"cf25b3","id":"log_347888769768","timestamp":347888769768,"location":"AuraPlayerController.cpp:AbilityInputHeld","message":"Input held","data":{"InputTag":"InputTag.LMB","bRightMouseDown":true},"runId":"run1"}
{"sessionId":"cf25b3","id":"log_347888772499","timestamp":347888772499,"location":"AuraPlayerController.cpp:AbilityInputHeld","message":"Input held","data":{"InputTag":"InputTag.RMB","bRightMouseDown":true},"runId":"run1"}
{"sessionId":"cf25b3","id":"log_347888848229","timestamp":347888848229,"location":"AuraPlayerController.cpp:Look","message":"Look invoked","data":{"x":0.42000,"y":0.00000,"bRightMouseDown":true,"hypothesisId":"A"},"runId":"run1"}
{"sessionId":"cf25b3","id":"log_347888851532","timestamp":347888851532,"location":"AuraPlayerController.cpp:AbilityInputHeld","message":"Input held","data":{"InputTag":"InputTag.LMB","bRightMouseDown":true},"runId":"run1"}
{"sessionId":"cf25b3","id":"log_347888854014","timestamp":347888854014,"location":"AuraPlayerController.cpp:AbilityInputHeld","message":"Input held","data":{"InputTag":"InputTag.RMB","bRightMouseDown":true},"runId":"run1"}
{"sessionId":"cf25b3","id":"log_347888931568","timestamp":347888931568,"location":"AuraPlayerController.cpp:Look","message":"Look invoked","data":{"x":0.21000,"y":0.00000,"bRightMouseDown":true,"hypothesisId":"A"},"runId":"run1"}
{"sessionId":"cf25b3","id":"log_347888936416","timestamp":347888936416,"location":"AuraPlayerController.cpp:AbilityInputHeld","message":"Input held","data":{"InputTag":"InputTag.LMB","bRightMouseDown":true},"runId":"run1"}
{"sessionId":"cf25b3","id":"log_347888939604","timestamp":347888939604,"location":"AuraPlayerController.cpp:AbilityInputHeld","message":"Input held","data":{"InputTag":"InputTag.RMB","bRightMouseDown":true},"runId":"run1"}
{"sessionId":"cf25b3","id":"log_347889014762","timestamp":347889014762,"location":"AuraPlayerController.cpp:Look","message":"Look invoked","data":{"x":0.42000,"y":0.00000,"bRightMouseDown":true,"hypothesisId":"A"},"runId":"run1"}
{"sessionId":"cf25b3","id":"log_347889018246","timestamp":347889018246,"location":"AuraPlayerController.cpp:AbilityInputHeld","message":"Input held","data":{"InputTag":"InputTag.LMB","bRightMouseDown":true},"runId":"run1"}
{"sessionId":"cf25b3","id":"log_347889021026","timestamp":347889021026,"location":"AuraPlayerController.cpp:AbilityInputHeld","message":"Input held","data":{"InputTag":"InputTag.RMB","bRightMouseDown":true},"runId":"run1"}
{"sessionId":"cf25b3","id":"log_347889099128","timestamp":347889099128,"location":"AuraPlayerController.cpp:Look","message":"Look invoked","data":{"x":0.14000,"y":0.00000,"bRightMouseDown":true,"hypothesisId":"A"},"runId":"run1"}
{"sessionId":"cf25b3","id":"log_347889102221","timestamp":347889102221,"location":"AuraPlayerController.cpp:AbilityInputHeld","message":"Input held","data":{"InputTag":"InputTag.LMB","bRightMouseDown":true},"runId":"run1"}
{"sessionId":"cf25b3","id":"log_347889105365","timestamp":347889105365,"location":"AuraPlayerController.cpp:AbilityInputHeld","message":"Input held","data":{"InputTag":"InputTag.RMB","bRightMouseDown":true},"runId":"run1"}
{"sessionId":"cf25b3","id":"log_347889180737","timestamp":347889180737,"location":"AuraPlayerController.cpp:AbilityInputHeld","message":"Input held","data":{"InputTag":"InputTag.LMB","bRightMouseDown":true},"runId":"run1"}
{"sessionId":"cf25b3","id":"log_347889184484","timestamp":347889184484,"location":"AuraPlayerController.cpp:AbilityInputReleased","message":"Input released","data":{"InputTag":"InputTag.RMB","bRightMouseDown":true},"runId":"run1"}
{"sessionId":"cf25b3","id":"log_347889263329","timestamp":347889263329,"location":"AuraPlayerController.cpp:AbilityInputHeld","message":"Input held","data":{"InputTag":"InputTag.LMB","bRightMouseDown":false},"runId":"run1"}
{"sessionId":"cf25b3","id":"log_347889346504","timestamp":347889346504,"location":"AuraPlayerController.cpp:AbilityInputHeld","message":"Input held","data":{"InputTag":"InputTag.LMB","bRightMouseDown":false},"runId":"run1"}
{"sessionId":"cf25b3","id":"log_347889430250","timestamp":347889430250,"location":"AuraPlayerController.cpp:AbilityInputHeld","message":"Input held","data":{"InputTag":"InputTag.LMB","bRightMouseDown":false},"runId":"run1"}
{"sessionId":"cf25b3","id":"log_347889513528","timestamp":347889513528,"location":"AuraPlayerController.cpp:AbilityInputHeld","message":"Input held","data":{"InputTag":"InputTag.LMB","bRightMouseDown":false},"runId":"run1"}
{"sessionId":"cf25b3","id":"log_347889597025","timestamp":347889597025,"location":"AuraPlayerController.cpp:AbilityInputHeld","message":"Input held","data":{"InputTag":"InputTag.LMB","bRightMouseDown":false},"runId":"run1"}
{"sessionId":"cf25b3","id":"log_347889682168","timestamp":347889682168,"location":"AuraPlayerController.cpp:Look","message":"Look invoked","data":{"x":-0.07000,"y":0.00000,"bRightMouseDown":false,"hypothesisId":"A"},"runId":"run1"}
{"sessionId":"cf25b3","id":"log_347889685643","timestamp":347889685643,"location":"AuraPlayerController.cpp:AbilityInputHeld","message":"Input held","data":{"InputTag":"InputTag.LMB","bRightMouseDown":false},"runId":"run1"}
{"sessionId":"cf25b3","id":"log_347889688265","timestamp":347889688265,"location":"AuraPlayerController.cpp:AbilityInputHeld","message":"Input held","data":{"InputTag":"InputTag.RMB","bRightMouseDown":false},"runId":"run1"}
{"sessionId":"cf25b3","id":"log_347889768770","timestamp":347889768770,"location":"AuraPlayerController.cpp:Look","message":"Look invoked","data":{"x":-0.21000,"y":0.00000,"bRightMouseDown":true,"hypothesisId":"A"},"runId":"run1"}
{"sessionId":"cf25b3","id":"log_347889773242","timestamp":347889773242,"location":"AuraPlayerController.cpp:AbilityInputHeld","message":"Input held","data":{"InputTag":"InputTag.LMB","bRightMouseDown":true},"runId":"run1"}
{"sessionId":"cf25b3","id":"log_347889775474","timestamp":347889775474,"location":"AuraPlayerController.cpp:AbilityInputHeld","message":"Input held","data":{"InputTag":"InputTag.RMB","bRightMouseDown":true},"runId":"run1"}
{"sessionId":"cf25b3","id":"log_347889848447","timestamp":347889848447,"location":"AuraPlayerController.cpp:Look","message":"Look invoked","data":{"x":-0.21000,"y":0.00000,"bRightMouseDown":true,"hypothesisId":"A"},"runId":"run1"}
{"sessionId":"cf25b3","id":"log_347889852114","timestamp":347889852114,"location":"AuraPlayerController.cpp:AbilityInputHeld","message":"Input held","data":{"InputTag":"InputTag.LMB","bRightMouseDown":true},"runId":"run1"}
{"sessionId":"cf25b3","id":"log_347889855521","timestamp":347889855521,"location":"AuraPlayerController.cpp:AbilityInputHeld","message":"Input held","data":{"InputTag":"InputTag.RMB","bRightMouseDown":true},"runId":"run1"}
{"sessionId":"cf25b3","id":"log_347889931881","timestamp":347889931881,"location":"AuraPlayerController.cpp:Look","message":"Look invoked","data":{"x":-0.21000,"y":0.00000,"bRightMouseDown":true,"hypothesisId":"A"},"runId":"run1"}
{"sessionId":"cf25b3","id":"log_347889937556","timestamp":347889937556,"location":"AuraPlayerController.cpp:AbilityInputHeld","message":"Input held","data":{"InputTag":"InputTag.LMB","bRightMouseDown":true},"runId":"run1"}
{"sessionId":"cf25b3","id":"log_347889940239","timestamp":347889940239,"location":"AuraPlayerController.cpp:AbilityInputHeld","message":"Input held","data":{"InputTag":"InputTag.RMB","bRightMouseDown":true},"runId":"run1"}
{"sessionId":"cf25b3","id":"log_347890015084","timestamp":347890015084,"location":"AuraPlayerController.cpp:Look","message":"Look invoked","data":{"x":-0.56000,"y":0.00000,"bRightMouseDown":true,"hypothesisId":"A"},"runId":"run1"}
{"sessionId":"cf25b3","id":"log_347890018833","timestamp":347890018833,"location":"AuraPlayerController.cpp:AbilityInputHeld","message":"Input held","data":{"InputTag":"InputTag.LMB","bRightMouseDown":true},"runId":"run1"}
{"sessionId":"cf25b3","id":"log_347890022224","timestamp":347890022224,"location":"AuraPlayerController.cpp:AbilityInputHeld","message":"Input held","data":{"InputTag":"InputTag.RMB","bRightMouseDown":true},"runId":"run1"}
{"sessionId":"cf25b3","id":"log_347890098441","timestamp":347890098441,"location":"AuraPlayerController.cpp:Look","message":"Look invoked","data":{"x":-0.42000,"y":0.00000,"bRightMouseDown":true,"hypothesisId":"A"},"runId":"run1"}
{"sessionId":"cf25b3","id":"log_347890102117","timestamp":347890102117,"location":"AuraPlayerController.cpp:AbilityInputHeld","message":"Input held","data":{"InputTag":"InputTag.LMB","bRightMouseDown":true},"runId":"run1"}
{"sessionId":"cf25b3","id":"log_347890104971","timestamp":347890104971,"location":"AuraPlayerController.cpp:AbilityInputHeld","message":"Input held","data":{"InputTag":"InputTag.RMB","bRightMouseDown":true},"runId":"run1"}
{"sessionId":"cf25b3","id":"log_347890183367","timestamp":347890183367,"location":"AuraPlayerController.cpp:Look","message":"Look invoked","data":{"x":-0.56000,"y":0.00000,"bRightMouseDown":true,"hypothesisId":"A"},"runId":"run1"}
{"sessionId":"cf25b3","id":"log_347890187964","timestamp":347890187964,"location":"AuraPlayerController.cpp:AbilityInputHeld","message":"Input held","data":{"InputTag":"InputTag.LMB","bRightMouseDown":true},"runId":"run1"}
{"sessionId":"cf25b3","id":"log_347890193633","timestamp":347890193633,"location":"AuraPlayerController.cpp:AbilityInputHeld","message":"Input held","data":{"InputTag":"InputTag.RMB","bRightMouseDown":true},"runId":"run1"}
{"sessionId":"cf25b3","id":"log_347890264775","timestamp":347890264775,"location":"AuraPlayerController.cpp:Look","message":"Look invoked","data":{"x":-0.98000,"y":0.00000,"bRightMouseDown":true,"hypothesisId":"A"},"runId":"run1"}
{"sessionId":"cf25b3","id":"log_347890269768","timestamp":347890269768,"location":"AuraPlayerController.cpp:AbilityInputHeld","message":"Input held","data":{"InputTag":"InputTag.LMB","bRightMouseDown":true},"runId":"run1"}
{"sessionId":"cf25b3","id":"log_347890272406","timestamp":347890272406,"location":"AuraPlayerController.cpp:AbilityInputHeld","message":"Input held","data":{"InputTag":"InputTag.RMB","bRightMouseDown":true},"runId":"run1"}
{"sessionId":"cf25b3","id":"log_347890348600","timestamp":347890348600,"location":"AuraPlayerController.cpp:Look","message":"Look invoked","data":{"x":-0.84000,"y":0.00000,"bRightMouseDown":true,"hypothesisId":"A"},"runId":"run1"}
{"sessionId":"cf25b3","id":"log_347890351826","timestamp":347890351826,"location":"AuraPlayerController.cpp:AbilityInputHeld","message":"Input held","data":{"InputTag":"InputTag.LMB","bRightMouseDown":true},"runId":"run1"}
{"sessionId":"cf25b3","id":"log_347890354585","timestamp":347890354585,"location":"AuraPlayerController.cpp:AbilityInputHeld","message":"Input held","data":{"InputTag":"InputTag.RMB","bRightMouseDown":true},"runId":"run1"}
{"sessionId":"cf25b3","id":"log_347890431546","timestamp":347890431546,"location":"AuraPlayerController.cpp:Look","message":"Look invoked","data":{"x":-0.91000,"y":0.00000,"bRightMouseDown":true,"hypothesisId":"A"},"runId":"run1"}
{"sessionId":"cf25b3","id":"log_347890435251","timestamp":347890435251,"location":"AuraPlayerController.cpp:AbilityInputHeld","message":"Input held","data":{"InputTag":"InputTag.LMB","bRightMouseDown":true},"runId":"run1"}
{"sessionId":"cf25b3","id":"log_347890437864","timestamp":347890437864,"location":"AuraPlayerController.cpp:AbilityInputHeld","message":"Input held","data":{"InputTag":"InputTag.RMB","bRightMouseDown":true},"runId":"run1"}
{"sessionId":"cf25b3","id":"log_347890514982","timestamp":347890514982,"location":"AuraPlayerController.cpp:Look","message":"Look invoked","data":{"x":-1.82000,"y":0.00000,"bRightMouseDown":true,"hypothesisId":"A"},"runId":"run1"}
{"sessionId":"cf25b3","id":"log_347890518898","timestamp":347890518898,"location":"AuraPlayerController.cpp:AbilityInputHeld","message":"Input held","data":{"InputTag":"InputTag.LMB","bRightMouseDown":true},"runId":"run1"}
{"sessionId":"cf25b3","id":"log_347890521677","timestamp":347890521677,"location":"AuraPlayerController.cpp:AbilityInputHeld","message":"Input held","data":{"InputTag":"InputTag.RMB","bRightMouseDown":true},"runId":"run1"}
{"sessionId":"cf25b3","id":"log_347890598637","timestamp":347890598637,"location":"AuraPlayerController.cpp:Look","message":"Look invoked","data":{"x":-0.98000,"y":0.00000,"bRightMouseDown":true,"hypothesisId":"A"},"runId":"run1"}
{"sessionId":"cf25b3","id":"log_347890603692","timestamp":347890603692,"location":"AuraPlayerController.cpp:AbilityInputHeld","message":"Input held","data":{"InputTag":"InputTag.LMB","bRightMouseDown":true},"runId":"run1"}
{"sessionId":"cf25b3","id":"log_347890606290","timestamp":347890606290,"location":"AuraPlayerController.cpp:AbilityInputHeld","message":"Input held","data":{"InputTag":"InputTag.RMB","bRightMouseDown":true},"runId":"run1"}
{"sessionId":"cf25b3","id":"log_347890681676","timestamp":347890681676,"location":"AuraPlayerController.cpp:Look","message":"Look invoked","data":{"x":-0.77000,"y":0.00000,"bRightMouseDown":true,"hypothesisId":"A"},"runId":"run1"}
{"sessionId":"cf25b3","id":"log_347890685413","timestamp":347890685413,"location":"AuraPlayerController.cpp:AbilityInputHeld","message":"Input held","data":{"InputTag":"InputTag.LMB","bRightMouseDown":true},"runId":"run1"}
{"sessionId":"cf25b3","id":"log_347890688341","timestamp":347890688341,"location":"AuraPlayerController.cpp:AbilityInputHeld","message":"Input held","data":{"InputTag":"InputTag.RMB","bRightMouseDown":true},"runId":"run1"}
{"sessionId":"cf25b3","id":"log_347890765122","timestamp":347890765122,"location":"AuraPlayerController.cpp:Look","message":"Look invoked","data":{"x":-1.68000,"y":0.00000,"bRightMouseDown":true,"hypothesisId":"A"},"runId":"run1"}
{"sessionId":"cf25b3","id":"log_347890769527","timestamp":347890769527,"location":"AuraPlayerController.cpp:AbilityInputHeld","message":"Input held","data":{"InputTag":"InputTag.LMB","bRightMouseDown":true},"runId":"run1"}
{"sessionId":"cf25b3","id":"log_347890771919","timestamp":347890771919,"location":"AuraPlayerController.cpp:AbilityInputHeld","message":"Input held","data":{"InputTag":"InputTag.RMB","bRightMouseDown":true},"runId":"run1"}
{"sessionId":"cf25b3","id":"log_347890848418","timestamp":347890848418,"location":"AuraPlayerController.cpp:Look","message":"Look invoked","data":{"x":-0.91000,"y":0.00000,"bRightMouseDown":true,"hypothesisId":"A"},"runId":"run1"}
{"sessionId":"cf25b3","id":"log_347890852410","timestamp":347890852410,"location":"AuraPlayerController.cpp:AbilityInputHeld","message":"Input held","data":{"InputTag":"InputTag.LMB","bRightMouseDown":true},"runId":"run1"}
{"sessionId":"cf25b3","id":"log_347890860820","timestamp":347890860820,"location":"AuraPlayerController.cpp:AbilityInputHeld","message":"Input held","data":{"InputTag":"InputTag.RMB","bRightMouseDown":true},"runId":"run1"}
{"sessionId":"cf25b3","id":"log_347890931481","timestamp":347890931481,"location":"AuraPlayerController.cpp:Look","message":"Look invoked","data":{"x":-0.56000,"y":0.00000,"bRightMouseDown":true,"hypothesisId":"A"},"runId":"run1"}
{"sessionId":"cf25b3","id":"log_347890936672","timestamp":347890936672,"location":"AuraPlayerController.cpp:AbilityInputHeld","message":"Input held","data":{"InputTag":"InputTag.LMB","bRightMouseDown":true},"runId":"run1"}
{"sessionId":"cf25b3","id":"log_347890938891","timestamp":347890938891,"location":"AuraPlayerController.cpp:AbilityInputHeld","message":"Input held","data":{"InputTag":"InputTag.RMB","bRightMouseDown":true},"runId":"run1"}
{"sessionId":"cf25b3","id":"log_347891015021","timestamp":347891015021,"location":"AuraPlayerController.cpp:Look","message":"Look invoked","data":{"x":-1.19000,"y":0.00000,"bRightMouseDown":true,"hypothesisId":"A"},"runId":"run1"}
{"sessionId":"cf25b3","id":"log_347891018613","timestamp":347891018613,"location":"AuraPlayerController.cpp:AbilityInputHeld","message":"Input held","data":{"InputTag":"InputTag.LMB","bRightMouseDown":true},"runId":"run1"}
{"sessionId":"cf25b3","id":"log_347891020948","timestamp":347891020948,"location":"AuraPlayerController.cpp:AbilityInputHeld","message":"Input held","data":{"InputTag":"InputTag.RMB","bRightMouseDown":true},"runId":"run1"}
{"sessionId":"cf25b3","id":"log_347891098435","timestamp":347891098435,"location":"AuraPlayerController.cpp:Look","message":"Look invoked","data":{"x":-0.63000,"y":0.00000,"bRightMouseDown":true,"hypothesisId":"A"},"runId":"run1"}
{"sessionId":"cf25b3","id":"log_347891103832","timestamp":347891103832,"location":"AuraPlayerController.cpp:AbilityInputHeld","message":"Input held","data":{"InputTag":"InputTag.LMB","bRightMouseDown":true},"runId":"run1"}
{"sessionId":"cf25b3","id":"log_347891106299","timestamp":347891106299,"location":"AuraPlayerController.cpp:AbilityInputHeld","message":"Input held","data":{"InputTag":"InputTag.RMB","bRightMouseDown":true},"runId":"run1"}
{"sessionId":"cf25b3","id":"log_347891181776","timestamp":347891181776,"location":"AuraPlayerController.cpp:Look","message":"Look invoked","data":{"x":-0.49000,"y":0.00000,"bRightMouseDown":true,"hypothesisId":"A"},"runId":"run1"}
{"sessionId":"cf25b3","id":"log_347891186043","timestamp":347891186043,"location":"AuraPlayerController.cpp:AbilityInputHeld","message":"Input held","data":{"InputTag":"InputTag.LMB","bRightMouseDown":true},"runId":"run1"}
{"sessionId":"cf25b3","id":"log_347891188778","timestamp":347891188778,"location":"AuraPlayerController.cpp:AbilityInputHeld","message":"Input held","data":{"InputTag":"InputTag.RMB","bRightMouseDown":true},"runId":"run1"}
{"sessionId":"cf25b3","id":"log_347891264954","timestamp":347891264954,"location":"AuraPlayerController.cpp:Look","message":"Look invoked","data":{"x":-0.63000,"y":0.00000,"bRightMouseDown":true,"hypothesisId":"A"},"runId":"run1"}
{"sessionId":"cf25b3","id":"log_347891270889","timestamp":347891270889,"location":"AuraPlayerController.cpp:AbilityInputHeld","message":"Input held","data":{"InputTag":"InputTag.LMB","bRightMouseDown":true},"runId":"run1"}
{"sessionId":"cf25b3","id":"log_347891273697","timestamp":347891273697,"location":"AuraPlayerController.cpp:AbilityInputHeld","message":"Input held","data":{"InputTag":"InputTag.RMB","bRightMouseDown":true},"runId":"run1"}
{"sessionId":"cf25b3","id":"log_347891351247","timestamp":347891351247,"location":"AuraPlayerController.cpp:Look","message":"Look invoked","data":{"x":-0.14000,"y":0.00000,"bRightMouseDown":true,"hypothesisId":"A"},"runId":"run1"}
{"sessionId":"cf25b3","id":"log_347891355524","timestamp":347891355524,"location":"AuraPlayerController.cpp:AbilityInputHeld","message":"Input held","data":{"InputTag":"InputTag.LMB","bRightMouseDown":true},"runId":"run1"}
{"sessionId":"cf25b3","id":"log_347891358379","timestamp":347891358379,"location":"AuraPlayerController.cpp:AbilityInputHeld","message":"Input held","data":{"InputTag":"InputTag.RMB","bRightMouseDown":true},"runId":"run1"}
{"sessionId":"cf25b3","id":"log_347891431812","timestamp":347891431812,"location":"AuraPlayerController.cpp:AbilityInputHeld","message":"Input held","data":{"InputTag":"InputTag.LMB","bRightMouseDown":true},"runId":"run1"}
{"sessionId":"cf25b3","id":"log_347891435844","timestamp":347891435844,"location":"AuraPlayerController.cpp:AbilityInputReleased","message":"Input released","data":{"InputTag":"InputTag.RMB","bRightMouseDown":true},"runId":"run1"}
{"sessionId":"cf25b3","id":"log_347891513232","timestamp":347891513232,"location":"AuraPlayerController.cpp:AbilityInputHeld","message":"Input held","data":{"InputTag":"InputTag.LMB","bRightMouseDown":false},"runId":"run1"}
{"sessionId":"cf25b3","id":"log_347891597698","timestamp":347891597698,"location":"AuraPlayerController.cpp:AbilityInputHeld","message":"Input held","data":{"InputTag":"InputTag.LMB","bRightMouseDown":false},"runId":"run1"}
{"sessionId":"cf25b3","id":"log_347891680218","timestamp":347891680218,"location":"AuraPlayerController.cpp:AbilityInputHeld","message":"Input held","data":{"InputTag":"InputTag.LMB","bRightMouseDown":false},"runId":"run1"}
{"sessionId":"cf25b3","id":"log_347891764032","timestamp":347891764032,"location":"AuraPlayerController.cpp:AbilityInputHeld","message":"Input held","data":{"InputTag":"InputTag.LMB","bRightMouseDown":false},"runId":"run1"}
{"sessionId":"cf25b3","id":"log_347891849211","timestamp":347891849211,"location":"AuraPlayerController.cpp:Look","message":"Look invoked","data":{"x":0.21000,"y":0.00000,"bRightMouseDown":false,"hypothesisId":"A"},"runId":"run1"}
{"sessionId":"cf25b3","id":"log_347891853783","timestamp":347891853783,"location":"AuraPlayerController.cpp:AbilityInputHeld","message":"Input held","data":{"InputTag":"InputTag.LMB","bRightMouseDown":false},"runId":"run1"}
{"sessionId":"cf25b3","id":"log_347891855796","timestamp":347891855796,"location":"AuraPlayerController.cpp:AbilityInputHeld","message":"Input held","data":{"InputTag":"InputTag.RMB","bRightMouseDown":false},"runId":"run1"}
{"sessionId":"cf25b3","id":"log_347891931436","timestamp":347891931436,"location":"AuraPlayerController.cpp:Look","message":"Look invoked","data":{"x":0.28000,"y":0.00000,"bRightMouseDown":true,"hypothesisId":"A"},"runId":"run1"}
{"sessionId":"cf25b3","id":"log_347891935621","timestamp":347891935621,"location":"AuraPlayerController.cpp:AbilityInputHeld","message":"Input held","data":{"InputTag":"InputTag.LMB","bRightMouseDown":true},"runId":"run1"}
{"sessionId":"cf25b3","id":"log_347891937931","timestamp":347891937931,"location":"AuraPlayerController.cpp:AbilityInputHeld","message":"Input held","data":{"InputTag":"InputTag.RMB","bRightMouseDown":true},"runId":"run1"}
{"sessionId":"cf25b3","id":"log_347892015230","timestamp":347892015230,"location":"AuraPlayerController.cpp:Look","message":"Look invoked","data":{"x":0.77000,"y":0.00000,"bRightMouseDown":true,"hypothesisId":"A"},"runId":"run1"}
{"sessionId":"cf25b3","id":"log_347892019735","timestamp":347892019735,"location":"AuraPlayerController.cpp:AbilityInputHeld","message":"Input held","data":{"InputTag":"InputTag.LMB","bRightMouseDown":true},"runId":"run1"}
{"sessionId":"cf25b3","id":"log_347892022502","timestamp":347892022502,"location":"AuraPlayerController.cpp:AbilityInputHeld","message":"Input held","data":{"InputTag":"InputTag.RMB","bRightMouseDown":true},"runId":"run1"}
{"sessionId":"cf25b3","id":"log_347892099219","timestamp":347892099219,"location":"AuraPlayerController.cpp:Look","message":"Look invoked","data":{"x":0.42000,"y":0.00000,"bRightMouseDown":true,"hypothesisId":"A"},"runId":"run1"}
{"sessionId":"cf25b3","id":"log_347892101862","timestamp":347892101862,"location":"AuraPlayerController.cpp:AbilityInputHeld","message":"Input held","data":{"InputTag":"InputTag.LMB","bRightMouseDown":true},"runId":"run1"}
{"sessionId":"cf25b3","id":"log_347892104775","timestamp":347892104775,"location":"AuraPlayerController.cpp:AbilityInputHeld","message":"Input held","data":{"InputTag":"InputTag.RMB","bRightMouseDown":true},"runId":"run1"}
{"sessionId":"cf25b3","id":"log_347892181837","timestamp":347892181837,"location":"AuraPlayerController.cpp:Look","message":"Look invoked","data":{"x":0.42000,"y":0.00000,"bRightMouseDown":true,"hypothesisId":"A"},"runId":"run1"}
{"sessionId":"cf25b3","id":"log_347892185698","timestamp":347892185698,"location":"AuraPlayerController.cpp:AbilityInputHeld","message":"Input held","data":{"InputTag":"InputTag.LMB","bRightMouseDown":true},"runId":"run1"}
{"sessionId":"cf25b3","id":"log_347892189014","timestamp":347892189014,"location":"AuraPlayerController.cpp:AbilityInputHeld","message":"Input held","data":{"InputTag":"InputTag.RMB","bRightMouseDown":true},"runId":"run1"}
{"sessionId":"cf25b3","id":"log_347892266288","timestamp":347892266288,"location":"AuraPlayerController.cpp:Look","message":"Look invoked","data":{"x":0.98000,"y":0.00000,"bRightMouseDown":true,"hypothesisId":"A"},"runId":"run1"}
{"sessionId":"cf25b3","id":"log_347892270948","timestamp":347892270948,"location":"AuraPlayerController.cpp:AbilityInputHeld","message":"Input held","data":{"InputTag":"InputTag.LMB","bRightMouseDown":true},"runId":"run1"}
{"sessionId":"cf25b3","id":"log_347892274086","timestamp":347892274086,"location":"AuraPlayerController.cpp:AbilityInputHeld","message":"Input held","data":{"InputTag":"InputTag.RMB","bRightMouseDown":true},"runId":"run1"}
{"sessionId":"cf25b3","id":"log_347892348571","timestamp":347892348571,"location":"AuraPlayerController.cpp:Look","message":"Look invoked","data":{"x":0.56000,"y":0.00000,"bRightMouseDown":true,"hypothesisId":"A"},"runId":"run1"}
{"sessionId":"cf25b3","id":"log_347892352388","timestamp":347892352388,"location":"AuraPlayerController.cpp:AbilityInputHeld","message":"Input held","data":{"InputTag":"InputTag.LMB","bRightMouseDown":true},"runId":"run1"}
{"sessionId":"cf25b3","id":"log_347892354676","timestamp":347892354676,"location":"AuraPlayerController.cpp:AbilityInputHeld","message":"Input held","data":{"InputTag":"InputTag.RMB","bRightMouseDown":true},"runId":"run1"}
{"sessionId":"cf25b3","id":"log_347892431530","timestamp":347892431530,"location":"AuraPlayerController.cpp:Look","message":"Look invoked","data":{"x":0.49000,"y":0.00000,"bRightMouseDown":true,"hypothesisId":"A"},"runId":"run1"}
{"sessionId":"cf25b3","id":"log_347892435401","timestamp":347892435401,"location":"AuraPlayerController.cpp:AbilityInputHeld","message":"Input held","data":{"InputTag":"InputTag.LMB","bRightMouseDown":true},"runId":"run1"}
{"sessionId":"cf25b3","id":"log_347892438018","timestamp":347892438018,"location":"AuraPlayerController.cpp:AbilityInputHeld","message":"Input held","data":{"InputTag":"InputTag.RMB","bRightMouseDown":true},"runId":"run1"}
{"sessionId":"cf25b3","id":"log_347892516439","timestamp":347892516439,"location":"AuraPlayerController.cpp:Look","message":"Look invoked","data":{"x":1.40000,"y":0.00000,"bRightMouseDown":true,"hypothesisId":"A"},"runId":"run1"}
{"sessionId":"cf25b3","id":"log_347892520388","timestamp":347892520388,"location":"AuraPlayerController.cpp:AbilityInputHeld","message":"Input held","data":{"InputTag":"InputTag.LMB","bRightMouseDown":true},"runId":"run1"}
{"sessionId":"cf25b3","id":"log_347892522594","timestamp":347892522594,"location":"AuraPlayerController.cpp:AbilityInputHeld","message":"Input held","data":{"InputTag":"InputTag.RMB","bRightMouseDown":true},"runId":"run1"}
{"sessionId":"cf25b3","id":"log_347892599263","timestamp":347892599263,"location":"AuraPlayerController.cpp:Look","message":"Look invoked","data":{"x":0.77000,"y":0.00000,"bRightMouseDown":true,"hypothesisId":"A"},"runId":"run1"}
{"sessionId":"cf25b3","id":"log_347892604570","timestamp":347892604570,"location":"AuraPlayerController.cpp:AbilityInputHeld","message":"Input held","data":{"InputTag":"InputTag.LMB","bRightMouseDown":true},"runId":"run1"}
{"sessionId":"cf25b3","id":"log_347892608406","timestamp":347892608406,"location":"AuraPlayerController.cpp:AbilityInputHeld","message":"Input held","data":{"InputTag":"InputTag.RMB","bRightMouseDown":true},"runId":"run1"}
{"sessionId":"cf25b3","id":"log_347892682970","timestamp":347892682970,"location":"AuraPlayerController.cpp:Look","message":"Look invoked","data":{"x":0.49000,"y":0.00000,"bRightMouseDown":true,"hypothesisId":"A"},"runId":"run1"}
{"sessionId":"cf25b3","id":"log_347892686249","timestamp":347892686249,"location":"AuraPlayerController.cpp:AbilityInputHeld","message":"Input held","data":{"InputTag":"InputTag.LMB","bRightMouseDown":true},"runId":"run1"}
{"sessionId":"cf25b3","id":"log_347892689079","timestamp":347892689079,"location":"AuraPlayerController.cpp:AbilityInputHeld","message":"Input held","data":{"InputTag":"InputTag.RMB","bRightMouseDown":true},"runId":"run1"}
{"sessionId":"cf25b3","id":"log_347892765125","timestamp":347892765125,"location":"AuraPlayerController.cpp:Look","message":"Look invoked","data":{"x":1.12000,"y":0.00000,"bRightMouseDown":true,"hypothesisId":"A"},"runId":"run1"}
{"sessionId":"cf25b3","id":"log_347892768512","timestamp":347892768512,"location":"AuraPlayerController.cpp:AbilityInputHeld","message":"Input held","data":{"InputTag":"InputTag.LMB","bRightMouseDown":true},"runId":"run1"}
{"sessionId":"cf25b3","id":"log_347892771324","timestamp":347892771324,"location":"AuraPlayerController.cpp:AbilityInputHeld","message":"Input held","data":{"InputTag":"InputTag.RMB","bRightMouseDown":true},"runId":"run1"}
{"sessionId":"cf25b3","id":"log_347892848588","timestamp":347892848588,"location":"AuraPlayerController.cpp:Look","message":"Look invoked","data":{"x":0.56000,"y":0.00000,"bRightMouseDown":true,"hypothesisId":"A"},"runId":"run1"}
{"sessionId":"cf25b3","id":"log_347892852628","timestamp":347892852628,"location":"AuraPlayerController.cpp:AbilityInputHeld","message":"Input held","data":{"InputTag":"InputTag.LMB","bRightMouseDown":true},"runId":"run1"}
{"sessionId":"cf25b3","id":"log_347892855501","timestamp":347892855501,"location":"AuraPlayerController.cpp:AbilityInputHeld","message":"Input held","data":{"InputTag":"InputTag.RMB","bRightMouseDown":true},"runId":"run1"}
{"sessionId":"cf25b3","id":"log_347892932829","timestamp":347892932829,"location":"AuraPlayerController.cpp:Look","message":"Look invoked","data":{"x":0.35000,"y":0.00000,"bRightMouseDown":true,"hypothesisId":"A"},"runId":"run1"}
{"sessionId":"cf25b3","id":"log_347892936420","timestamp":347892936420,"location":"AuraPlayerController.cpp:AbilityInputHeld","message":"Input held","data":{"InputTag":"InputTag.LMB","bRightMouseDown":true},"runId":"run1"}
{"sessionId":"cf25b3","id":"log_347892939431","timestamp":347892939431,"location":"AuraPlayerController.cpp:AbilityInputHeld","message":"Input held","data":{"InputTag":"InputTag.RMB","bRightMouseDown":true},"runId":"run1"}
{"sessionId":"cf25b3","id":"log_347893015104","timestamp":347893015104,"location":"AuraPlayerController.cpp:Look","message":"Look invoked","data":{"x":0.49000,"y":0.00000,"bRightMouseDown":true,"hypothesisId":"A"},"runId":"run1"}
{"sessionId":"cf25b3","id":"log_347893018454","timestamp":347893018454,"location":"AuraPlayerController.cpp:AbilityInputHeld","message":"Input held","data":{"InputTag":"InputTag.LMB","bRightMouseDown":true},"runId":"run1"}
{"sessionId":"cf25b3","id":"log_347893021751","timestamp":347893021751,"location":"AuraPlayerController.cpp:AbilityInputHeld","message":"Input held","data":{"InputTag":"InputTag.RMB","bRightMouseDown":true},"runId":"run1"}
{"sessionId":"cf25b3","id":"log_347893099185","timestamp":347893099185,"location":"AuraPlayerController.cpp:Look","message":"Look invoked","data":{"x":0.14000,"y":0.00000,"bRightMouseDown":true,"hypothesisId":"A"},"runId":"run1"}
{"sessionId":"cf25b3","id":"log_347893104172","timestamp":347893104172,"location":"AuraPlayerController.cpp:AbilityInputHeld","message":"Input held","data":{"InputTag":"InputTag.LMB","bRightMouseDown":true},"runId":"run1"}
{"sessionId":"cf25b3","id":"log_347893107238","timestamp":347893107238,"location":"AuraPlayerController.cpp:AbilityInputHeld","message":"Input held","data":{"InputTag":"InputTag.RMB","bRightMouseDown":true},"runId":"run1"}
{"sessionId":"cf25b3","id":"log_347893180547","timestamp":347893180547,"location":"AuraPlayerController.cpp:AbilityInputHeld","message":"Input held","data":{"InputTag":"InputTag.LMB","bRightMouseDown":true},"runId":"run1"}
{"sessionId":"cf25b3","id":"log_347893183862","timestamp":347893183862,"location":"AuraPlayerController.cpp:AbilityInputReleased","message":"Input released","data":{"InputTag":"InputTag.RMB","bRightMouseDown":true},"runId":"run1"}
{"sessionId":"cf25b3","id":"log_347893264174","timestamp":347893264174,"location":"AuraPlayerController.cpp:AbilityInputHeld","message":"Input held","data":{"InputTag":"InputTag.LMB","bRightMouseDown":false},"runId":"run1"}
{"sessionId":"cf25b3","id":"log_347893347332","timestamp":347893347332,"location":"AuraPlayerController.cpp:AbilityInputHeld","message":"Input held","data":{"InputTag":"InputTag.LMB","bRightMouseDown":false},"runId":"run1"}
{"sessionId":"cf25b3","id":"log_347893430549","timestamp":347893430549,"location":"AuraPlayerController.cpp:AbilityInputHeld","message":"Input held","data":{"InputTag":"InputTag.LMB","bRightMouseDown":false},"runId":"run1"}
{"sessionId":"cf25b3","id":"log_347893513636","timestamp":347893513636,"location":"AuraPlayerController.cpp:AbilityInputHeld","message":"Input held","data":{"InputTag":"InputTag.LMB","bRightMouseDown":false},"runId":"run1"}
{"sessionId":"cf25b3","id":"log_347893600876","timestamp":347893600876,"location":"AuraPlayerController.cpp:AbilityInputHeld","message":"Input held","data":{"InputTag":"InputTag.LMB","bRightMouseDown":false},"runId":"run1"}
{"sessionId":"cf25b3","id":"log_347893680941","timestamp":347893680941,"location":"AuraPlayerController.cpp:AbilityInputHeld","message":"Input held","data":{"InputTag":"InputTag.LMB","bRightMouseDown":false},"runId":"run1"}
{"sessionId":"cf25b3","id":"log_347893763987","timestamp":347893763987,"location":"AuraPlayerController.cpp:AbilityInputHeld","message":"Input held","data":{"InputTag":"InputTag.LMB","bRightMouseDown":false},"runId":"run1"}
{"sessionId":"cf25b3","id":"log_347893846767","timestamp":347893846767,"location":"AuraPlayerController.cpp:AbilityInputHeld","message":"Input held","data":{"InputTag":"InputTag.LMB","bRightMouseDown":false},"runId":"run1"}
{"sessionId":"cf25b3","id":"log_347893930232","timestamp":347893930232,"location":"AuraPlayerController.cpp:AbilityInputHeld","message":"Input held","data":{"InputTag":"InputTag.LMB","bRightMouseDown":false},"runId":"run1"}
{"sessionId":"cf25b3","id":"log_347894013306","timestamp":347894013306,"location":"AuraPlayerController.cpp:AbilityInputHeld","message":"Input held","data":{"InputTag":"InputTag.LMB","bRightMouseDown":false},"runId":"run1"}
{"sessionId":"cf25b3","id":"log_347894097000","timestamp":347894097000,"location":"AuraPlayerController.cpp:AbilityInputHeld","message":"Input held","data":{"InputTag":"InputTag.LMB","bRightMouseDown":false},"runId":"run1"}
{"sessionId":"cf25b3","id":"log_347894180321","timestamp":347894180321,"location":"AuraPlayerController.cpp:AbilityInputHeld","message":"Input held","data":{"InputTag":"InputTag.LMB","bRightMouseDown":false},"runId":"run1"}
{"sessionId":"cf25b3","id":"log_347894267974","timestamp":347894267974,"location":"AuraPlayerController.cpp:AbilityInputReleased","message":"Input released","data":{"InputTag":"InputTag.LMB","bRightMouseDown":false},"runId":"run1"}
{"sessionId":"cf25b3","id":"log_348928393076","timestamp":348928393076,"location":"AuraPlayerController.cpp:AbilityInputHeld","message":"Input held","data":{"InputTag":"InputTag.LMB","bRightMouseDown":false},"runId":"run1"}
{"sessionId":"cf25b3","id":"log_348928473498","timestamp":348928473498,"location":"AuraPlayerController.cpp:AbilityInputHeld","message":"Input held","data":{"InputTag":"InputTag.LMB","bRightMouseDown":false},"runId":"run1"}
{"sessionId":"cf25b3","id":"log_348928553612","timestamp":348928553612,"location":"AuraPlayerController.cpp:AbilityInputHeld","message":"Input held","data":{"InputTag":"InputTag.LMB","bRightMouseDown":false},"runId":"run1"}
{"sessionId":"cf25b3","id":"log_348928636567","timestamp":348928636567,"location":"AuraPlayerController.cpp:AbilityInputHeld","message":"Input held","data":{"InputTag":"InputTag.LMB","bRightMouseDown":false},"runId":"run1"}
{"sessionId":"cf25b3","id":"log_348928720000","timestamp":348928720000,"location":"AuraPlayerController.cpp:AbilityInputHeld","message":"Input held","data":{"InputTag":"InputTag.LMB","bRightMouseDown":false},"runId":"run1"}
{"sessionId":"cf25b3","id":"log_348928802994","timestamp":348928802994,"location":"AuraPlayerController.cpp:AbilityInputHeld","message":"Input held","data":{"InputTag":"InputTag.LMB","bRightMouseDown":false},"runId":"run1"}
{"sessionId":"cf25b3","id":"log_348928886514","timestamp":348928886514,"location":"AuraPlayerController.cpp:AbilityInputHeld","message":"Input held","data":{"InputTag":"InputTag.LMB","bRightMouseDown":false},"runId":"run1"}
{"sessionId":"cf25b3","id":"log_348928969788","timestamp":348928969788,"location":"AuraPlayerController.cpp:AbilityInputHeld","message":"Input held","data":{"InputTag":"InputTag.LMB","bRightMouseDown":false},"runId":"run1"}
{"sessionId":"cf25b3","id":"log_348929052835","timestamp":348929052835,"location":"AuraPlayerController.cpp:AbilityInputHeld","message":"Input held","data":{"InputTag":"InputTag.LMB","bRightMouseDown":false},"runId":"run1"}
{"sessionId":"cf25b3","id":"log_348929138086","timestamp":348929138086,"location":"AuraPlayerController.cpp:AbilityInputHeld","message":"Input held","data":{"InputTag":"InputTag.LMB","bRightMouseDown":false},"runId":"run1"}
{"sessionId":"cf25b3","id":"log_348929219897","timestamp":348929219897,"location":"AuraPlayerController.cpp:AbilityInputHeld","message":"Input held","data":{"InputTag":"InputTag.LMB","bRightMouseDown":false},"runId":"run1"}
{"sessionId":"cf25b3","id":"log_348929305330","timestamp":348929305330,"location":"AuraPlayerController.cpp:AbilityInputHeld","message":"Input held","data":{"InputTag":"InputTag.LMB","bRightMouseDown":false},"runId":"run1"}
{"sessionId":"cf25b3","id":"log_348929386518","timestamp":348929386518,"location":"AuraPlayerController.cpp:AbilityInputHeld","message":"Input held","data":{"InputTag":"InputTag.LMB","bRightMouseDown":false},"runId":"run1"}
{"sessionId":"cf25b3","id":"log_348929469794","timestamp":348929469794,"location":"AuraPlayerController.cpp:AbilityInputHeld","message":"Input held","data":{"InputTag":"InputTag.LMB","bRightMouseDown":false},"runId":"run1"}
{"sessionId":"cf25b3","id":"log_348929552889","timestamp":348929552889,"location":"AuraPlayerController.cpp:AbilityInputHeld","message":"Input held","data":{"InputTag":"InputTag.LMB","bRightMouseDown":false},"runId":"run1"}
{"sessionId":"cf25b3","id":"log_348929639058","timestamp":348929639058,"location":"AuraPlayerController.cpp:AbilityInputReleased","message":"Input released","data":{"InputTag":"InputTag.LMB","bRightMouseDown":false},"runId":"run1"}
{"sessionId":"cf25b3","id":"log_348932807194","timestamp":348932807194,"location":"AuraPlayerController.cpp:AbilityInputHeld","message":"Input held","data":{"InputTag":"InputTag.LMB","bRightMouseDown":false},"runId":"run1"}
{"sessionId":"cf25b3","id":"log_348932887588","timestamp":348932887588,"location":"AuraPlayerController.cpp:Look","message":"Look invoked","data":{"x":0.07000,"y":0.00000,"bRightMouseDown":false,"hypothesisId":"A"},"runId":"run1"}
{"sessionId":"cf25b3","id":"log_348932891783","timestamp":348932891783,"location":"AuraPlayerController.cpp:AbilityInputHeld","message":"Input held","data":{"InputTag":"InputTag.LMB","bRightMouseDown":false},"runId":"run1"}
{"sessionId":"cf25b3","id":"log_348932894744","timestamp":348932894744,"location":"AuraPlayerController.cpp:AbilityInputHeld","message":"Input held","data":{"InputTag":"InputTag.RMB","bRightMouseDown":false},"runId":"run1"}
{"sessionId":"cf25b3","id":"log_348932969583","timestamp":348932969583,"location":"AuraPlayerController.cpp:AbilityInputHeld","message":"Input held","data":{"InputTag":"InputTag.LMB","bRightMouseDown":true},"runId":"run1"}
{"sessionId":"cf25b3","id":"log_348932974047","timestamp":348932974047,"location":"AuraPlayerController.cpp:AbilityInputReleased","message":"Input released","data":{"InputTag":"InputTag.RMB","bRightMouseDown":true},"runId":"run1"}
{"sessionId":"cf25b3","id":"log_348933053325","timestamp":348933053325,"location":"AuraPlayerController.cpp:AbilityInputHeld","message":"Input held","data":{"InputTag":"InputTag.LMB","bRightMouseDown":false},"runId":"run1"}
{"sessionId":"cf25b3","id":"log_348933137317","timestamp":348933137317,"location":"AuraPlayerController.cpp:Look","message":"Look invoked","data":{"x":0.07000,"y":0.00000,"bRightMouseDown":false,"hypothesisId":"A"},"runId":"run1"}
{"sessionId":"cf25b3","id":"log_348933141530","timestamp":348933141530,"location":"AuraPlayerController.cpp:AbilityInputHeld","message":"Input held","data":{"InputTag":"InputTag.LMB","bRightMouseDown":false},"runId":"run1"}
{"sessionId":"cf25b3","id":"log_348933144100","timestamp":348933144100,"location":"AuraPlayerController.cpp:AbilityInputHeld","message":"Input held","data":{"InputTag":"InputTag.RMB","bRightMouseDown":false},"runId":"run1"}
{"sessionId":"cf25b3","id":"log_348933228083","timestamp":348933228083,"location":"AuraPlayerController.cpp:Look","message":"Look invoked","data":{"x":-0.14000,"y":0.00000,"bRightMouseDown":true,"hypothesisId":"A"},"runId":"run1"}
{"sessionId":"cf25b3","id":"log_348933232498","timestamp":348933232498,"location":"AuraPlayerController.cpp:AbilityInputHeld","message":"Input held","data":{"InputTag":"InputTag.LMB","bRightMouseDown":true},"runId":"run1"}
{"sessionId":"cf25b3","id":"log_348933235059","timestamp":348933235059,"location":"AuraPlayerController.cpp:AbilityInputHeld","message":"Input held","data":{"InputTag":"InputTag.RMB","bRightMouseDown":true},"runId":"run1"}
{"sessionId":"cf25b3","id":"log_348933304563","timestamp":348933304563,"location":"AuraPlayerController.cpp:Look","message":"Look invoked","data":{"x":-0.14000,"y":0.00000,"bRightMouseDown":true,"hypothesisId":"A"},"runId":"run1"}
{"sessionId":"cf25b3","id":"log_348933308607","timestamp":348933308607,"location":"AuraPlayerController.cpp:AbilityInputHeld","message":"Input held","data":{"InputTag":"InputTag.LMB","bRightMouseDown":true},"runId":"run1"}
{"sessionId":"cf25b3","id":"log_348933311228","timestamp":348933311228,"location":"AuraPlayerController.cpp:AbilityInputHeld","message":"Input held","data":{"InputTag":"InputTag.RMB","bRightMouseDown":true},"runId":"run1"}
{"sessionId":"cf25b3","id":"log_348933388709","timestamp":348933388709,"location":"AuraPlayerController.cpp:Look","message":"Look invoked","data":{"x":-0.14000,"y":0.00000,"bRightMouseDown":true,"hypothesisId":"A"},"runId":"run1"}
{"sessionId":"cf25b3","id":"log_348933393364","timestamp":348933393364,"location":"AuraPlayerController.cpp:AbilityInputHeld","message":"Input held","data":{"InputTag":"InputTag.LMB","bRightMouseDown":true},"runId":"run1"}
{"sessionId":"cf25b3","id":"log_348933396161","timestamp":348933396161,"location":"AuraPlayerController.cpp:AbilityInputHeld","message":"Input held","data":{"InputTag":"InputTag.RMB","bRightMouseDown":true},"runId":"run1"}
{"sessionId":"cf25b3","id":"log_348933470815","timestamp":348933470815,"location":"AuraPlayerController.cpp:Look","message":"Look invoked","data":{"x":-0.35000,"y":0.00000,"bRightMouseDown":true,"hypothesisId":"A"},"runId":"run1"}
{"sessionId":"cf25b3","id":"log_348933474897","timestamp":348933474897,"location":"AuraPlayerController.cpp:AbilityInputHeld","message":"Input held","data":{"InputTag":"InputTag.LMB","bRightMouseDown":true},"runId":"run1"}
{"sessionId":"cf25b3","id":"log_348933477727","timestamp":348933477727,"location":"AuraPlayerController.cpp:AbilityInputHeld","message":"Input held","data":{"InputTag":"InputTag.RMB","bRightMouseDown":true},"runId":"run1"}
{"sessionId":"cf25b3","id":"log_348933554387","timestamp":348933554387,"location":"AuraPlayerController.cpp:Look","message":"Look invoked","data":{"x":-0.21000,"y":0.00000,"bRightMouseDown":true,"hypothesisId":"A"},"runId":"run1"}
{"sessionId":"cf25b3","id":"log_348933558603","timestamp":348933558603,"location":"AuraPlayerController.cpp:AbilityInputHeld","message":"Input held","data":{"InputTag":"InputTag.LMB","bRightMouseDown":true},"runId":"run1"}
{"sessionId":"cf25b3","id":"log_348933563667","timestamp":348933563667,"location":"AuraPlayerController.cpp:AbilityInputHeld","message":"Input held","data":{"InputTag":"InputTag.RMB","bRightMouseDown":true},"runId":"run1"}
{"sessionId":"cf25b3","id":"log_348933638514","timestamp":348933638514,"location":"AuraPlayerController.cpp:Look","message":"Look invoked","data":{"x":-0.28000,"y":0.00000,"bRightMouseDown":true,"hypothesisId":"A"},"runId":"run1"}
{"sessionId":"cf25b3","id":"log_348933642031","timestamp":348933642031,"location":"AuraPlayerController.cpp:AbilityInputHeld","message":"Input held","data":{"InputTag":"InputTag.LMB","bRightMouseDown":true},"runId":"run1"}
{"sessionId":"cf25b3","id":"log_348933644918","timestamp":348933644918,"location":"AuraPlayerController.cpp:AbilityInputHeld","message":"Input held","data":{"InputTag":"InputTag.RMB","bRightMouseDown":true},"runId":"run1"}
{"sessionId":"cf25b3","id":"log_348933720424","timestamp":348933720424,"location":"AuraPlayerController.cpp:Look","message":"Look invoked","data":{"x":-0.35000,"y":0.00000,"bRightMouseDown":true,"hypothesisId":"A"},"runId":"run1"}
{"sessionId":"cf25b3","id":"log_348933723775","timestamp":348933723775,"location":"AuraPlayerController.cpp:AbilityInputHeld","message":"Input held","data":{"InputTag":"InputTag.LMB","bRightMouseDown":true},"runId":"run1"}
{"sessionId":"cf25b3","id":"log_348933726478","timestamp":348933726478,"location":"AuraPlayerController.cpp:AbilityInputHeld","message":"Input held","data":{"InputTag":"InputTag.RMB","bRightMouseDown":true},"runId":"run1"}
{"sessionId":"cf25b3","id":"log_348933803798","timestamp":348933803798,"location":"AuraPlayerController.cpp:Look","message":"Look invoked","data":{"x":-0.28000,"y":0.00000,"bRightMouseDown":true,"hypothesisId":"A"},"runId":"run1"}
{"sessionId":"cf25b3","id":"log_348933807894","timestamp":348933807894,"location":"AuraPlayerController.cpp:AbilityInputHeld","message":"Input held","data":{"InputTag":"InputTag.LMB","bRightMouseDown":true},"runId":"run1"}
{"sessionId":"cf25b3","id":"log_348933811525","timestamp":348933811525,"location":"AuraPlayerController.cpp:AbilityInputHeld","message":"Input held","data":{"InputTag":"InputTag.RMB","bRightMouseDown":true},"runId":"run1"}
{"sessionId":"cf25b3","id":"log_348933889347","timestamp":348933889347,"location":"AuraPlayerController.cpp:Look","message":"Look invoked","data":{"x":-0.21000,"y":0.00000,"bRightMouseDown":true,"hypothesisId":"A"},"runId":"run1"}
{"sessionId":"cf25b3","id":"log_348933893928","timestamp":348933893928,"location":"AuraPlayerController.cpp:AbilityInputHeld","message":"Input held","data":{"InputTag":"InputTag.LMB","bRightMouseDown":true},"runId":"run1"}
{"sessionId":"cf25b3","id":"log_348933896526","timestamp":348933896526,"location":"AuraPlayerController.cpp:AbilityInputHeld","message":"Input held","data":{"InputTag":"InputTag.RMB","bRightMouseDown":true},"runId":"run1"}
{"sessionId":"cf25b3","id":"log_348933971520","timestamp":348933971520,"location":"AuraPlayerController.cpp:Look","message":"Look invoked","data":{"x":-0.42000,"y":0.00000,"bRightMouseDown":true,"hypothesisId":"A"},"runId":"run1"}
{"sessionId":"cf25b3","id":"log_348933975317","timestamp":348933975317,"location":"AuraPlayerController.cpp:AbilityInputHeld","message":"Input held","data":{"InputTag":"InputTag.LMB","bRightMouseDown":true},"runId":"run1"}
{"sessionId":"cf25b3","id":"log_348933978107","timestamp":348933978107,"location":"AuraPlayerController.cpp:AbilityInputHeld","message":"Input held","data":{"InputTag":"InputTag.RMB","bRightMouseDown":true},"runId":"run1"}
{"sessionId":"cf25b3","id":"log_348934054407","timestamp":348934054407,"location":"AuraPlayerController.cpp:Look","message":"Look invoked","data":{"x":-0.28000,"y":0.00000,"bRightMouseDown":true,"hypothesisId":"A"},"runId":"run1"}
{"sessionId":"cf25b3","id":"log_348934058726","timestamp":348934058726,"location":"AuraPlayerController.cpp:AbilityInputHeld","message":"Input held","data":{"InputTag":"InputTag.LMB","bRightMouseDown":true},"runId":"run1"}
{"sessionId":"cf25b3","id":"log_348934061458","timestamp":348934061458,"location":"AuraPlayerController.cpp:AbilityInputHeld","message":"Input held","data":{"InputTag":"InputTag.RMB","bRightMouseDown":true},"runId":"run1"}
{"sessionId":"cf25b3","id":"log_348934137441","timestamp":348934137441,"location":"AuraPlayerController.cpp:Look","message":"Look invoked","data":{"x":-0.28000,"y":0.00000,"bRightMouseDown":true,"hypothesisId":"A"},"runId":"run1"}
{"sessionId":"cf25b3","id":"log_348934140848","timestamp":348934140848,"location":"AuraPlayerController.cpp:AbilityInputHeld","message":"Input held","data":{"InputTag":"InputTag.LMB","bRightMouseDown":true},"runId":"run1"}
{"sessionId":"cf25b3","id":"log_348934143296","timestamp":348934143296,"location":"AuraPlayerController.cpp:AbilityInputHeld","message":"Input held","data":{"InputTag":"InputTag.RMB","bRightMouseDown":true},"runId":"run1"}
{"sessionId":"cf25b3","id":"log_348934220838","timestamp":348934220838,"location":"AuraPlayerController.cpp:Look","message":"Look invoked","data":{"x":-0.42000,"y":0.00000,"bRightMouseDown":true,"hypothesisId":"A"},"runId":"run1"}
{"sessionId":"cf25b3","id":"log_348934224915","timestamp":348934224915,"location":"AuraPlayerController.cpp:AbilityInputHeld","message":"Input held","data":{"InputTag":"InputTag.LMB","bRightMouseDown":true},"runId":"run1"}
{"sessionId":"cf25b3","id":"log_348934230094","timestamp":348934230094,"location":"AuraPlayerController.cpp:AbilityInputHeld","message":"Input held","data":{"InputTag":"InputTag.RMB","bRightMouseDown":true},"runId":"run1"}
{"sessionId":"cf25b3","id":"log_348934305180","timestamp":348934305180,"location":"AuraPlayerController.cpp:Look","message":"Look invoked","data":{"x":-0.28000,"y":0.00000,"bRightMouseDown":true,"hypothesisId":"A"},"runId":"run1"}
{"sessionId":"cf25b3","id":"log_348934309550","timestamp":348934309550,"location":"AuraPlayerController.cpp:AbilityInputHeld","message":"Input held","data":{"InputTag":"InputTag.LMB","bRightMouseDown":true},"runId":"run1"}
{"sessionId":"cf25b3","id":"log_348934311772","timestamp":348934311772,"location":"AuraPlayerController.cpp:AbilityInputHeld","message":"Input held","data":{"InputTag":"InputTag.RMB","bRightMouseDown":true},"runId":"run1"}
{"sessionId":"cf25b3","id":"log_348934387401","timestamp":348934387401,"location":"AuraPlayerController.cpp:Look","message":"Look invoked","data":{"x":-0.28000,"y":0.00000,"bRightMouseDown":true,"hypothesisId":"A"},"runId":"run1"}
{"sessionId":"cf25b3","id":"log_348934392001","timestamp":348934392001,"location":"AuraPlayerController.cpp:AbilityInputHeld","message":"Input held","data":{"InputTag":"InputTag.LMB","bRightMouseDown":true},"runId":"run1"}
{"sessionId":"cf25b3","id":"log_348934395345","timestamp":348934395345,"location":"AuraPlayerController.cpp:AbilityInputHeld","message":"Input held","data":{"InputTag":"InputTag.RMB","bRightMouseDown":true},"runId":"run1"}
{"sessionId":"cf25b3","id":"log_348934475865","timestamp":348934475865,"location":"AuraPlayerController.cpp:Look","message":"Look invoked","data":{"x":-0.49000,"y":0.00000,"bRightMouseDown":true,"hypothesisId":"A"},"runId":"run1"}
{"sessionId":"cf25b3","id":"log_348934480174","timestamp":348934480174,"location":"AuraPlayerController.cpp:AbilityInputHeld","message":"Input held","data":{"InputTag":"InputTag.LMB","bRightMouseDown":true},"runId":"run1"}
{"sessionId":"cf25b3","id":"log_348934482955","timestamp":348934482955,"location":"AuraPlayerController.cpp:AbilityInputHeld","message":"Input held","data":{"InputTag":"InputTag.RMB","bRightMouseDown":true},"runId":"run1"}
{"sessionId":"cf25b3","id":"log_348934554198","timestamp":348934554198,"location":"AuraPlayerController.cpp:Look","message":"Look invoked","data":{"x":-0.21000,"y":0.00000,"bRightMouseDown":true,"hypothesisId":"A"},"runId":"run1"}
{"sessionId":"cf25b3","id":"log_348934557930","timestamp":348934557930,"location":"AuraPlayerController.cpp:AbilityInputHeld","message":"Input held","data":{"InputTag":"InputTag.LMB","bRightMouseDown":true},"runId":"run1"}
{"sessionId":"cf25b3","id":"log_348934563228","timestamp":348934563228,"location":"AuraPlayerController.cpp:AbilityInputHeld","message":"Input held","data":{"InputTag":"InputTag.RMB","bRightMouseDown":true},"runId":"run1"}
{"sessionId":"cf25b3","id":"log_348934637673","timestamp":348934637673,"location":"AuraPlayerController.cpp:Look","message":"Look invoked","data":{"x":-0.21000,"y":0.00000,"bRightMouseDown":true,"hypothesisId":"A"},"runId":"run1"}
{"sessionId":"cf25b3","id":"log_348934641370","timestamp":348934641370,"location":"AuraPlayerController.cpp:AbilityInputHeld","message":"Input held","data":{"InputTag":"InputTag.LMB","bRightMouseDown":true},"runId":"run1"}
{"sessionId":"cf25b3","id":"log_348934643870","timestamp":348934643870,"location":"AuraPlayerController.cpp:AbilityInputHeld","message":"Input held","data":{"InputTag":"InputTag.RMB","bRightMouseDown":true},"runId":"run1"}
{"sessionId":"cf25b3","id":"log_348934720718","timestamp":348934720718,"location":"AuraPlayerController.cpp:Look","message":"Look invoked","data":{"x":-0.28000,"y":0.00000,"bRightMouseDown":true,"hypothesisId":"A"},"runId":"run1"}
{"sessionId":"cf25b3","id":"log_348934724398","timestamp":348934724398,"location":"AuraPlayerController.cpp:AbilityInputHeld","message":"Input held","data":{"InputTag":"InputTag.LMB","bRightMouseDown":true},"runId":"run1"}
{"sessionId":"cf25b3","id":"log_348934727677","timestamp":348934727677,"location":"AuraPlayerController.cpp:AbilityInputHeld","message":"Input held","data":{"InputTag":"InputTag.RMB","bRightMouseDown":true},"runId":"run1"}
{"sessionId":"cf25b3","id":"log_348934804184","timestamp":348934804184,"location":"AuraPlayerController.cpp:Look","message":"Look invoked","data":{"x":-0.14000,"y":0.00000,"bRightMouseDown":true,"hypothesisId":"A"},"runId":"run1"}
{"sessionId":"cf25b3","id":"log_348934808395","timestamp":348934808395,"location":"AuraPlayerController.cpp:AbilityInputHeld","message":"Input held","data":{"InputTag":"InputTag.LMB","bRightMouseDown":true},"runId":"run1"}
{"sessionId":"cf25b3","id":"log_348934811050","timestamp":348934811050,"location":"AuraPlayerController.cpp:AbilityInputHeld","message":"Input held","data":{"InputTag":"InputTag.RMB","bRightMouseDown":true},"runId":"run1"}
{"sessionId":"cf25b3","id":"log_348934887858","timestamp":348934887858,"location":"AuraPlayerController.cpp:Look","message":"Look invoked","data":{"x":-0.14000,"y":0.00000,"bRightMouseDown":true,"hypothesisId":"A"},"runId":"run1"}
{"sessionId":"cf25b3","id":"log_348934891590","timestamp":348934891590,"location":"AuraPlayerController.cpp:AbilityInputHeld","message":"Input held","data":{"InputTag":"InputTag.LMB","bRightMouseDown":true},"runId":"run1"}
{"sessionId":"cf25b3","id":"log_348934894849","timestamp":348934894849,"location":"AuraPlayerController.cpp:AbilityInputHeld","message":"Input held","data":{"InputTag":"InputTag.RMB","bRightMouseDown":true},"runId":"run1"}
{"sessionId":"cf25b3","id":"log_348934971932","timestamp":348934971932,"location":"AuraPlayerController.cpp:Look","message":"Look invoked","data":{"x":-0.28000,"y":0.00000,"bRightMouseDown":true,"hypothesisId":"A"},"runId":"run1"}
{"sessionId":"cf25b3","id":"log_348934976271","timestamp":348934976271,"location":"AuraPlayerController.cpp:AbilityInputHeld","message":"Input held","data":{"InputTag":"InputTag.LMB","bRightMouseDown":true},"runId":"run1"}
{"sessionId":"cf25b3","id":"log_348934978829","timestamp":348934978829,"location":"AuraPlayerController.cpp:AbilityInputHeld","message":"Input held","data":{"InputTag":"InputTag.RMB","bRightMouseDown":true},"runId":"run1"}
{"sessionId":"cf25b3","id":"log_348935054341","timestamp":348935054341,"location":"AuraPlayerController.cpp:Look","message":"Look invoked","data":{"x":-0.14000,"y":0.00000,"bRightMouseDown":true,"hypothesisId":"A"},"runId":"run1"}
{"sessionId":"cf25b3","id":"log_348935058965","timestamp":348935058965,"location":"AuraPlayerController.cpp:AbilityInputHeld","message":"Input held","data":{"InputTag":"InputTag.LMB","bRightMouseDown":true},"runId":"run1"}
{"sessionId":"cf25b3","id":"log_348935063304","timestamp":348935063304,"location":"AuraPlayerController.cpp:AbilityInputHeld","message":"Input held","data":{"InputTag":"InputTag.RMB","bRightMouseDown":true},"runId":"run1"}
{"sessionId":"cf25b3","id":"log_348935137641","timestamp":348935137641,"location":"AuraPlayerController.cpp:Look","message":"Look invoked","data":{"x":-0.14000,"y":0.00000,"bRightMouseDown":true,"hypothesisId":"A"},"runId":"run1"}
{"sessionId":"cf25b3","id":"log_348935141870","timestamp":348935141870,"location":"AuraPlayerController.cpp:AbilityInputHeld","message":"Input held","data":{"InputTag":"InputTag.LMB","bRightMouseDown":true},"runId":"run1"}
{"sessionId":"cf25b3","id":"log_348935144579","timestamp":348935144579,"location":"AuraPlayerController.cpp:AbilityInputHeld","message":"Input held","data":{"InputTag":"InputTag.RMB","bRightMouseDown":true},"runId":"run1"}
{"sessionId":"cf25b3","id":"log_348935220835","timestamp":348935220835,"location":"AuraPlayerController.cpp:Look","message":"Look invoked","data":{"x":-0.28000,"y":0.00000,"bRightMouseDown":true,"hypothesisId":"A"},"runId":"run1"}
{"sessionId":"cf25b3","id":"log_348935226086","timestamp":348935226086,"location":"AuraPlayerController.cpp:AbilityInputHeld","message":"Input held","data":{"InputTag":"InputTag.LMB","bRightMouseDown":true},"runId":"run1"}
{"sessionId":"cf25b3","id":"log_348935229025","timestamp":348935229025,"location":"AuraPlayerController.cpp:AbilityInputHeld","message":"Input held","data":{"InputTag":"InputTag.RMB","bRightMouseDown":true},"runId":"run1"}
{"sessionId":"cf25b3","id":"log_348935304934","timestamp":348935304934,"location":"AuraPlayerController.cpp:Look","message":"Look invoked","data":{"x":-0.21000,"y":0.00000,"bRightMouseDown":true,"hypothesisId":"A"},"runId":"run1"}
{"sessionId":"cf25b3","id":"log_348935308005","timestamp":348935308005,"location":"AuraPlayerController.cpp:AbilityInputHeld","message":"Input held","data":{"InputTag":"InputTag.LMB","bRightMouseDown":true},"runId":"run1"}
{"sessionId":"cf25b3","id":"log_348935310512","timestamp":348935310512,"location":"AuraPlayerController.cpp:AbilityInputHeld","message":"Input held","data":{"InputTag":"InputTag.RMB","bRightMouseDown":true},"runId":"run1"}
{"sessionId":"cf25b3","id":"log_348935388455","timestamp":348935388455,"location":"AuraPlayerController.cpp:Look","message":"Look invoked","data":{"x":-0.21000,"y":0.00000,"bRightMouseDown":true,"hypothesisId":"A"},"runId":"run1"}
{"sessionId":"cf25b3","id":"log_348935393089","timestamp":348935393089,"location":"AuraPlayerController.cpp:AbilityInputHeld","message":"Input held","data":{"InputTag":"InputTag.LMB","bRightMouseDown":true},"runId":"run1"}
{"sessionId":"cf25b3","id":"log_348935396052","timestamp":348935396052,"location":"AuraPlayerController.cpp:AbilityInputHeld","message":"Input held","data":{"InputTag":"InputTag.RMB","bRightMouseDown":true},"runId":"run1"}
{"sessionId":"cf25b3","id":"log_348935471062","timestamp":348935471062,"location":"AuraPlayerController.cpp:Look","message":"Look invoked","data":{"x":-0.28000,"y":0.00000,"bRightMouseDown":true,"hypothesisId":"A"},"runId":"run1"}
{"sessionId":"cf25b3","id":"log_348935474463","timestamp":348935474463,"location":"AuraPlayerController.cpp:AbilityInputHeld","message":"Input held","data":{"InputTag":"InputTag.LMB","bRightMouseDown":true},"runId":"run1"}
{"sessionId":"cf25b3","id":"log_348935477694","timestamp":348935477694,"location":"AuraPlayerController.cpp:AbilityInputHeld","message":"Input held","data":{"InputTag":"InputTag.RMB","bRightMouseDown":true},"runId":"run1"}
{"sessionId":"cf25b3","id":"log_348935554522","timestamp":348935554522,"location":"AuraPlayerController.cpp:Look","message":"Look invoked","data":{"x":-0.28000,"y":0.00000,"bRightMouseDown":true,"hypothesisId":"A"},"runId":"run1"}
{"sessionId":"cf25b3","id":"log_348935560151","timestamp":348935560151,"location":"AuraPlayerController.cpp:AbilityInputHeld","message":"Input held","data":{"InputTag":"InputTag.LMB","bRightMouseDown":true},"runId":"run1"}
{"sessionId":"cf25b3","id":"log_348935562809","timestamp":348935562809,"location":"AuraPlayerController.cpp:AbilityInputHeld","message":"Input held","data":{"InputTag":"InputTag.RMB","bRightMouseDown":true},"runId":"run1"}
{"sessionId":"cf25b3","id":"log_348935637571","timestamp":348935637571,"location":"AuraPlayerController.cpp:Look","message":"Look invoked","data":{"x":-0.28000,"y":0.00000,"bRightMouseDown":true,"hypothesisId":"A"},"runId":"run1"}
{"sessionId":"cf25b3","id":"log_348935641708","timestamp":348935641708,"location":"AuraPlayerController.cpp:AbilityInputHeld","message":"Input held","data":{"InputTag":"InputTag.LMB","bRightMouseDown":true},"runId":"run1"}
{"sessionId":"cf25b3","id":"log_348935644566","timestamp":348935644566,"location":"AuraPlayerController.cpp:AbilityInputHeld","message":"Input held","data":{"InputTag":"InputTag.RMB","bRightMouseDown":true},"runId":"run1"}
{"sessionId":"cf25b3","id":"log_348935722792","timestamp":348935722792,"location":"AuraPlayerController.cpp:Look","message":"Look invoked","data":{"x":-0.35000,"y":0.00000,"bRightMouseDown":true,"hypothesisId":"A"},"runId":"run1"}
{"sessionId":"cf25b3","id":"log_348935727427","timestamp":348935727427,"location":"AuraPlayerController.cpp:AbilityInputHeld","message":"Input held","data":{"InputTag":"InputTag.LMB","bRightMouseDown":true},"runId":"run1"}
{"sessionId":"cf25b3","id":"log_348935730765","timestamp":348935730765,"location":"AuraPlayerController.cpp:AbilityInputHeld","message":"Input held","data":{"InputTag":"InputTag.RMB","bRightMouseDown":true},"runId":"run1"}
{"sessionId":"cf25b3","id":"log_348935805196","timestamp":348935805196,"location":"AuraPlayerController.cpp:Look","message":"Look invoked","data":{"x":-0.28000,"y":0.00000,"bRightMouseDown":true,"hypothesisId":"A"},"runId":"run1"}
{"sessionId":"cf25b3","id":"log_348935809038","timestamp":348935809038,"location":"AuraPlayerController.cpp:AbilityInputHeld","message":"Input held","data":{"InputTag":"InputTag.LMB","bRightMouseDown":true},"runId":"run1"}
{"sessionId":"cf25b3","id":"log_348935811418","timestamp":348935811418,"location":"AuraPlayerController.cpp:AbilityInputHeld","message":"Input held","data":{"InputTag":"InputTag.RMB","bRightMouseDown":true},"runId":"run1"}
{"sessionId":"cf25b3","id":"log_348935887669","timestamp":348935887669,"location":"AuraPlayerController.cpp:Look","message":"Look invoked","data":{"x":-0.28000,"y":0.00000,"bRightMouseDown":true,"hypothesisId":"A"},"runId":"run1"}
{"sessionId":"cf25b3","id":"log_348935893439","timestamp":348935893439,"location":"AuraPlayerController.cpp:AbilityInputHeld","message":"Input held","data":{"InputTag":"InputTag.LMB","bRightMouseDown":true},"runId":"run1"}
{"sessionId":"cf25b3","id":"log_348935896233","timestamp":348935896233,"location":"AuraPlayerController.cpp:AbilityInputHeld","message":"Input held","data":{"InputTag":"InputTag.RMB","bRightMouseDown":true},"runId":"run1"}
{"sessionId":"cf25b3","id":"log_348935973105","timestamp":348935973105,"location":"AuraPlayerController.cpp:Look","message":"Look invoked","data":{"x":-0.49000,"y":0.00000,"bRightMouseDown":true,"hypothesisId":"A"},"runId":"run1"}
{"sessionId":"cf25b3","id":"log_348935978532","timestamp":348935978532,"location":"AuraPlayerController.cpp:AbilityInputHeld","message":"Input held","data":{"InputTag":"InputTag.LMB","bRightMouseDown":true},"runId":"run1"}
{"sessionId":"cf25b3","id":"log_348935981402","timestamp":348935981402,"location":"AuraPlayerController.cpp:AbilityInputHeld","message":"Input held","data":{"InputTag":"InputTag.RMB","bRightMouseDown":true},"runId":"run1"}
{"sessionId":"cf25b3","id":"log_348936054959","timestamp":348936054959,"location":"AuraPlayerController.cpp:Look","message":"Look invoked","data":{"x":-0.28000,"y":0.00000,"bRightMouseDown":true,"hypothesisId":"A"},"runId":"run1"}
{"sessionId":"cf25b3","id":"log_348936058820","timestamp":348936058820,"location":"AuraPlayerController.cpp:AbilityInputHeld","message":"Input held","data":{"InputTag":"InputTag.LMB","bRightMouseDown":true},"runId":"run1"}
{"sessionId":"cf25b3","id":"log_348936062254","timestamp":348936062254,"location":"AuraPlayerController.cpp:AbilityInputHeld","message":"Input held","data":{"InputTag":"InputTag.RMB","bRightMouseDown":true},"runId":"run1"}
{"sessionId":"cf25b3","id":"log_348936138331","timestamp":348936138331,"location":"AuraPlayerController.cpp:Look","message":"Look invoked","data":{"x":-0.21000,"y":0.00000,"bRightMouseDown":true,"hypothesisId":"A"},"runId":"run1"}
{"sessionId":"cf25b3","id":"log_348936142229","timestamp":348936142229,"location":"AuraPlayerController.cpp:AbilityInputHeld","message":"Input held","data":{"InputTag":"InputTag.LMB","bRightMouseDown":true},"runId":"run1"}
{"sessionId":"cf25b3","id":"log_348936145066","timestamp":348936145066,"location":"AuraPlayerController.cpp:AbilityInputHeld","message":"Input held","data":{"InputTag":"InputTag.RMB","bRightMouseDown":true},"runId":"run1"}
{"sessionId":"cf25b3","id":"log_348936223083","timestamp":348936223083,"location":"AuraPlayerController.cpp:Look","message":"Look invoked","data":{"x":-0.63000,"y":0.00000,"bRightMouseDown":true,"hypothesisId":"A"},"runId":"run1"}
{"sessionId":"cf25b3","id":"log_348936227832","timestamp":348936227832,"location":"AuraPlayerController.cpp:AbilityInputHeld","message":"Input held","data":{"InputTag":"InputTag.LMB","bRightMouseDown":true},"runId":"run1"}
{"sessionId":"cf25b3","id":"log_348936230704","timestamp":348936230704,"location":"AuraPlayerController.cpp:AbilityInputHeld","message":"Input held","data":{"InputTag":"InputTag.RMB","bRightMouseDown":true},"runId":"run1"}
{"sessionId":"cf25b3","id":"log_348936305435","timestamp":348936305435,"location":"AuraPlayerController.cpp:Look","message":"Look invoked","data":{"x":-0.35000,"y":0.00000,"bRightMouseDown":true,"hypothesisId":"A"},"runId":"run1"}
{"sessionId":"cf25b3","id":"log_348936308718","timestamp":348936308718,"location":"AuraPlayerController.cpp:AbilityInputHeld","message":"Input held","data":{"InputTag":"InputTag.LMB","bRightMouseDown":true},"runId":"run1"}
{"sessionId":"cf25b3","id":"log_348936311554","timestamp":348936311554,"location":"AuraPlayerController.cpp:AbilityInputHeld","message":"Input held","data":{"InputTag":"InputTag.RMB","bRightMouseDown":true},"runId":"run1"}
{"sessionId":"cf25b3","id":"log_348936388519","timestamp":348936388519,"location":"AuraPlayerController.cpp:Look","message":"Look invoked","data":{"x":-0.35000,"y":0.00000,"bRightMouseDown":true,"hypothesisId":"A"},"runId":"run1"}
{"sessionId":"cf25b3","id":"log_348936392555","timestamp":348936392555,"location":"AuraPlayerController.cpp:AbilityInputHeld","message":"Input held","data":{"InputTag":"InputTag.LMB","bRightMouseDown":true},"runId":"run1"}
{"sessionId":"cf25b3","id":"log_348936396689","timestamp":348936396689,"location":"AuraPlayerController.cpp:AbilityInputHeld","message":"Input held","data":{"InputTag":"InputTag.RMB","bRightMouseDown":true},"runId":"run1"}
{"sessionId":"cf25b3","id":"log_348936472481","timestamp":348936472481,"location":"AuraPlayerController.cpp:Look","message":"Look invoked","data":{"x":-0.77000,"y":0.00000,"bRightMouseDown":true,"hypothesisId":"A"},"runId":"run1"}
{"sessionId":"cf25b3","id":"log_348936475857","timestamp":348936475857,"location":"AuraPlayerController.cpp:AbilityInputHeld","message":"Input held","data":{"InputTag":"InputTag.LMB","bRightMouseDown":true},"runId":"run1"}
{"sessionId":"cf25b3","id":"log_348936478849","timestamp":348936478849,"location":"AuraPlayerController.cpp:AbilityInputHeld","message":"Input held","data":{"InputTag":"InputTag.RMB","bRightMouseDown":true},"runId":"run1"}
{"sessionId":"cf25b3","id":"log_348936555581","timestamp":348936555581,"location":"AuraPlayerController.cpp:Look","message":"Look invoked","data":{"x":-0.35000,"y":0.00000,"bRightMouseDown":true,"hypothesisId":"A"},"runId":"run1"}
{"sessionId":"cf25b3","id":"log_348936559460","timestamp":348936559460,"location":"AuraPlayerController.cpp:AbilityInputHeld","message":"Input held","data":{"InputTag":"InputTag.LMB","bRightMouseDown":true},"runId":"run1"}
{"sessionId":"cf25b3","id":"log_348936562559","timestamp":348936562559,"location":"AuraPlayerController.cpp:AbilityInputHeld","message":"Input held","data":{"InputTag":"InputTag.RMB","bRightMouseDown":true},"runId":"run1"}
{"sessionId":"cf25b3","id":"log_348936637864","timestamp":348936637864,"location":"AuraPlayerController.cpp:Look","message":"Look invoked","data":{"x":-0.35000,"y":0.00000,"bRightMouseDown":true,"hypothesisId":"A"},"runId":"run1"}
{"sessionId":"cf25b3","id":"log_348936641818","timestamp":348936641818,"location":"AuraPlayerController.cpp:AbilityInputHeld","message":"Input held","data":{"InputTag":"InputTag.LMB","bRightMouseDown":true},"runId":"run1"}
{"sessionId":"cf25b3","id":"log_348936644716","timestamp":348936644716,"location":"AuraPlayerController.cpp:AbilityInputHeld","message":"Input held","data":{"InputTag":"InputTag.RMB","bRightMouseDown":true},"runId":"run1"}
{"sessionId":"cf25b3","id":"log_348936722047","timestamp":348936722047,"location":"AuraPlayerController.cpp:Look","message":"Look invoked","data":{"x":-0.70000,"y":0.00000,"bRightMouseDown":true,"hypothesisId":"A"},"runId":"run1"}
{"sessionId":"cf25b3","id":"log_348936725983","timestamp":348936725983,"location":"AuraPlayerController.cpp:AbilityInputHeld","message":"Input held","data":{"InputTag":"InputTag.LMB","bRightMouseDown":true},"runId":"run1"}
{"sessionId":"cf25b3","id":"log_348936728827","timestamp":348936728827,"location":"AuraPlayerController.cpp:AbilityInputHeld","message":"Input held","data":{"InputTag":"InputTag.RMB","bRightMouseDown":true},"runId":"run1"}
{"sessionId":"cf25b3","id":"log_348936805141","timestamp":348936805141,"location":"AuraPlayerController.cpp:Look","message":"Look invoked","data":{"x":-0.35000,"y":0.00000,"bRightMouseDown":true,"hypothesisId":"A"},"runId":"run1"}
{"sessionId":"cf25b3","id":"log_348936808901","timestamp":348936808901,"location":"AuraPlayerController.cpp:AbilityInputHeld","message":"Input held","data":{"InputTag":"InputTag.LMB","bRightMouseDown":true},"runId":"run1"}
{"sessionId":"cf25b3","id":"log_348936811985","timestamp":348936811985,"location":"AuraPlayerController.cpp:AbilityInputHeld","message":"Input held","data":{"InputTag":"InputTag.RMB","bRightMouseDown":true},"runId":"run1"}
{"sessionId":"cf25b3","id":"log_348936890753","timestamp":348936890753,"location":"AuraPlayerController.cpp:Look","message":"Look invoked","data":{"x":-0.35000,"y":0.00000,"bRightMouseDown":true,"hypothesisId":"A"},"runId":"run1"}
{"sessionId":"cf25b3","id":"log_348936895696","timestamp":348936895696,"location":"AuraPlayerController.cpp:AbilityInputHeld","message":"Input held","data":{"InputTag":"InputTag.LMB","bRightMouseDown":true},"runId":"run1"}
{"sessionId":"cf25b3","id":"log_348936898557","timestamp":348936898557,"location":"AuraPlayerController.cpp:AbilityInputHeld","message":"Input held","data":{"InputTag":"InputTag.RMB","bRightMouseDown":true},"runId":"run1"}
{"sessionId":"cf25b3","id":"log_348936971930","timestamp":348936971930,"location":"AuraPlayerController.cpp:Look","message":"Look invoked","data":{"x":-0.70000,"y":0.00000,"bRightMouseDown":true,"hypothesisId":"A"},"runId":"run1"}
{"sessionId":"cf25b3","id":"log_348936975530","timestamp":348936975530,"location":"AuraPlayerController.cpp:AbilityInputHeld","message":"Input held","data":{"InputTag":"InputTag.LMB","bRightMouseDown":true},"runId":"run1"}
{"sessionId":"cf25b3","id":"log_348936978403","timestamp":348936978403,"location":"AuraPlayerController.cpp:AbilityInputHeld","message":"Input held","data":{"InputTag":"InputTag.RMB","bRightMouseDown":true},"runId":"run1"}
{"sessionId":"cf25b3","id":"log_348937057076","timestamp":348937057076,"location":"AuraPlayerController.cpp:Look","message":"Look invoked","data":{"x":-0.35000,"y":0.00000,"bRightMouseDown":true,"hypothesisId":"A"},"runId":"run1"}
{"sessionId":"cf25b3","id":"log_348937060645","timestamp":348937060645,"location":"AuraPlayerController.cpp:AbilityInputHeld","message":"Input held","data":{"InputTag":"InputTag.LMB","bRightMouseDown":true},"runId":"run1"}
{"sessionId":"cf25b3","id":"log_348937063571","timestamp":348937063571,"location":"AuraPlayerController.cpp:AbilityInputHeld","message":"Input held","data":{"InputTag":"InputTag.RMB","bRightMouseDown":true},"runId":"run1"}
{"sessionId":"cf25b3","id":"log_348937141285","timestamp":348937141285,"location":"AuraPlayerController.cpp:Look","message":"Look invoked","data":{"x":-0.28000,"y":0.00000,"bRightMouseDown":true,"hypothesisId":"A"},"runId":"run1"}
{"sessionId":"cf25b3","id":"log_348937146346","timestamp":348937146346,"location":"AuraPlayerController.cpp:AbilityInputHeld","message":"Input held","data":{"InputTag":"InputTag.LMB","bRightMouseDown":true},"runId":"run1"}
{"sessionId":"cf25b3","id":"log_348937149406","timestamp":348937149406,"location":"AuraPlayerController.cpp:AbilityInputHeld","message":"Input held","data":{"InputTag":"InputTag.RMB","bRightMouseDown":true},"runId":"run1"}
{"sessionId":"cf25b3","id":"log_348937221724","timestamp":348937221724,"location":"AuraPlayerController.cpp:Look","message":"Look invoked","data":{"x":-0.56000,"y":0.00000,"bRightMouseDown":true,"hypothesisId":"A"},"runId":"run1"}
{"sessionId":"cf25b3","id":"log_348937226270","timestamp":348937226270,"location":"AuraPlayerController.cpp:AbilityInputHeld","message":"Input held","data":{"InputTag":"InputTag.LMB","bRightMouseDown":true},"runId":"run1"}
{"sessionId":"cf25b3","id":"log_348937230185","timestamp":348937230185,"location":"AuraPlayerController.cpp:AbilityInputHeld","message":"Input held","data":{"InputTag":"InputTag.RMB","bRightMouseDown":true},"runId":"run1"}
{"sessionId":"cf25b3","id":"log_348937306148","timestamp":348937306148,"location":"AuraPlayerController.cpp:Look","message":"Look invoked","data":{"x":-0.49000,"y":0.00000,"bRightMouseDown":true,"hypothesisId":"A"},"runId":"run1"}
{"sessionId":"cf25b3","id":"log_348937310774","timestamp":348937310774,"location":"AuraPlayerController.cpp:AbilityInputHeld","message":"Input held","data":{"InputTag":"InputTag.LMB","bRightMouseDown":true},"runId":"run1"}
{"sessionId":"cf25b3","id":"log_348937313499","timestamp":348937313499,"location":"AuraPlayerController.cpp:AbilityInputHeld","message":"Input held","data":{"InputTag":"InputTag.RMB","bRightMouseDown":true},"runId":"run1"}
{"sessionId":"cf25b3","id":"log_348937388051","timestamp":348937388051,"location":"AuraPlayerController.cpp:Look","message":"Look invoked","data":{"x":-0.35000,"y":0.00000,"bRightMouseDown":true,"hypothesisId":"A"},"runId":"run1"}
{"sessionId":"cf25b3","id":"log_348937391624","timestamp":348937391624,"location":"AuraPlayerController.cpp:AbilityInputHeld","message":"Input held","data":{"InputTag":"InputTag.LMB","bRightMouseDown":true},"runId":"run1"}
{"sessionId":"cf25b3","id":"log_348937394230","timestamp":348937394230,"location":"AuraPlayerController.cpp:AbilityInputHeld","message":"Input held","data":{"InputTag":"InputTag.RMB","bRightMouseDown":true},"runId":"run1"}
{"sessionId":"cf25b3","id":"log_348937473102","timestamp":348937473102,"location":"AuraPlayerController.cpp:Look","message":"Look invoked","data":{"x":-0.77000,"y":0.00000,"bRightMouseDown":true,"hypothesisId":"A"},"runId":"run1"}
{"sessionId":"cf25b3","id":"log_348937476406","timestamp":348937476406,"location":"AuraPlayerController.cpp:AbilityInputHeld","message":"Input held","data":{"InputTag":"InputTag.LMB","bRightMouseDown":true},"runId":"run1"}
{"sessionId":"cf25b3","id":"log_348937479020","timestamp":348937479020,"location":"AuraPlayerController.cpp:AbilityInputHeld","message":"Input held","data":{"InputTag":"InputTag.RMB","bRightMouseDown":true},"runId":"run1"}
{"sessionId":"cf25b3","id":"log_348937554442","timestamp":348937554442,"location":"AuraPlayerController.cpp:Look","message":"Look invoked","data":{"x":-0.42000,"y":0.00000,"bRightMouseDown":true,"hypothesisId":"A"},"runId":"run1"}
{"sessionId":"cf25b3","id":"log_348937559871","timestamp":348937559871,"location":"AuraPlayerController.cpp:AbilityInputHeld","message":"Input held","data":{"InputTag":"InputTag.LMB","bRightMouseDown":true},"runId":"run1"}
{"sessionId":"cf25b3","id":"log_348937563053","timestamp":348937563053,"location":"AuraPlayerController.cpp:AbilityInputHeld","message":"Input held","data":{"InputTag":"InputTag.RMB","bRightMouseDown":true},"runId":"run1"}
{"sessionId":"cf25b3","id":"log_348937638197","timestamp":348937638197,"location":"AuraPlayerController.cpp:Look","message":"Look invoked","data":{"x":-0.42000,"y":0.00000,"bRightMouseDown":true,"hypothesisId":"A"},"runId":"run1"}
{"sessionId":"cf25b3","id":"log_348937641598","timestamp":348937641598,"location":"AuraPlayerController.cpp:AbilityInputHeld","message":"Input held","data":{"InputTag":"InputTag.LMB","bRightMouseDown":true},"runId":"run1"}
{"sessionId":"cf25b3","id":"log_348937644344","timestamp":348937644344,"location":"AuraPlayerController.cpp:AbilityInputHeld","message":"Input held","data":{"InputTag":"InputTag.RMB","bRightMouseDown":true},"runId":"run1"}
{"sessionId":"cf25b3","id":"log_348937722196","timestamp":348937722196,"location":"AuraPlayerController.cpp:Look","message":"Look invoked","data":{"x":-0.63000,"y":0.00000,"bRightMouseDown":true,"hypothesisId":"A"},"runId":"run1"}
{"sessionId":"cf25b3","id":"log_348937725545","timestamp":348937725545,"location":"AuraPlayerController.cpp:AbilityInputHeld","message":"Input held","data":{"InputTag":"InputTag.LMB","bRightMouseDown":true},"runId":"run1"}
{"sessionId":"cf25b3","id":"log_348937729325","timestamp":348937729325,"location":"AuraPlayerController.cpp:AbilityInputHeld","message":"Input held","data":{"InputTag":"InputTag.RMB","bRightMouseDown":true},"runId":"run1"}
{"sessionId":"cf25b3","id":"log_348937804530","timestamp":348937804530,"location":"AuraPlayerController.cpp:Look","message":"Look invoked","data":{"x":-0.35000,"y":0.00000,"bRightMouseDown":true,"hypothesisId":"A"},"runId":"run1"}
{"sessionId":"cf25b3","id":"log_348937808871","timestamp":348937808871,"location":"AuraPlayerController.cpp:AbilityInputHeld","message":"Input held","data":{"InputTag":"InputTag.LMB","bRightMouseDown":true},"runId":"run1"}
{"sessionId":"cf25b3","id":"log_348937811341","timestamp":348937811341,"location":"AuraPlayerController.cpp:AbilityInputHeld","message":"Input held","data":{"InputTag":"InputTag.RMB","bRightMouseDown":true},"runId":"run1"}
{"sessionId":"cf25b3","id":"log_348937888011","timestamp":348937888011,"location":"AuraPlayerController.cpp:Look","message":"Look invoked","data":{"x":-0.35000,"y":0.00000,"bRightMouseDown":true,"hypothesisId":"A"},"runId":"run1"}
{"sessionId":"cf25b3","id":"log_348937892061","timestamp":348937892061,"location":"AuraPlayerController.cpp:AbilityInputHeld","message":"Input held","data":{"InputTag":"InputTag.LMB","bRightMouseDown":true},"runId":"run1"}
{"sessionId":"cf25b3","id":"log_348937894368","timestamp":348937894368,"location":"AuraPlayerController.cpp:AbilityInputHeld","message":"Input held","data":{"InputTag":"InputTag.RMB","bRightMouseDown":true},"runId":"run1"}
{"sessionId":"cf25b3","id":"log_348937970974","timestamp":348937970974,"location":"AuraPlayerController.cpp:Look","message":"Look invoked","data":{"x":-0.63000,"y":0.00000,"bRightMouseDown":true,"hypothesisId":"A"},"runId":"run1"}
{"sessionId":"cf25b3","id":"log_348937975012","timestamp":348937975012,"location":"AuraPlayerController.cpp:AbilityInputHeld","message":"Input held","data":{"InputTag":"InputTag.LMB","bRightMouseDown":true},"runId":"run1"}
{"sessionId":"cf25b3","id":"log_348937978376","timestamp":348937978376,"location":"AuraPlayerController.cpp:AbilityInputHeld","message":"Input held","data":{"InputTag":"InputTag.RMB","bRightMouseDown":true},"runId":"run1"}
{"sessionId":"cf25b3","id":"log_348938054339","timestamp":348938054339,"location":"AuraPlayerController.cpp:Look","message":"Look invoked","data":{"x":-0.35000,"y":0.00000,"bRightMouseDown":true,"hypothesisId":"A"},"runId":"run1"}
{"sessionId":"cf25b3","id":"log_348938058483","timestamp":348938058483,"location":"AuraPlayerController.cpp:AbilityInputHeld","message":"Input held","data":{"InputTag":"InputTag.LMB","bRightMouseDown":true},"runId":"run1"}
{"sessionId":"cf25b3","id":"log_348938061956","timestamp":348938061956,"location":"AuraPlayerController.cpp:AbilityInputHeld","message":"Input held","data":{"InputTag":"InputTag.RMB","bRightMouseDown":true},"runId":"run1"}
{"sessionId":"cf25b3","id":"log_348938137879","timestamp":348938137879,"location":"AuraPlayerController.cpp:Look","message":"Look invoked","data":{"x":-0.35000,"y":0.00000,"bRightMouseDown":true,"hypothesisId":"A"},"runId":"run1"}
{"sessionId":"cf25b3","id":"log_348938142101","timestamp":348938142101,"location":"AuraPlayerController.cpp:AbilityInputHeld","message":"Input held","data":{"InputTag":"InputTag.LMB","bRightMouseDown":true},"runId":"run1"}
{"sessionId":"cf25b3","id":"log_348938144472","timestamp":348938144472,"location":"AuraPlayerController.cpp:AbilityInputHeld","message":"Input held","data":{"InputTag":"InputTag.RMB","bRightMouseDown":true},"runId":"run1"}
{"sessionId":"cf25b3","id":"log_348938222602","timestamp":348938222602,"location":"AuraPlayerController.cpp:Look","message":"Look invoked","data":{"x":-0.70000,"y":0.00000,"bRightMouseDown":true,"hypothesisId":"A"},"runId":"run1"}
{"sessionId":"cf25b3","id":"log_348938226610","timestamp":348938226610,"location":"AuraPlayerController.cpp:AbilityInputHeld","message":"Input held","data":{"InputTag":"InputTag.LMB","bRightMouseDown":true},"runId":"run1"}
{"sessionId":"cf25b3","id":"log_348938229117","timestamp":348938229117,"location":"AuraPlayerController.cpp:AbilityInputHeld","message":"Input held","data":{"InputTag":"InputTag.RMB","bRightMouseDown":true},"runId":"run1"}
{"sessionId":"cf25b3","id":"log_348938305069","timestamp":348938305069,"location":"AuraPlayerController.cpp:Look","message":"Look invoked","data":{"x":-0.35000,"y":0.00000,"bRightMouseDown":true,"hypothesisId":"A"},"runId":"run1"}
{"sessionId":"cf25b3","id":"log_348938308974","timestamp":348938308974,"location":"AuraPlayerController.cpp:AbilityInputHeld","message":"Input held","data":{"InputTag":"InputTag.LMB","bRightMouseDown":true},"runId":"run1"}
{"sessionId":"cf25b3","id":"log_348938311458","timestamp":348938311458,"location":"AuraPlayerController.cpp:AbilityInputHeld","message":"Input held","data":{"InputTag":"InputTag.RMB","bRightMouseDown":true},"runId":"run1"}
{"sessionId":"cf25b3","id":"log_348938388839","timestamp":348938388839,"location":"AuraPlayerController.cpp:Look","message":"Look invoked","data":{"x":-0.28000,"y":0.00000,"bRightMouseDown":true,"hypothesisId":"A"},"runId":"run1"}
{"sessionId":"cf25b3","id":"log_348938393003","timestamp":348938393003,"location":"AuraPlayerController.cpp:AbilityInputHeld","message":"Input held","data":{"InputTag":"InputTag.LMB","bRightMouseDown":true},"runId":"run1"}
{"sessionId":"cf25b3","id":"log_348938395463","timestamp":348938395463,"location":"AuraPlayerController.cpp:AbilityInputHeld","message":"Input held","data":{"InputTag":"InputTag.RMB","bRightMouseDown":true},"runId":"run1"}
{"sessionId":"cf25b3","id":"log_348938471948","timestamp":348938471948,"location":"AuraPlayerController.cpp:Look","message":"Look invoked","data":{"x":-0.63000,"y":0.00000,"bRightMouseDown":true,"hypothesisId":"A"},"runId":"run1"}
{"sessionId":"cf25b3","id":"log_348938475421","timestamp":348938475421,"location":"AuraPlayerController.cpp:AbilityInputHeld","message":"Input held","data":{"InputTag":"InputTag.LMB","bRightMouseDown":true},"runId":"run1"}
{"sessionId":"cf25b3","id":"log_348938478813","timestamp":348938478813,"location":"AuraPlayerController.cpp:AbilityInputHeld","message":"Input held","data":{"InputTag":"InputTag.RMB","bRightMouseDown":true},"runId":"run1"}
{"sessionId":"cf25b3","id":"log_348938554670","timestamp":348938554670,"location":"AuraPlayerController.cpp:Look","message":"Look invoked","data":{"x":-0.28000,"y":0.00000,"bRightMouseDown":true,"hypothesisId":"A"},"runId":"run1"}
{"sessionId":"cf25b3","id":"log_348938558209","timestamp":348938558209,"location":"AuraPlayerController.cpp:AbilityInputHeld","message":"Input held","data":{"InputTag":"InputTag.LMB","bRightMouseDown":true},"runId":"run1"}
{"sessionId":"cf25b3","id":"log_348938561779","timestamp":348938561779,"location":"AuraPlayerController.cpp:AbilityInputHeld","message":"Input held","data":{"InputTag":"InputTag.RMB","bRightMouseDown":true},"runId":"run1"}
{"sessionId":"cf25b3","id":"log_348938637797","timestamp":348938637797,"location":"AuraPlayerController.cpp:Look","message":"Look invoked","data":{"x":-0.21000,"y":0.00000,"bRightMouseDown":true,"hypothesisId":"A"},"runId":"run1"}
{"sessionId":"cf25b3","id":"log_348938641115","timestamp":348938641115,"location":"AuraPlayerController.cpp:AbilityInputHeld","message":"Input held","data":{"InputTag":"InputTag.LMB","bRightMouseDown":true},"runId":"run1"}
{"sessionId":"cf25b3","id":"log_348938644380","timestamp":348938644380,"location":"AuraPlayerController.cpp:AbilityInputHeld","message":"Input held","data":{"InputTag":"InputTag.RMB","bRightMouseDown":true},"runId":"run1"}
{"sessionId":"cf25b3","id":"log_348938721247","timestamp":348938721247,"location":"AuraPlayerController.cpp:Look","message":"Look invoked","data":{"x":-0.35000,"y":0.00000,"bRightMouseDown":true,"hypothesisId":"A"},"runId":"run1"}
{"sessionId":"cf25b3","id":"log_348938725075","timestamp":348938725075,"location":"AuraPlayerController.cpp:AbilityInputHeld","message":"Input held","data":{"InputTag":"InputTag.LMB","bRightMouseDown":true},"runId":"run1"}
{"sessionId":"cf25b3","id":"log_348938728700","timestamp":348938728700,"location":"AuraPlayerController.cpp:AbilityInputHeld","message":"Input held","data":{"InputTag":"InputTag.RMB","bRightMouseDown":true},"runId":"run1"}
{"sessionId":"cf25b3","id":"log_348938804327","timestamp":348938804327,"location":"AuraPlayerController.cpp:Look","message":"Look invoked","data":{"x":-0.14000,"y":0.00000,"bRightMouseDown":true,"hypothesisId":"A"},"runId":"run1"}
{"sessionId":"cf25b3","id":"log_348938808288","timestamp":348938808288,"location":"AuraPlayerController.cpp:AbilityInputHeld","message":"Input held","data":{"InputTag":"InputTag.LMB","bRightMouseDown":true},"runId":"run1"}
{"sessionId":"cf25b3","id":"log_348938810872","timestamp":348938810872,"location":"AuraPlayerController.cpp:AbilityInputHeld","message":"Input held","data":{"InputTag":"InputTag.RMB","bRightMouseDown":true},"runId":"run1"}
{"sessionId":"cf25b3","id":"log_348938888414","timestamp":348938888414,"location":"AuraPlayerController.cpp:Look","message":"Look invoked","data":{"x":-0.14000,"y":0.00000,"bRightMouseDown":true,"hypothesisId":"A"},"runId":"run1"}
{"sessionId":"cf25b3","id":"log_348938891931","timestamp":348938891931,"location":"AuraPlayerController.cpp:AbilityInputHeld","message":"Input held","data":{"InputTag":"InputTag.LMB","bRightMouseDown":true},"runId":"run1"}
{"sessionId":"cf25b3","id":"log_348938894720","timestamp":348938894720,"location":"AuraPlayerController.cpp:AbilityInputHeld","message":"Input held","data":{"InputTag":"InputTag.RMB","bRightMouseDown":true},"runId":"run1"}
{"sessionId":"cf25b3","id":"log_348938971089","timestamp":348938971089,"location":"AuraPlayerController.cpp:Look","message":"Look invoked","data":{"x":-0.14000,"y":0.00000,"bRightMouseDown":true,"hypothesisId":"A"},"runId":"run1"}
{"sessionId":"cf25b3","id":"log_348938974615","timestamp":348938974615,"location":"AuraPlayerController.cpp:AbilityInputHeld","message":"Input held","data":{"InputTag":"InputTag.LMB","bRightMouseDown":true},"runId":"run1"}
{"sessionId":"cf25b3","id":"log_348938977181","timestamp":348938977181,"location":"AuraPlayerController.cpp:AbilityInputHeld","message":"Input held","data":{"InputTag":"InputTag.RMB","bRightMouseDown":true},"runId":"run1"}
{"sessionId":"cf25b3","id":"log_348939054650","timestamp":348939054650,"location":"AuraPlayerController.cpp:Look","message":"Look invoked","data":{"x":-0.07000,"y":0.00000,"bRightMouseDown":true,"hypothesisId":"A"},"runId":"run1"}
{"sessionId":"cf25b3","id":"log_348939059331","timestamp":348939059331,"location":"AuraPlayerController.cpp:AbilityInputHeld","message":"Input held","data":{"InputTag":"InputTag.LMB","bRightMouseDown":true},"runId":"run1"}
{"sessionId":"cf25b3","id":"log_348939061873","timestamp":348939061873,"location":"AuraPlayerController.cpp:AbilityInputHeld","message":"Input held","data":{"InputTag":"InputTag.RMB","bRightMouseDown":true},"runId":"run1"}
{"sessionId":"cf25b3","id":"log_348939136270","timestamp":348939136270,"location":"AuraPlayerController.cpp:AbilityInputHeld","message":"Input held","data":{"InputTag":"InputTag.LMB","bRightMouseDown":true},"runId":"run1"}
{"sessionId":"cf25b3","id":"log_348939140538","timestamp":348939140538,"location":"AuraPlayerController.cpp:AbilityInputReleased","message":"Input released","data":{"InputTag":"InputTag.RMB","bRightMouseDown":true},"runId":"run1"}
{"sessionId":"cf25b3","id":"log_348939219623","timestamp":348939219623,"location":"AuraPlayerController.cpp:AbilityInputHeld","message":"Input held","data":{"InputTag":"InputTag.LMB","bRightMouseDown":false},"runId":"run1"}
{"sessionId":"cf25b3","id":"log_348939302857","timestamp":348939302857,"location":"AuraPlayerController.cpp:AbilityInputHeld","message":"Input held","data":{"InputTag":"InputTag.LMB","bRightMouseDown":false},"runId":"run1"}
{"sessionId":"cf25b3","id":"log_348939386409","timestamp":348939386409,"location":"AuraPlayerController.cpp:AbilityInputHeld","message":"Input held","data":{"InputTag":"InputTag.LMB","bRightMouseDown":false},"runId":"run1"}
{"sessionId":"cf25b3","id":"log_348939469812","timestamp":348939469812,"location":"AuraPlayerController.cpp:AbilityInputHeld","message":"Input held","data":{"InputTag":"InputTag.LMB","bRightMouseDown":false},"runId":"run1"}
{"sessionId":"cf25b3","id":"log_348939553139","timestamp":348939553139,"location":"AuraPlayerController.cpp:AbilityInputHeld","message":"Input held","data":{"InputTag":"InputTag.LMB","bRightMouseDown":false},"runId":"run1"}
{"sessionId":"cf25b3","id":"log_348939636312","timestamp":348939636312,"location":"AuraPlayerController.cpp:AbilityInputHeld","message":"Input held","data":{"InputTag":"InputTag.LMB","bRightMouseDown":false},"runId":"run1"}
{"sessionId":"cf25b3","id":"log_348939721555","timestamp":348939721555,"location":"AuraPlayerController.cpp:Look","message":"Look invoked","data":{"x":0.07000,"y":0.00000,"bRightMouseDown":false,"hypothesisId":"A"},"runId":"run1"}
{"sessionId":"cf25b3","id":"log_348939725297","timestamp":348939725297,"location":"AuraPlayerController.cpp:AbilityInputHeld","message":"Input held","data":{"InputTag":"InputTag.LMB","bRightMouseDown":false},"runId":"run1"}
{"sessionId":"cf25b3","id":"log_348939729011","timestamp":348939729011,"location":"AuraPlayerController.cpp:AbilityInputHeld","message":"Input held","data":{"InputTag":"InputTag.RMB","bRightMouseDown":false},"runId":"run1"}
{"sessionId":"cf25b3","id":"log_348939805400","timestamp":348939805400,"location":"AuraPlayerController.cpp:Look","message":"Look invoked","data":{"x":0.14000,"y":0.00000,"bRightMouseDown":true,"hypothesisId":"A"},"runId":"run1"}
{"sessionId":"cf25b3","id":"log_348939809502","timestamp":348939809502,"location":"AuraPlayerController.cpp:AbilityInputHeld","message":"Input held","data":{"InputTag":"InputTag.LMB","bRightMouseDown":true},"runId":"run1"}
{"sessionId":"cf25b3","id":"log_348939812322","timestamp":348939812322,"location":"AuraPlayerController.cpp:AbilityInputHeld","message":"Input held","data":{"InputTag":"InputTag.RMB","bRightMouseDown":true},"runId":"run1"}
{"sessionId":"cf25b3","id":"log_348939888096","timestamp":348939888096,"location":"AuraPlayerController.cpp:Look","message":"Look invoked","data":{"x":0.14000,"y":0.00000,"bRightMouseDown":true,"hypothesisId":"A"},"runId":"run1"}
{"sessionId":"cf25b3","id":"log_348939891832","timestamp":348939891832,"location":"AuraPlayerController.cpp:AbilityInputHeld","message":"Input held","data":{"InputTag":"InputTag.LMB","bRightMouseDown":true},"runId":"run1"}
{"sessionId":"cf25b3","id":"log_348939894434","timestamp":348939894434,"location":"AuraPlayerController.cpp:AbilityInputHeld","message":"Input held","data":{"InputTag":"InputTag.RMB","bRightMouseDown":true},"runId":"run1"}
{"sessionId":"cf25b3","id":"log_348939972472","timestamp":348939972472,"location":"AuraPlayerController.cpp:Look","message":"Look invoked","data":{"x":0.42000,"y":0.00000,"bRightMouseDown":true,"hypothesisId":"A"},"runId":"run1"}
{"sessionId":"cf25b3","id":"log_348939976266","timestamp":348939976266,"location":"AuraPlayerController.cpp:AbilityInputHeld","message":"Input held","data":{"InputTag":"InputTag.LMB","bRightMouseDown":true},"runId":"run1"}
{"sessionId":"cf25b3","id":"log_348939979682","timestamp":348939979682,"location":"AuraPlayerController.cpp:AbilityInputHeld","message":"Input held","data":{"InputTag":"InputTag.RMB","bRightMouseDown":true},"runId":"run1"}
{"sessionId":"cf25b3","id":"log_348940056568","timestamp":348940056568,"location":"AuraPlayerController.cpp:Look","message":"Look invoked","data":{"x":0.35000,"y":0.00000,"bRightMouseDown":true,"hypothesisId":"A"},"runId":"run1"}
{"sessionId":"cf25b3","id":"log_348940060540","timestamp":348940060540,"location":"AuraPlayerController.cpp:AbilityInputHeld","message":"Input held","data":{"InputTag":"InputTag.LMB","bRightMouseDown":true},"runId":"run1"}
{"sessionId":"cf25b3","id":"log_348940065281","timestamp":348940065281,"location":"AuraPlayerController.cpp:AbilityInputHeld","message":"Input held","data":{"InputTag":"InputTag.RMB","bRightMouseDown":true},"runId":"run1"}
{"sessionId":"cf25b3","id":"log_348940137895","timestamp":348940137895,"location":"AuraPlayerController.cpp:Look","message":"Look invoked","data":{"x":0.56000,"y":0.00000,"bRightMouseDown":true,"hypothesisId":"A"},"runId":"run1"}
{"sessionId":"cf25b3","id":"log_348940141584","timestamp":348940141584,"location":"AuraPlayerController.cpp:AbilityInputHeld","message":"Input held","data":{"InputTag":"InputTag.LMB","bRightMouseDown":true},"runId":"run1"}
{"sessionId":"cf25b3","id":"log_348940144111","timestamp":348940144111,"location":"AuraPlayerController.cpp:AbilityInputHeld","message":"Input held","data":{"InputTag":"InputTag.RMB","bRightMouseDown":true},"runId":"run1"}
{"sessionId":"cf25b3","id":"log_348940222088","timestamp":348940222088,"location":"AuraPlayerController.cpp:Look","message":"Look invoked","data":{"x":1.19000,"y":0.00000,"bRightMouseDown":true,"hypothesisId":"A"},"runId":"run1"}
{"sessionId":"cf25b3","id":"log_348940226183","timestamp":348940226183,"location":"AuraPlayerController.cpp:AbilityInputHeld","message":"Input held","data":{"InputTag":"InputTag.LMB","bRightMouseDown":true},"runId":"run1"}
{"sessionId":"cf25b3","id":"log_348940228483","timestamp":348940228483,"location":"AuraPlayerController.cpp:AbilityInputHeld","message":"Input held","data":{"InputTag":"InputTag.RMB","bRightMouseDown":true},"runId":"run1"}
{"sessionId":"cf25b3","id":"log_348940306471","timestamp":348940306471,"location":"AuraPlayerController.cpp:Look","message":"Look invoked","data":{"x":0.91000,"y":0.00000,"bRightMouseDown":true,"hypothesisId":"A"},"runId":"run1"}
{"sessionId":"cf25b3","id":"log_348940311792","timestamp":348940311792,"location":"AuraPlayerController.cpp:AbilityInputHeld","message":"Input held","data":{"InputTag":"InputTag.LMB","bRightMouseDown":true},"runId":"run1"}
{"sessionId":"cf25b3","id":"log_348940314399","timestamp":348940314399,"location":"AuraPlayerController.cpp:AbilityInputHeld","message":"Input held","data":{"InputTag":"InputTag.RMB","bRightMouseDown":true},"runId":"run1"}
{"sessionId":"cf25b3","id":"log_348940388507","timestamp":348940388507,"location":"AuraPlayerController.cpp:Look","message":"Look invoked","data":{"x":0.98000,"y":0.00000,"bRightMouseDown":true,"hypothesisId":"A"},"runId":"run1"}
{"sessionId":"cf25b3","id":"log_348940392014","timestamp":348940392014,"location":"AuraPlayerController.cpp:AbilityInputHeld","message":"Input held","data":{"InputTag":"InputTag.LMB","bRightMouseDown":true},"runId":"run1"}
{"sessionId":"cf25b3","id":"log_348940394739","timestamp":348940394739,"location":"AuraPlayerController.cpp:AbilityInputHeld","message":"Input held","data":{"InputTag":"InputTag.RMB","bRightMouseDown":true},"runId":"run1"}
{"sessionId":"cf25b3","id":"log_348940473179","timestamp":348940473179,"location":"AuraPlayerController.cpp:Look","message":"Look invoked","data":{"x":1.96000,"y":0.00000,"bRightMouseDown":true,"hypothesisId":"A"},"runId":"run1"}
{"sessionId":"cf25b3","id":"log_348940476491","timestamp":348940476491,"location":"AuraPlayerController.cpp:AbilityInputHeld","message":"Input held","data":{"InputTag":"InputTag.LMB","bRightMouseDown":true},"runId":"run1"}
{"sessionId":"cf25b3","id":"log_348940485102","timestamp":348940485102,"location":"AuraPlayerController.cpp:AbilityInputHeld","message":"Input held","data":{"InputTag":"InputTag.RMB","bRightMouseDown":true},"runId":"run1"}
{"sessionId":"cf25b3","id":"log_348940555227","timestamp":348940555227,"location":"AuraPlayerController.cpp:Look","message":"Look invoked","data":{"x":1.12000,"y":0.00000,"bRightMouseDown":true,"hypothesisId":"A"},"runId":"run1"}
{"sessionId":"cf25b3","id":"log_348940559618","timestamp":348940559618,"location":"AuraPlayerController.cpp:AbilityInputHeld","message":"Input held","data":{"InputTag":"InputTag.LMB","bRightMouseDown":true},"runId":"run1"}
{"sessionId":"cf25b3","id":"log_348940562658","timestamp":348940562658,"location":"AuraPlayerController.cpp:AbilityInputHeld","message":"Input held","data":{"InputTag":"InputTag.RMB","bRightMouseDown":true},"runId":"run1"}
{"sessionId":"cf25b3","id":"log_348940638026","timestamp":348940638026,"location":"AuraPlayerController.cpp:Look","message":"Look invoked","data":{"x":1.12000,"y":0.00000,"bRightMouseDown":true,"hypothesisId":"A"},"runId":"run1"}
{"sessionId":"cf25b3","id":"log_348940641722","timestamp":348940641722,"location":"AuraPlayerController.cpp:AbilityInputHeld","message":"Input held","data":{"InputTag":"InputTag.LMB","bRightMouseDown":true},"runId":"run1"}
{"sessionId":"cf25b3","id":"log_348940644536","timestamp":348940644536,"location":"AuraPlayerController.cpp:AbilityInputHeld","message":"Input held","data":{"InputTag":"InputTag.RMB","bRightMouseDown":true},"runId":"run1"}
{"sessionId":"cf25b3","id":"log_348941616057","timestamp":348941616057,"location":"AuraPlayerController.cpp:Look","message":"Look invoked","data":{"x":14.49000,"y":0.00000,"bRightMouseDown":true,"hypothesisId":"A"},"runId":"run1"}
{"sessionId":"cf25b3","id":"log_348941623269","timestamp":348941623269,"location":"AuraPlayerController.cpp:AbilityInputHeld","message":"Input held","data":{"InputTag":"InputTag.LMB","bRightMouseDown":true},"runId":"run1"}
{"sessionId":"cf25b3","id":"log_348941627936","timestamp":348941627936,"location":"AuraPlayerController.cpp:AbilityInputHeld","message":"Input held","data":{"InputTag":"InputTag.RMB","bRightMouseDown":true},"runId":"run1"}
{"sessionId":"cf25b3","id":"log_348941708499","timestamp":348941708499,"location":"AuraPlayerController.cpp:AbilityInputHeld","message":"Input held","data":{"InputTag":"InputTag.LMB","bRightMouseDown":true},"runId":"run1"}
{"sessionId":"cf25b3","id":"log_348941712525","timestamp":348941712525,"location":"AuraPlayerController.cpp:AbilityInputReleased","message":"Input released","data":{"InputTag":"InputTag.RMB","bRightMouseDown":true},"runId":"run1"}
{"sessionId":"cf25b3","id":"log_348941795518","timestamp":348941795518,"location":"AuraPlayerController.cpp:AbilityInputHeld","message":"Input held","data":{"InputTag":"InputTag.LMB","bRightMouseDown":false},"runId":"run1"}
{"sessionId":"cf25b3","id":"log_348941877597","timestamp":348941877597,"location":"AuraPlayerController.cpp:AbilityInputHeld","message":"Input held","data":{"InputTag":"InputTag.LMB","bRightMouseDown":false},"runId":"run1"}
{"sessionId":"cf25b3","id":"log_348941957300","timestamp":348941957300,"location":"AuraPlayerController.cpp:AbilityInputHeld","message":"Input held","data":{"InputTag":"InputTag.LMB","bRightMouseDown":false},"runId":"run1"}
{"sessionId":"cf25b3","id":"log_348942042427","timestamp":348942042427,"location":"AuraPlayerController.cpp:Look","message":"Look invoked","data":{"x":-0.07000,"y":0.00000,"bRightMouseDown":false,"hypothesisId":"A"},"runId":"run1"}
{"sessionId":"cf25b3","id":"log_348942047226","timestamp":348942047226,"location":"AuraPlayerController.cpp:AbilityInputHeld","message":"Input held","data":{"InputTag":"InputTag.LMB","bRightMouseDown":false},"runId":"run1"}
{"sessionId":"cf25b3","id":"log_348942050497","timestamp":348942050497,"location":"AuraPlayerController.cpp:AbilityInputHeld","message":"Input held","data":{"InputTag":"InputTag.RMB","bRightMouseDown":false},"runId":"run1"}
{"sessionId":"cf25b3","id":"log_348942124714","timestamp":348942124714,"location":"AuraPlayerController.cpp:Look","message":"Look invoked","data":{"x":-0.14000,"y":0.00000,"bRightMouseDown":true,"hypothesisId":"A"},"runId":"run1"}
{"sessionId":"cf25b3","id":"log_348942129872","timestamp":348942129872,"location":"AuraPlayerController.cpp:AbilityInputHeld","message":"Input held","data":{"InputTag":"InputTag.LMB","bRightMouseDown":true},"runId":"run1"}
{"sessionId":"cf25b3","id":"log_348942133255","timestamp":348942133255,"location":"AuraPlayerController.cpp:AbilityInputHeld","message":"Input held","data":{"InputTag":"InputTag.RMB","bRightMouseDown":true},"runId":"run1"}
{"sessionId":"cf25b3","id":"log_348942208469","timestamp":348942208469,"location":"AuraPlayerController.cpp:Look","message":"Look invoked","data":{"x":-0.14000,"y":0.00000,"bRightMouseDown":true,"hypothesisId":"A"},"runId":"run1"}
{"sessionId":"cf25b3","id":"log_348942214583","timestamp":348942214583,"location":"AuraPlayerController.cpp:AbilityInputHeld","message":"Input held","data":{"InputTag":"InputTag.LMB","bRightMouseDown":true},"runId":"run1"}
{"sessionId":"cf25b3","id":"log_348942217095","timestamp":348942217095,"location":"AuraPlayerController.cpp:AbilityInputHeld","message":"Input held","data":{"InputTag":"InputTag.RMB","bRightMouseDown":true},"runId":"run1"}
{"sessionId":"cf25b3","id":"log_348942293703","timestamp":348942293703,"location":"AuraPlayerController.cpp:Look","message":"Look invoked","data":{"x":-0.07000,"y":0.00000,"bRightMouseDown":true,"hypothesisId":"A"},"runId":"run1"}
{"sessionId":"cf25b3","id":"log_348942298263","timestamp":348942298263,"location":"AuraPlayerController.cpp:AbilityInputHeld","message":"Input held","data":{"InputTag":"InputTag.LMB","bRightMouseDown":true},"runId":"run1"}
{"sessionId":"cf25b3","id":"log_348942300889","timestamp":348942300889,"location":"AuraPlayerController.cpp:AbilityInputHeld","message":"Input held","data":{"InputTag":"InputTag.RMB","bRightMouseDown":true},"runId":"run1"}
{"sessionId":"cf25b3","id":"log_348942374958","timestamp":348942374958,"location":"AuraPlayerController.cpp:Look","message":"Look invoked","data":{"x":-0.21000,"y":0.00000,"bRightMouseDown":true,"hypothesisId":"A"},"runId":"run1"}
{"sessionId":"cf25b3","id":"log_348942378695","timestamp":348942378695,"location":"AuraPlayerController.cpp:AbilityInputHeld","message":"Input held","data":{"InputTag":"InputTag.LMB","bRightMouseDown":true},"runId":"run1"}
{"sessionId":"cf25b3","id":"log_348942381060","timestamp":348942381060,"location":"AuraPlayerController.cpp:AbilityInputHeld","message":"Input held","data":{"InputTag":"InputTag.RMB","bRightMouseDown":true},"runId":"run1"}
{"sessionId":"cf25b3","id":"log_348942460139","timestamp":348942460139,"location":"AuraPlayerController.cpp:Look","message":"Look invoked","data":{"x":-0.21000,"y":0.00000,"bRightMouseDown":true,"hypothesisId":"A"},"runId":"run1"}
{"sessionId":"cf25b3","id":"log_348942464090","timestamp":348942464090,"location":"AuraPlayerController.cpp:AbilityInputHeld","message":"Input held","data":{"InputTag":"InputTag.LMB","bRightMouseDown":true},"runId":"run1"}
{"sessionId":"cf25b3","id":"log_348942466448","timestamp":348942466448,"location":"AuraPlayerController.cpp:AbilityInputHeld","message":"Input held","data":{"InputTag":"InputTag.RMB","bRightMouseDown":true},"runId":"run1"}
{"sessionId":"cf25b3","id":"log_348942541725","timestamp":348942541725,"location":"AuraPlayerController.cpp:Look","message":"Look invoked","data":{"x":-0.28000,"y":0.00000,"bRightMouseDown":true,"hypothesisId":"A"},"runId":"run1"}
{"sessionId":"cf25b3","id":"log_348942545910","timestamp":348942545910,"location":"AuraPlayerController.cpp:AbilityInputHeld","message":"Input held","data":{"InputTag":"InputTag.LMB","bRightMouseDown":true},"runId":"run1"}
{"sessionId":"cf25b3","id":"log_348942548772","timestamp":348942548772,"location":"AuraPlayerController.cpp:AbilityInputHeld","message":"Input held","data":{"InputTag":"InputTag.RMB","bRightMouseDown":true},"runId":"run1"}
{"sessionId":"cf25b3","id":"log_348942625322","timestamp":348942625322,"location":"AuraPlayerController.cpp:Look","message":"Look invoked","data":{"x":-0.56000,"y":0.00000,"bRightMouseDown":true,"hypothesisId":"A"},"runId":"run1"}
{"sessionId":"cf25b3","id":"log_348942628710","timestamp":348942628710,"location":"AuraPlayerController.cpp:AbilityInputHeld","message":"Input held","data":{"InputTag":"InputTag.LMB","bRightMouseDown":true},"runId":"run1"}
{"sessionId":"cf25b3","id":"log_348942631031","timestamp":348942631031,"location":"AuraPlayerController.cpp:AbilityInputHeld","message":"Input held","data":{"InputTag":"InputTag.RMB","bRightMouseDown":true},"runId":"run1"}
{"sessionId":"cf25b3","id":"log_348942707953","timestamp":348942707953,"location":"AuraPlayerController.cpp:Look","message":"Look invoked","data":{"x":-0.42000,"y":0.00000,"bRightMouseDown":true,"hypothesisId":"A"},"runId":"run1"}
{"sessionId":"cf25b3","id":"log_348942711526","timestamp":348942711526,"location":"AuraPlayerController.cpp:AbilityInputHeld","message":"Input held","data":{"InputTag":"InputTag.LMB","bRightMouseDown":true},"runId":"run1"}
{"sessionId":"cf25b3","id":"log_348942714389","timestamp":348942714389,"location":"AuraPlayerController.cpp:AbilityInputHeld","message":"Input held","data":{"InputTag":"InputTag.RMB","bRightMouseDown":true},"runId":"run1"}
{"sessionId":"cf25b3","id":"log_348942791608","timestamp":348942791608,"location":"AuraPlayerController.cpp:Look","message":"Look invoked","data":{"x":-0.56000,"y":0.00000,"bRightMouseDown":true,"hypothesisId":"A"},"runId":"run1"}
{"sessionId":"cf25b3","id":"log_348942795609","timestamp":348942795609,"location":"AuraPlayerController.cpp:AbilityInputHeld","message":"Input held","data":{"InputTag":"InputTag.LMB","bRightMouseDown":true},"runId":"run1"}
{"sessionId":"cf25b3","id":"log_348942798296","timestamp":348942798296,"location":"AuraPlayerController.cpp:AbilityInputHeld","message":"Input held","data":{"InputTag":"InputTag.RMB","bRightMouseDown":true},"runId":"run1"}
{"sessionId":"cf25b3","id":"log_348942875181","timestamp":348942875181,"location":"AuraPlayerController.cpp:Look","message":"Look invoked","data":{"x":-0.98000,"y":0.00000,"bRightMouseDown":true,"hypothesisId":"A"},"runId":"run1"}
{"sessionId":"cf25b3","id":"log_348942879205","timestamp":348942879205,"location":"AuraPlayerController.cpp:AbilityInputHeld","message":"Input held","data":{"InputTag":"InputTag.LMB","bRightMouseDown":true},"runId":"run1"}
{"sessionId":"cf25b3","id":"log_348942881575","timestamp":348942881575,"location":"AuraPlayerController.cpp:AbilityInputHeld","message":"Input held","data":{"InputTag":"InputTag.RMB","bRightMouseDown":true},"runId":"run1"}
{"sessionId":"cf25b3","id":"log_348942958986","timestamp":348942958986,"location":"AuraPlayerController.cpp:Look","message":"Look invoked","data":{"x":-0.56000,"y":0.00000,"bRightMouseDown":true,"hypothesisId":"A"},"runId":"run1"}
{"sessionId":"cf25b3","id":"log_348942962544","timestamp":348942962544,"location":"AuraPlayerController.cpp:AbilityInputHeld","message":"Input held","data":{"InputTag":"InputTag.LMB","bRightMouseDown":true},"runId":"run1"}
{"sessionId":"cf25b3","id":"log_348942965137","timestamp":348942965137,"location":"AuraPlayerController.cpp:AbilityInputHeld","message":"Input held","data":{"InputTag":"InputTag.RMB","bRightMouseDown":true},"runId":"run1"}
{"sessionId":"cf25b3","id":"log_348943041371","timestamp":348943041371,"location":"AuraPlayerController.cpp:Look","message":"Look invoked","data":{"x":-0.49000,"y":0.00000,"bRightMouseDown":true,"hypothesisId":"A"},"runId":"run1"}
{"sessionId":"cf25b3","id":"log_348943045330","timestamp":348943045330,"location":"AuraPlayerController.cpp:AbilityInputHeld","message":"Input held","data":{"InputTag":"InputTag.LMB","bRightMouseDown":true},"runId":"run1"}
{"sessionId":"cf25b3","id":"log_348943048110","timestamp":348943048110,"location":"AuraPlayerController.cpp:AbilityInputHeld","message":"Input held","data":{"InputTag":"InputTag.RMB","bRightMouseDown":true},"runId":"run1"}
{"sessionId":"cf25b3","id":"log_348943124693","timestamp":348943124693,"location":"AuraPlayerController.cpp:Look","message":"Look invoked","data":{"x":-1.05000,"y":0.00000,"bRightMouseDown":true,"hypothesisId":"A"},"runId":"run1"}
{"sessionId":"cf25b3","id":"log_348943128953","timestamp":348943128953,"location":"AuraPlayerController.cpp:AbilityInputHeld","message":"Input held","data":{"InputTag":"InputTag.LMB","bRightMouseDown":true},"runId":"run1"}
{"sessionId":"cf25b3","id":"log_348943131759","timestamp":348943131759,"location":"AuraPlayerController.cpp:AbilityInputHeld","message":"Input held","data":{"InputTag":"InputTag.RMB","bRightMouseDown":true},"runId":"run1"}
{"sessionId":"cf25b3","id":"log_348943208202","timestamp":348943208202,"location":"AuraPlayerController.cpp:Look","message":"Look invoked","data":{"x":-0.56000,"y":0.00000,"bRightMouseDown":true,"hypothesisId":"A"},"runId":"run1"}
{"sessionId":"cf25b3","id":"log_348943211761","timestamp":348943211761,"location":"AuraPlayerController.cpp:AbilityInputHeld","message":"Input held","data":{"InputTag":"InputTag.LMB","bRightMouseDown":true},"runId":"run1"}
{"sessionId":"cf25b3","id":"log_348943215229","timestamp":348943215229,"location":"AuraPlayerController.cpp:AbilityInputHeld","message":"Input held","data":{"InputTag":"InputTag.RMB","bRightMouseDown":true},"runId":"run1"}
{"sessionId":"cf25b3","id":"log_348943292062","timestamp":348943292062,"location":"AuraPlayerController.cpp:Look","message":"Look invoked","data":{"x":-0.56000,"y":0.00000,"bRightMouseDown":true,"hypothesisId":"A"},"runId":"run1"}
{"sessionId":"cf25b3","id":"log_348943297561","timestamp":348943297561,"location":"AuraPlayerController.cpp:AbilityInputHeld","message":"Input held","data":{"InputTag":"InputTag.LMB","bRightMouseDown":true},"runId":"run1"}
{"sessionId":"cf25b3","id":"log_348943300016","timestamp":348943300016,"location":"AuraPlayerController.cpp:AbilityInputHeld","message":"Input held","data":{"InputTag":"InputTag.RMB","bRightMouseDown":true},"runId":"run1"}
{"sessionId":"cf25b3","id":"log_348943375578","timestamp":348943375578,"location":"AuraPlayerController.cpp:Look","message":"Look invoked","data":{"x":-0.77000,"y":0.00000,"bRightMouseDown":true,"hypothesisId":"A"},"runId":"run1"}
{"sessionId":"cf25b3","id":"log_348943380603","timestamp":348943380603,"location":"AuraPlayerController.cpp:AbilityInputHeld","message":"Input held","data":{"InputTag":"InputTag.LMB","bRightMouseDown":true},"runId":"run1"}
{"sessionId":"cf25b3","id":"log_348943383399","timestamp":348943383399,"location":"AuraPlayerController.cpp:AbilityInputHeld","message":"Input held","data":{"InputTag":"InputTag.RMB","bRightMouseDown":true},"runId":"run1"}
{"sessionId":"cf25b3","id":"log_348943459482","timestamp":348943459482,"location":"AuraPlayerController.cpp:Look","message":"Look invoked","data":{"x":-0.42000,"y":0.00000,"bRightMouseDown":true,"hypothesisId":"A"},"runId":"run1"}
{"sessionId":"cf25b3","id":"log_348943463101","timestamp":348943463101,"location":"AuraPlayerController.cpp:AbilityInputHeld","message":"Input held","data":{"InputTag":"InputTag.LMB","bRightMouseDown":true},"runId":"run1"}
{"sessionId":"cf25b3","id":"log_348943466267","timestamp":348943466267,"location":"AuraPlayerController.cpp:AbilityInputHeld","message":"Input held","data":{"InputTag":"InputTag.RMB","bRightMouseDown":true},"runId":"run1"}
{"sessionId":"cf25b3","id":"log_348943542044","timestamp":348943542044,"location":"AuraPlayerController.cpp:Look","message":"Look invoked","data":{"x":-0.42000,"y":0.00000,"bRightMouseDown":true,"hypothesisId":"A"},"runId":"run1"}
{"sessionId":"cf25b3","id":"log_348943545354","timestamp":348943545354,"location":"AuraPlayerController.cpp:AbilityInputHeld","message":"Input held","data":{"InputTag":"InputTag.LMB","bRightMouseDown":true},"runId":"run1"}
{"sessionId":"cf25b3","id":"log_348943547734","timestamp":348943547734,"location":"AuraPlayerController.cpp:AbilityInputHeld","message":"Input held","data":{"InputTag":"InputTag.RMB","bRightMouseDown":true},"runId":"run1"}
{"sessionId":"cf25b3","id":"log_348943625002","timestamp":348943625002,"location":"AuraPlayerController.cpp:Look","message":"Look invoked","data":{"x":-0.63000,"y":0.00000,"bRightMouseDown":true,"hypothesisId":"A"},"runId":"run1"}
{"sessionId":"cf25b3","id":"log_348943629381","timestamp":348943629381,"location":"AuraPlayerController.cpp:AbilityInputHeld","message":"Input held","data":{"InputTag":"InputTag.LMB","bRightMouseDown":true},"runId":"run1"}
{"sessionId":"cf25b3","id":"log_348943632118","timestamp":348943632118,"location":"AuraPlayerController.cpp:AbilityInputHeld","message":"Input held","data":{"InputTag":"InputTag.RMB","bRightMouseDown":true},"runId":"run1"}
{"sessionId":"cf25b3","id":"log_348943710280","timestamp":348943710280,"location":"AuraPlayerController.cpp:Look","message":"Look invoked","data":{"x":-0.28000,"y":0.00000,"bRightMouseDown":true,"hypothesisId":"A"},"runId":"run1"}
{"sessionId":"cf25b3","id":"log_348943713836","timestamp":348943713836,"location":"AuraPlayerController.cpp:AbilityInputHeld","message":"Input held","data":{"InputTag":"InputTag.LMB","bRightMouseDown":true},"runId":"run1"}
{"sessionId":"cf25b3","id":"log_348943716253","timestamp":348943716253,"location":"AuraPlayerController.cpp:AbilityInputHeld","message":"Input held","data":{"InputTag":"InputTag.RMB","bRightMouseDown":true},"runId":"run1"}
{"sessionId":"cf25b3","id":"log_348943792960","timestamp":348943792960,"location":"AuraPlayerController.cpp:Look","message":"Look invoked","data":{"x":-0.21000,"y":0.00000,"bRightMouseDown":true,"hypothesisId":"A"},"runId":"run1"}
{"sessionId":"cf25b3","id":"log_348943796968","timestamp":348943796968,"location":"AuraPlayerController.cpp:AbilityInputHeld","message":"Input held","data":{"InputTag":"InputTag.LMB","bRightMouseDown":true},"runId":"run1"}
{"sessionId":"cf25b3","id":"log_348943799731","timestamp":348943799731,"location":"AuraPlayerController.cpp:AbilityInputHeld","message":"Input held","data":{"InputTag":"InputTag.RMB","bRightMouseDown":true},"runId":"run1"}
{"sessionId":"cf25b3","id":"log_348943875754","timestamp":348943875754,"location":"AuraPlayerController.cpp:Look","message":"Look invoked","data":{"x":-0.14000,"y":0.00000,"bRightMouseDown":true,"hypothesisId":"A"},"runId":"run1"}
{"sessionId":"cf25b3","id":"log_348943879366","timestamp":348943879366,"location":"AuraPlayerController.cpp:AbilityInputHeld","message":"Input held","data":{"InputTag":"InputTag.LMB","bRightMouseDown":true},"runId":"run1"}
{"sessionId":"cf25b3","id":"log_348943882582","timestamp":348943882582,"location":"AuraPlayerController.cpp:AbilityInputHeld","message":"Input held","data":{"InputTag":"InputTag.RMB","bRightMouseDown":true},"runId":"run1"}
{"sessionId":"cf25b3","id":"log_348943956678","timestamp":348943956678,"location":"AuraPlayerController.cpp:AbilityInputHeld","message":"Input held","data":{"InputTag":"InputTag.LMB","bRightMouseDown":true},"runId":"run1"}
{"sessionId":"cf25b3","id":"log_348943961108","timestamp":348943961108,"location":"AuraPlayerController.cpp:AbilityInputReleased","message":"Input released","data":{"InputTag":"InputTag.RMB","bRightMouseDown":true},"runId":"run1"}
{"sessionId":"cf25b3","id":"log_348944040164","timestamp":348944040164,"location":"AuraPlayerController.cpp:AbilityInputHeld","message":"Input held","data":{"InputTag":"InputTag.LMB","bRightMouseDown":false},"runId":"run1"}
{"sessionId":"cf25b3","id":"log_348944123420","timestamp":348944123420,"location":"AuraPlayerController.cpp:AbilityInputHeld","message":"Input held","data":{"InputTag":"InputTag.LMB","bRightMouseDown":false},"runId":"run1"}
{"sessionId":"cf25b3","id":"log_348944210088","timestamp":348944210088,"location":"AuraPlayerController.cpp:AbilityInputReleased","message":"Input released","data":{"InputTag":"InputTag.LMB","bRightMouseDown":false},"runId":"run1"}
{"sessionId":"cf25b3","id":"log_348951462438","timestamp":348951462438,"location":"AuraPlayerController.cpp:AbilityInputHeld","message":"Input held","data":{"InputTag":"InputTag.LMB","bRightMouseDown":false},"runId":"run1"}
{"sessionId":"cf25b3","id":"log_348951540712","timestamp":348951540712,"location":"AuraPlayerController.cpp:AbilityInputHeld","message":"Input held","data":{"InputTag":"InputTag.LMB","bRightMouseDown":false},"runId":"run1"}
{"sessionId":"cf25b3","id":"log_348951623931","timestamp":348951623931,"location":"AuraPlayerController.cpp:AbilityInputHeld","message":"Input held","data":{"InputTag":"InputTag.LMB","bRightMouseDown":false},"runId":"run1"}
{"sessionId":"cf25b3","id":"log_348951707248","timestamp":348951707248,"location":"AuraPlayerController.cpp:AbilityInputHeld","message":"Input held","data":{"InputTag":"InputTag.LMB","bRightMouseDown":false},"runId":"run1"}
{"sessionId":"cf25b3","id":"log_348951790549","timestamp":348951790549,"location":"AuraPlayerController.cpp:AbilityInputHeld","message":"Input held","data":{"InputTag":"InputTag.LMB","bRightMouseDown":false},"runId":"run1"}
{"sessionId":"cf25b3","id":"log_348951874231","timestamp":348951874231,"location":"AuraPlayerController.cpp:AbilityInputHeld","message":"Input held","data":{"InputTag":"InputTag.LMB","bRightMouseDown":false},"runId":"run1"}
{"sessionId":"cf25b3","id":"log_348951958237","timestamp":348951958237,"location":"AuraPlayerController.cpp:AbilityInputHeld","message":"Input held","data":{"InputTag":"InputTag.LMB","bRightMouseDown":false},"runId":"run1"}
{"sessionId":"cf25b3","id":"log_348952041015","timestamp":348952041015,"location":"AuraPlayerController.cpp:AbilityInputHeld","message":"Input held","data":{"InputTag":"InputTag.LMB","bRightMouseDown":false},"runId":"run1"}
{"sessionId":"cf25b3","id":"log_348952124002","timestamp":348952124002,"location":"AuraPlayerController.cpp:AbilityInputHeld","message":"Input held","data":{"InputTag":"InputTag.LMB","bRightMouseDown":false},"runId":"run1"}
{"sessionId":"cf25b3","id":"log_348952208135","timestamp":348952208135,"location":"AuraPlayerController.cpp:AbilityInputHeld","message":"Input held","data":{"InputTag":"InputTag.LMB","bRightMouseDown":false},"runId":"run1"}
{"sessionId":"cf25b3","id":"log_348952290511","timestamp":348952290511,"location":"AuraPlayerController.cpp:AbilityInputHeld","message":"Input held","data":{"InputTag":"InputTag.LMB","bRightMouseDown":false},"runId":"run1"}
{"sessionId":"cf25b3","id":"log_348952374059","timestamp":348952374059,"location":"AuraPlayerController.cpp:AbilityInputHeld","message":"Input held","data":{"InputTag":"InputTag.LMB","bRightMouseDown":false},"runId":"run1"}
{"sessionId":"cf25b3","id":"log_348952458791","timestamp":348952458791,"location":"AuraPlayerController.cpp:AbilityInputHeld","message":"Input held","data":{"InputTag":"InputTag.LMB","bRightMouseDown":false},"runId":"run1"}
{"sessionId":"cf25b3","id":"log_348952541879","timestamp":348952541879,"location":"AuraPlayerController.cpp:Look","message":"Look invoked","data":{"x":-0.07000,"y":0.00000,"bRightMouseDown":false,"hypothesisId":"A"},"runId":"run1"}
{"sessionId":"cf25b3","id":"log_348952548716","timestamp":348952548716,"location":"AuraPlayerController.cpp:AbilityInputHeld","message":"Input held","data":{"InputTag":"InputTag.LMB","bRightMouseDown":false},"runId":"run1"}
{"sessionId":"cf25b3","id":"log_348952550909","timestamp":348952550909,"location":"AuraPlayerController.cpp:AbilityInputHeld","message":"Input held","data":{"InputTag":"InputTag.RMB","bRightMouseDown":false},"runId":"run1"}
{"sessionId":"cf25b3","id":"log_348952626384","timestamp":348952626384,"location":"AuraPlayerController.cpp:Look","message":"Look invoked","data":{"x":-0.21000,"y":0.00000,"bRightMouseDown":true,"hypothesisId":"A"},"runId":"run1"}
{"sessionId":"cf25b3","id":"log_348952630795","timestamp":348952630795,"location":"AuraPlayerController.cpp:AbilityInputHeld","message":"Input held","data":{"InputTag":"InputTag.LMB","bRightMouseDown":true},"runId":"run1"}
{"sessionId":"cf25b3","id":"log_348952633364","timestamp":348952633364,"location":"AuraPlayerController.cpp:AbilityInputHeld","message":"Input held","data":{"InputTag":"InputTag.RMB","bRightMouseDown":true},"runId":"run1"}
{"sessionId":"cf25b3","id":"log_348952708822","timestamp":348952708822,"location":"AuraPlayerController.cpp:Look","message":"Look invoked","data":{"x":-0.14000,"y":0.00000,"bRightMouseDown":true,"hypothesisId":"A"},"runId":"run1"}
{"sessionId":"cf25b3","id":"log_348952712741","timestamp":348952712741,"location":"AuraPlayerController.cpp:AbilityInputHeld","message":"Input held","data":{"InputTag":"InputTag.LMB","bRightMouseDown":true},"runId":"run1"}
{"sessionId":"cf25b3","id":"log_348952715795","timestamp":348952715795,"location":"AuraPlayerController.cpp:AbilityInputHeld","message":"Input held","data":{"InputTag":"InputTag.RMB","bRightMouseDown":true},"runId":"run1"}
{"sessionId":"cf25b3","id":"log_348952794381","timestamp":348952794381,"location":"AuraPlayerController.cpp:Look","message":"Look invoked","data":{"x":-0.21000,"y":0.00000,"bRightMouseDown":true,"hypothesisId":"A"},"runId":"run1"}
{"sessionId":"cf25b3","id":"log_348952798039","timestamp":348952798039,"location":"AuraPlayerController.cpp:AbilityInputHeld","message":"Input held","data":{"InputTag":"InputTag.LMB","bRightMouseDown":true},"runId":"run1"}
{"sessionId":"cf25b3","id":"log_348952801668","timestamp":348952801668,"location":"AuraPlayerController.cpp:AbilityInputHeld","message":"Input held","data":{"InputTag":"InputTag.RMB","bRightMouseDown":true},"runId":"run1"}
{"sessionId":"cf25b3","id":"log_348952875728","timestamp":348952875728,"location":"AuraPlayerController.cpp:Look","message":"Look invoked","data":{"x":-0.28000,"y":0.00000,"bRightMouseDown":true,"hypothesisId":"A"},"runId":"run1"}
{"sessionId":"cf25b3","id":"log_348952880868","timestamp":348952880868,"location":"AuraPlayerController.cpp:AbilityInputHeld","message":"Input held","data":{"InputTag":"InputTag.LMB","bRightMouseDown":true},"runId":"run1"}
{"sessionId":"cf25b3","id":"log_348952884752","timestamp":348952884752,"location":"AuraPlayerController.cpp:AbilityInputHeld","message":"Input held","data":{"InputTag":"InputTag.RMB","bRightMouseDown":true},"runId":"run1"}
{"sessionId":"cf25b3","id":"log_348952958932","timestamp":348952958932,"location":"AuraPlayerController.cpp:Look","message":"Look invoked","data":{"x":-0.14000,"y":0.00000,"bRightMouseDown":true,"hypothesisId":"A"},"runId":"run1"}
{"sessionId":"cf25b3","id":"log_348952963538","timestamp":348952963538,"location":"AuraPlayerController.cpp:AbilityInputHeld","message":"Input held","data":{"InputTag":"InputTag.LMB","bRightMouseDown":true},"runId":"run1"}
{"sessionId":"cf25b3","id":"log_348952966370","timestamp":348952966370,"location":"AuraPlayerController.cpp:AbilityInputHeld","message":"Input held","data":{"InputTag":"InputTag.RMB","bRightMouseDown":true},"runId":"run1"}
{"sessionId":"cf25b3","id":"log_348953042800","timestamp":348953042800,"location":"AuraPlayerController.cpp:Look","message":"Look invoked","data":{"x":-0.21000,"y":0.00000,"bRightMouseDown":true,"hypothesisId":"A"},"runId":"run1"}
{"sessionId":"cf25b3","id":"log_348953046353","timestamp":348953046353,"location":"AuraPlayerController.cpp:AbilityInputHeld","message":"Input held","data":{"InputTag":"InputTag.LMB","bRightMouseDown":true},"runId":"run1"}
{"sessionId":"cf25b3","id":"log_348953049621","timestamp":348953049621,"location":"AuraPlayerController.cpp:AbilityInputHeld","message":"Input held","data":{"InputTag":"InputTag.RMB","bRightMouseDown":true},"runId":"run1"}
{"sessionId":"cf25b3","id":"log_348953125471","timestamp":348953125471,"location":"AuraPlayerController.cpp:Look","message":"Look invoked","data":{"x":-0.28000,"y":0.00000,"bRightMouseDown":true,"hypothesisId":"A"},"runId":"run1"}
{"sessionId":"cf25b3","id":"log_348953129480","timestamp":348953129480,"location":"AuraPlayerController.cpp:AbilityInputHeld","message":"Input held","data":{"InputTag":"InputTag.LMB","bRightMouseDown":true},"runId":"run1"}
{"sessionId":"cf25b3","id":"log_348953132799","timestamp":348953132799,"location":"AuraPlayerController.cpp:AbilityInputHeld","message":"Input held","data":{"InputTag":"InputTag.RMB","bRightMouseDown":true},"runId":"run1"}
{"sessionId":"cf25b3","id":"log_348953208708","timestamp":348953208708,"location":"AuraPlayerController.cpp:Look","message":"Look invoked","data":{"x":-0.21000,"y":0.00000,"bRightMouseDown":true,"hypothesisId":"A"},"runId":"run1"}
{"sessionId":"cf25b3","id":"log_348953221692","timestamp":348953221692,"location":"AuraPlayerController.cpp:AbilityInputHeld","message":"Input held","data":{"InputTag":"InputTag.LMB","bRightMouseDown":true},"runId":"run1"}
{"sessionId":"cf25b3","id":"log_348953224639","timestamp":348953224639,"location":"AuraPlayerController.cpp:AbilityInputHeld","message":"Input held","data":{"InputTag":"InputTag.RMB","bRightMouseDown":true},"runId":"run1"}
{"sessionId":"cf25b3","id":"log_348953292169","timestamp":348953292169,"location":"AuraPlayerController.cpp:Look","message":"Look invoked","data":{"x":-0.14000,"y":0.00000,"bRightMouseDown":true,"hypothesisId":"A"},"runId":"run1"}
{"sessionId":"cf25b3","id":"log_348953295913","timestamp":348953295913,"location":"AuraPlayerController.cpp:AbilityInputHeld","message":"Input held","data":{"InputTag":"InputTag.LMB","bRightMouseDown":true},"runId":"run1"}
{"sessionId":"cf25b3","id":"log_348953298523","timestamp":348953298523,"location":"AuraPlayerController.cpp:AbilityInputHeld","message":"Input held","data":{"InputTag":"InputTag.RMB","bRightMouseDown":true},"runId":"run1"}
{"sessionId":"cf25b3","id":"log_348953375674","timestamp":348953375674,"location":"AuraPlayerController.cpp:Look","message":"Look invoked","data":{"x":-0.28000,"y":0.00000,"bRightMouseDown":true,"hypothesisId":"A"},"runId":"run1"}
{"sessionId":"cf25b3","id":"log_348953379567","timestamp":348953379567,"location":"AuraPlayerController.cpp:AbilityInputHeld","message":"Input held","data":{"InputTag":"InputTag.LMB","bRightMouseDown":true},"runId":"run1"}
{"sessionId":"cf25b3","id":"log_348953382823","timestamp":348953382823,"location":"AuraPlayerController.cpp:AbilityInputHeld","message":"Input held","data":{"InputTag":"InputTag.RMB","bRightMouseDown":true},"runId":"run1"}
{"sessionId":"cf25b3","id":"log_348953458726","timestamp":348953458726,"location":"AuraPlayerController.cpp:Look","message":"Look invoked","data":{"x":-0.21000,"y":0.00000,"bRightMouseDown":true,"hypothesisId":"A"},"runId":"run1"}
{"sessionId":"cf25b3","id":"log_348953463482","timestamp":348953463482,"location":"AuraPlayerController.cpp:AbilityInputHeld","message":"Input held","data":{"InputTag":"InputTag.LMB","bRightMouseDown":true},"runId":"run1"}
{"sessionId":"cf25b3","id":"log_348953466645","timestamp":348953466645,"location":"AuraPlayerController.cpp:AbilityInputHeld","message":"Input held","data":{"InputTag":"InputTag.RMB","bRightMouseDown":true},"runId":"run1"}
{"sessionId":"cf25b3","id":"log_348953543784","timestamp":348953543784,"location":"AuraPlayerController.cpp:Look","message":"Look invoked","data":{"x":-0.14000,"y":0.00000,"bRightMouseDown":true,"hypothesisId":"A"},"runId":"run1"}
{"sessionId":"cf25b3","id":"log_348953547707","timestamp":348953547707,"location":"AuraPlayerController.cpp:AbilityInputHeld","message":"Input held","data":{"InputTag":"InputTag.LMB","bRightMouseDown":true},"runId":"run1"}
{"sessionId":"cf25b3","id":"log_348953550702","timestamp":348953550702,"location":"AuraPlayerController.cpp:AbilityInputHeld","message":"Input held","data":{"InputTag":"InputTag.RMB","bRightMouseDown":true},"runId":"run1"}
{"sessionId":"cf25b3","id":"log_348953625350","timestamp":348953625350,"location":"AuraPlayerController.cpp:Look","message":"Look invoked","data":{"x":-0.14000,"y":0.00000,"bRightMouseDown":true,"hypothesisId":"A"},"runId":"run1"}
{"sessionId":"cf25b3","id":"log_348953629348","timestamp":348953629348,"location":"AuraPlayerController.cpp:AbilityInputHeld","message":"Input held","data":{"InputTag":"InputTag.LMB","bRightMouseDown":true},"runId":"run1"}
{"sessionId":"cf25b3","id":"log_348953631794","timestamp":348953631794,"location":"AuraPlayerController.cpp:AbilityInputHeld","message":"Input held","data":{"InputTag":"InputTag.RMB","bRightMouseDown":true},"runId":"run1"}
{"sessionId":"cf25b3","id":"log_348953709015","timestamp":348953709015,"location":"AuraPlayerController.cpp:Look","message":"Look invoked","data":{"x":-0.07000,"y":0.00000,"bRightMouseDown":true,"hypothesisId":"A"},"runId":"run1"}
{"sessionId":"cf25b3","id":"log_348953715561","timestamp":348953715561,"location":"AuraPlayerController.cpp:AbilityInputHeld","message":"Input held","data":{"InputTag":"InputTag.LMB","bRightMouseDown":true},"runId":"run1"}
{"sessionId":"cf25b3","id":"log_348953720804","timestamp":348953720804,"location":"AuraPlayerController.cpp:AbilityInputHeld","message":"Input held","data":{"InputTag":"InputTag.RMB","bRightMouseDown":true},"runId":"run1"}
{"sessionId":"cf25b3","id":"log_348953792493","timestamp":348953792493,"location":"AuraPlayerController.cpp:Look","message":"Look invoked","data":{"x":-0.07000,"y":0.00000,"bRightMouseDown":true,"hypothesisId":"A"},"runId":"run1"}
{"sessionId":"cf25b3","id":"log_348953796324","timestamp":348953796324,"location":"AuraPlayerController.cpp:AbilityInputHeld","message":"Input held","data":{"InputTag":"InputTag.LMB","bRightMouseDown":true},"runId":"run1"}
{"sessionId":"cf25b3","id":"log_348953799357","timestamp":348953799357,"location":"AuraPlayerController.cpp:AbilityInputHeld","message":"Input held","data":{"InputTag":"InputTag.RMB","bRightMouseDown":true},"runId":"run1"}
{"sessionId":"cf25b3","id":"log_348953876487","timestamp":348953876487,"location":"AuraPlayerController.cpp:Look","message":"Look invoked","data":{"x":-0.07000,"y":0.00000,"bRightMouseDown":true,"hypothesisId":"A"},"runId":"run1"}
{"sessionId":"cf25b3","id":"log_348953880339","timestamp":348953880339,"location":"AuraPlayerController.cpp:AbilityInputHeld","message":"Input held","data":{"InputTag":"InputTag.LMB","bRightMouseDown":true},"runId":"run1"}
{"sessionId":"cf25b3","id":"log_348953883043","timestamp":348953883043,"location":"AuraPlayerController.cpp:AbilityInputHeld","message":"Input held","data":{"InputTag":"InputTag.RMB","bRightMouseDown":true},"runId":"run1"}
{"sessionId":"cf25b3","id":"log_348953957668","timestamp":348953957668,"location":"AuraPlayerController.cpp:AbilityInputHeld","message":"Input held","data":{"InputTag":"InputTag.LMB","bRightMouseDown":true},"runId":"run1"}
{"sessionId":"cf25b3","id":"log_348953962176","timestamp":348953962176,"location":"AuraPlayerController.cpp:AbilityInputReleased","message":"Input released","data":{"InputTag":"InputTag.RMB","bRightMouseDown":true},"runId":"run1"}
{"sessionId":"cf25b3","id":"log_348954040516","timestamp":348954040516,"location":"AuraPlayerController.cpp:AbilityInputHeld","message":"Input held","data":{"InputTag":"InputTag.LMB","bRightMouseDown":false},"runId":"run1"}
{"sessionId":"cf25b3","id":"log_348954124054","timestamp":348954124054,"location":"AuraPlayerController.cpp:AbilityInputHeld","message":"Input held","data":{"InputTag":"InputTag.LMB","bRightMouseDown":false},"runId":"run1"}
{"sessionId":"cf25b3","id":"log_348954207457","timestamp":348954207457,"location":"AuraPlayerController.cpp:AbilityInputHeld","message":"Input held","data":{"InputTag":"InputTag.LMB","bRightMouseDown":false},"runId":"run1"}
{"sessionId":"cf25b3","id":"log_348954290655","timestamp":348954290655,"location":"AuraPlayerController.cpp:AbilityInputHeld","message":"Input held","data":{"InputTag":"InputTag.LMB","bRightMouseDown":false},"runId":"run1"}
{"sessionId":"cf25b3","id":"log_348954374195","timestamp":348954374195,"location":"AuraPlayerController.cpp:AbilityInputHeld","message":"Input held","data":{"InputTag":"InputTag.LMB","bRightMouseDown":false},"runId":"run1"}
{"sessionId":"cf25b3","id":"log_348954457090","timestamp":348954457090,"location":"AuraPlayerController.cpp:AbilityInputHeld","message":"Input held","data":{"InputTag":"InputTag.LMB","bRightMouseDown":false},"runId":"run1"}
{"sessionId":"cf25b3","id":"log_348954540720","timestamp":348954540720,"location":"AuraPlayerController.cpp:AbilityInputHeld","message":"Input held","data":{"InputTag":"InputTag.LMB","bRightMouseDown":false},"runId":"run1"}
{"sessionId":"cf25b3","id":"log_348954624163","timestamp":348954624163,"location":"AuraPlayerController.cpp:AbilityInputHeld","message":"Input held","data":{"InputTag":"InputTag.LMB","bRightMouseDown":false},"runId":"run1"}
{"sessionId":"cf25b3","id":"log_348954707230","timestamp":348954707230,"location":"AuraPlayerController.cpp:AbilityInputHeld","message":"Input held","data":{"InputTag":"InputTag.LMB","bRightMouseDown":false},"runId":"run1"}
{"sessionId":"cf25b3","id":"log_348954792492","timestamp":348954792492,"location":"AuraPlayerController.cpp:AbilityInputHeld","message":"Input held","data":{"InputTag":"InputTag.LMB","bRightMouseDown":false},"runId":"run1"}
{"sessionId":"cf25b3","id":"log_348954874081","timestamp":348954874081,"location":"AuraPlayerController.cpp:AbilityInputHeld","message":"Input held","data":{"InputTag":"InputTag.LMB","bRightMouseDown":false},"runId":"run1"}
{"sessionId":"cf25b3","id":"log_348954957344","timestamp":348954957344,"location":"AuraPlayerController.cpp:AbilityInputHeld","message":"Input held","data":{"InputTag":"InputTag.LMB","bRightMouseDown":false},"runId":"run1"}
{"sessionId":"cf25b3","id":"log_348955040601","timestamp":348955040601,"location":"AuraPlayerController.cpp:AbilityInputHeld","message":"Input held","data":{"InputTag":"InputTag.LMB","bRightMouseDown":false},"runId":"run1"}
{"sessionId":"cf25b3","id":"log_348955124694","timestamp":348955124694,"location":"AuraPlayerController.cpp:AbilityInputHeld","message":"Input held","data":{"InputTag":"InputTag.LMB","bRightMouseDown":false},"runId":"run1"}
{"sessionId":"cf25b3","id":"log_348955207379","timestamp":348955207379,"location":"AuraPlayerController.cpp:AbilityInputHeld","message":"Input held","data":{"InputTag":"InputTag.LMB","bRightMouseDown":false},"runId":"run1"}
{"sessionId":"cf25b3","id":"log_348955290604","timestamp":348955290604,"location":"AuraPlayerController.cpp:AbilityInputHeld","message":"Input held","data":{"InputTag":"InputTag.LMB","bRightMouseDown":false},"runId":"run1"}
{"sessionId":"cf25b3","id":"log_348955373935","timestamp":348955373935,"location":"AuraPlayerController.cpp:AbilityInputHeld","message":"Input held","data":{"InputTag":"InputTag.LMB","bRightMouseDown":false},"runId":"run1"}
{"sessionId":"cf25b3","id":"log_348955457177","timestamp":348955457177,"location":"AuraPlayerController.cpp:AbilityInputHeld","message":"Input held","data":{"InputTag":"InputTag.LMB","bRightMouseDown":false},"runId":"run1"}
{"sessionId":"cf25b3","id":"log_348955540475","timestamp":348955540475,"location":"AuraPlayerController.cpp:AbilityInputHeld","message":"Input held","data":{"InputTag":"InputTag.LMB","bRightMouseDown":false},"runId":"run1"}
{"sessionId":"cf25b3","id":"log_348955623955","timestamp":348955623955,"location":"AuraPlayerController.cpp:AbilityInputHeld","message":"Input held","data":{"InputTag":"InputTag.LMB","bRightMouseDown":false},"runId":"run1"}
{"sessionId":"cf25b3","id":"log_348955707258","timestamp":348955707258,"location":"AuraPlayerController.cpp:AbilityInputHeld","message":"Input held","data":{"InputTag":"InputTag.LMB","bRightMouseDown":false},"runId":"run1"}
{"sessionId":"cf25b3","id":"log_348955790798","timestamp":348955790798,"location":"AuraPlayerController.cpp:AbilityInputHeld","message":"Input held","data":{"InputTag":"InputTag.LMB","bRightMouseDown":false},"runId":"run1"}
{"sessionId":"cf25b3","id":"log_348955874033","timestamp":348955874033,"location":"AuraPlayerController.cpp:AbilityInputHeld","message":"Input held","data":{"InputTag":"InputTag.LMB","bRightMouseDown":false},"runId":"run1"}
{"sessionId":"cf25b3","id":"log_348955957265","timestamp":348955957265,"location":"AuraPlayerController.cpp:AbilityInputHeld","message":"Input held","data":{"InputTag":"InputTag.LMB","bRightMouseDown":false},"runId":"run1"}
{"sessionId":"cf25b3","id":"log_348956040701","timestamp":348956040701,"location":"AuraPlayerController.cpp:AbilityInputHeld","message":"Input held","data":{"InputTag":"InputTag.LMB","bRightMouseDown":false},"runId":"run1"}
{"sessionId":"cf25b3","id":"log_348956123987","timestamp":348956123987,"location":"AuraPlayerController.cpp:AbilityInputHeld","message":"Input held","data":{"InputTag":"InputTag.LMB","bRightMouseDown":false},"runId":"run1"}
{"sessionId":"cf25b3","id":"log_348956207669","timestamp":348956207669,"location":"AuraPlayerController.cpp:AbilityInputHeld","message":"Input held","data":{"InputTag":"InputTag.LMB","bRightMouseDown":false},"runId":"run1"}
{"sessionId":"cf25b3","id":"log_348956290761","timestamp":348956290761,"location":"AuraPlayerController.cpp:AbilityInputHeld","message":"Input held","data":{"InputTag":"InputTag.LMB","bRightMouseDown":false},"runId":"run1"}
{"sessionId":"cf25b3","id":"log_348956374442","timestamp":348956374442,"location":"AuraPlayerController.cpp:AbilityInputHeld","message":"Input held","data":{"InputTag":"InputTag.LMB","bRightMouseDown":false},"runId":"run1"}
{"sessionId":"cf25b3","id":"log_348956457599","timestamp":348956457599,"location":"AuraPlayerController.cpp:AbilityInputHeld","message":"Input held","data":{"InputTag":"InputTag.LMB","bRightMouseDown":false},"runId":"run1"}
{"sessionId":"cf25b3","id":"log_348956540870","timestamp":348956540870,"location":"AuraPlayerController.cpp:AbilityInputHeld","message":"Input held","data":{"InputTag":"InputTag.LMB","bRightMouseDown":false},"runId":"run1"}
{"sessionId":"cf25b3","id":"log_348956623907","timestamp":348956623907,"location":"AuraPlayerController.cpp:AbilityInputHeld","message":"Input held","data":{"InputTag":"InputTag.LMB","bRightMouseDown":false},"runId":"run1"}
{"sessionId":"cf25b3","id":"log_348956707999","timestamp":348956707999,"location":"AuraPlayerController.cpp:AbilityInputHeld","message":"Input held","data":{"InputTag":"InputTag.LMB","bRightMouseDown":false},"runId":"run1"}
{"sessionId":"cf25b3","id":"log_348956790754","timestamp":348956790754,"location":"AuraPlayerController.cpp:AbilityInputHeld","message":"Input held","data":{"InputTag":"InputTag.LMB","bRightMouseDown":false},"runId":"run1"}
{"sessionId":"cf25b3","id":"log_348956873986","timestamp":348956873986,"location":"AuraPlayerController.cpp:AbilityInputHeld","message":"Input held","data":{"InputTag":"InputTag.LMB","bRightMouseDown":false},"runId":"run1"}
{"sessionId":"cf25b3","id":"log_348956957308","timestamp":348956957308,"location":"AuraPlayerController.cpp:AbilityInputHeld","message":"Input held","data":{"InputTag":"InputTag.LMB","bRightMouseDown":false},"runId":"run1"}
{"sessionId":"cf25b3","id":"log_348957041939","timestamp":348957041939,"location":"AuraPlayerController.cpp:AbilityInputHeld","message":"Input held","data":{"InputTag":"InputTag.LMB","bRightMouseDown":false},"runId":"run1"}
{"sessionId":"cf25b3","id":"log_348957130359","timestamp":348957130359,"location":"AuraPlayerController.cpp:AbilityInputHeld","message":"Input held","data":{"InputTag":"InputTag.LMB","bRightMouseDown":false},"runId":"run1"}
{"sessionId":"cf25b3","id":"log_348957208849","timestamp":348957208849,"location":"AuraPlayerController.cpp:AbilityInputHeld","message":"Input held","data":{"InputTag":"InputTag.LMB","bRightMouseDown":false},"runId":"run1"}
{"sessionId":"cf25b3","id":"log_348957291265","timestamp":348957291265,"location":"AuraPlayerController.cpp:AbilityInputHeld","message":"Input held","data":{"InputTag":"InputTag.LMB","bRightMouseDown":false},"runId":"run1"}
{"sessionId":"cf25b3","id":"log_348957374538","timestamp":348957374538,"location":"AuraPlayerController.cpp:AbilityInputHeld","message":"Input held","data":{"InputTag":"InputTag.LMB","bRightMouseDown":false},"runId":"run1"}
{"sessionId":"cf25b3","id":"log_348957461780","timestamp":348957461780,"location":"AuraPlayerController.cpp:AbilityInputReleased","message":"Input released","data":{"InputTag":"InputTag.LMB","bRightMouseDown":false},"runId":"run1"}
{"sessionId":"cf25b3","id":"log_348964048100","timestamp":348964048100,"location":"AuraPlayerController.cpp:AbilityInputHeld","message":"Input held","data":{"InputTag":"InputTag.LMB","bRightMouseDown":false},"runId":"run1"}
{"sessionId":"cf25b3","id":"log_348964126426","timestamp":348964126426,"location":"AuraPlayerController.cpp:AbilityInputHeld","message":"Input held","data":{"InputTag":"InputTag.LMB","bRightMouseDown":false},"runId":"run1"}
{"sessionId":"cf25b3","id":"log_348964207903","timestamp":348964207903,"location":"AuraPlayerController.cpp:AbilityInputHeld","message":"Input held","data":{"InputTag":"InputTag.LMB","bRightMouseDown":false},"runId":"run1"}
{"sessionId":"cf25b3","id":"log_348964290994","timestamp":348964290994,"location":"AuraPlayerController.cpp:AbilityInputHeld","message":"Input held","data":{"InputTag":"InputTag.LMB","bRightMouseDown":false},"runId":"run1"}
{"sessionId":"cf25b3","id":"log_348964374605","timestamp":348964374605,"location":"AuraPlayerController.cpp:AbilityInputHeld","message":"Input held","data":{"InputTag":"InputTag.LMB","bRightMouseDown":false},"runId":"run1"}
{"sessionId":"cf25b3","id":"log_348964457838","timestamp":348964457838,"location":"AuraPlayerController.cpp:AbilityInputHeld","message":"Input held","data":{"InputTag":"InputTag.LMB","bRightMouseDown":false},"runId":"run1"}
{"sessionId":"cf25b3","id":"log_348964541250","timestamp":348964541250,"location":"AuraPlayerController.cpp:AbilityInputHeld","message":"Input held","data":{"InputTag":"InputTag.LMB","bRightMouseDown":false},"runId":"run1"}
{"sessionId":"cf25b3","id":"log_348964625154","timestamp":348964625154,"location":"AuraPlayerController.cpp:AbilityInputHeld","message":"Input held","data":{"InputTag":"InputTag.LMB","bRightMouseDown":false},"runId":"run1"}
{"sessionId":"cf25b3","id":"log_348964707715","timestamp":348964707715,"location":"AuraPlayerController.cpp:AbilityInputHeld","message":"Input held","data":{"InputTag":"InputTag.LMB","bRightMouseDown":false},"runId":"run1"}
{"sessionId":"cf25b3","id":"log_348964791300","timestamp":348964791300,"location":"AuraPlayerController.cpp:AbilityInputHeld","message":"Input held","data":{"InputTag":"InputTag.LMB","bRightMouseDown":false},"runId":"run1"}
{"sessionId":"cf25b3","id":"log_348964875826","timestamp":348964875826,"location":"AuraPlayerController.cpp:Look","message":"Look invoked","data":{"x":0.14000,"y":0.00000,"bRightMouseDown":false,"hypothesisId":"A"},"runId":"run1"}
{"sessionId":"cf25b3","id":"log_348964881059","timestamp":348964881059,"location":"AuraPlayerController.cpp:AbilityInputHeld","message":"Input held","data":{"InputTag":"InputTag.LMB","bRightMouseDown":false},"runId":"run1"}
{"sessionId":"cf25b3","id":"log_348964883532","timestamp":348964883532,"location":"AuraPlayerController.cpp:AbilityInputHeld","message":"Input held","data":{"InputTag":"InputTag.RMB","bRightMouseDown":false},"runId":"run1"}
{"sessionId":"cf25b3","id":"log_348964959316","timestamp":348964959316,"location":"AuraPlayerController.cpp:Look","message":"Look invoked","data":{"x":0.14000,"y":0.00000,"bRightMouseDown":true,"hypothesisId":"A"},"runId":"run1"}
{"sessionId":"cf25b3","id":"log_348964963085","timestamp":348964963085,"location":"AuraPlayerController.cpp:AbilityInputHeld","message":"Input held","data":{"InputTag":"InputTag.LMB","bRightMouseDown":true},"runId":"run1"}
{"sessionId":"cf25b3","id":"log_348964966088","timestamp":348964966088,"location":"AuraPlayerController.cpp:AbilityInputHeld","message":"Input held","data":{"InputTag":"InputTag.RMB","bRightMouseDown":true},"runId":"run1"}
{"sessionId":"cf25b3","id":"log_348965042544","timestamp":348965042544,"location":"AuraPlayerController.cpp:Look","message":"Look invoked","data":{"x":0.14000,"y":0.00000,"bRightMouseDown":true,"hypothesisId":"A"},"runId":"run1"}
{"sessionId":"cf25b3","id":"log_348965046493","timestamp":348965046493,"location":"AuraPlayerController.cpp:AbilityInputHeld","message":"Input held","data":{"InputTag":"InputTag.LMB","bRightMouseDown":true},"runId":"run1"}
{"sessionId":"cf25b3","id":"log_348965049052","timestamp":348965049052,"location":"AuraPlayerController.cpp:AbilityInputHeld","message":"Input held","data":{"InputTag":"InputTag.RMB","bRightMouseDown":true},"runId":"run1"}
{"sessionId":"cf25b3","id":"log_348965126024","timestamp":348965126024,"location":"AuraPlayerController.cpp:Look","message":"Look invoked","data":{"x":0.21000,"y":0.00000,"bRightMouseDown":true,"hypothesisId":"A"},"runId":"run1"}
{"sessionId":"cf25b3","id":"log_348965129753","timestamp":348965129753,"location":"AuraPlayerController.cpp:AbilityInputHeld","message":"Input held","data":{"InputTag":"InputTag.LMB","bRightMouseDown":true},"runId":"run1"}
{"sessionId":"cf25b3","id":"log_348965134225","timestamp":348965134225,"location":"AuraPlayerController.cpp:AbilityInputHeld","message":"Input held","data":{"InputTag":"InputTag.RMB","bRightMouseDown":true},"runId":"run1"}
{"sessionId":"cf25b3","id":"log_348965209576","timestamp":348965209576,"location":"AuraPlayerController.cpp:Look","message":"Look invoked","data":{"x":0.21000,"y":0.00000,"bRightMouseDown":true,"hypothesisId":"A"},"runId":"run1"}
{"sessionId":"cf25b3","id":"log_348965213345","timestamp":348965213345,"location":"AuraPlayerController.cpp:AbilityInputHeld","message":"Input held","data":{"InputTag":"InputTag.LMB","bRightMouseDown":true},"runId":"run1"}
{"sessionId":"cf25b3","id":"log_348965215572","timestamp":348965215572,"location":"AuraPlayerController.cpp:AbilityInputHeld","message":"Input held","data":{"InputTag":"InputTag.RMB","bRightMouseDown":true},"runId":"run1"}
{"sessionId":"cf25b3","id":"log_348965293205","timestamp":348965293205,"location":"AuraPlayerController.cpp:Look","message":"Look invoked","data":{"x":0.14000,"y":0.00000,"bRightMouseDown":true,"hypothesisId":"A"},"runId":"run1"}
{"sessionId":"cf25b3","id":"log_348965297748","timestamp":348965297748,"location":"AuraPlayerController.cpp:AbilityInputHeld","message":"Input held","data":{"InputTag":"InputTag.LMB","bRightMouseDown":true},"runId":"run1"}
{"sessionId":"cf25b3","id":"log_348965300231","timestamp":348965300231,"location":"AuraPlayerController.cpp:AbilityInputHeld","message":"Input held","data":{"InputTag":"InputTag.RMB","bRightMouseDown":true},"runId":"run1"}
{"sessionId":"cf25b3","id":"log_348965376161","timestamp":348965376161,"location":"AuraPlayerController.cpp:Look","message":"Look invoked","data":{"x":0.28000,"y":0.00000,"bRightMouseDown":true,"hypothesisId":"A"},"runId":"run1"}
{"sessionId":"cf25b3","id":"log_348965380091","timestamp":348965380091,"location":"AuraPlayerController.cpp:AbilityInputHeld","message":"Input held","data":{"InputTag":"InputTag.LMB","bRightMouseDown":true},"runId":"run1"}
{"sessionId":"cf25b3","id":"log_348965383104","timestamp":348965383104,"location":"AuraPlayerController.cpp:AbilityInputHeld","message":"Input held","data":{"InputTag":"InputTag.RMB","bRightMouseDown":true},"runId":"run1"}
{"sessionId":"cf25b3","id":"log_348965459574","timestamp":348965459574,"location":"AuraPlayerController.cpp:Look","message":"Look invoked","data":{"x":0.14000,"y":0.00000,"bRightMouseDown":true,"hypothesisId":"A"},"runId":"run1"}
{"sessionId":"cf25b3","id":"log_348965463523","timestamp":348965463523,"location":"AuraPlayerController.cpp:AbilityInputHeld","message":"Input held","data":{"InputTag":"InputTag.LMB","bRightMouseDown":true},"runId":"run1"}
{"sessionId":"cf25b3","id":"log_348965466297","timestamp":348965466297,"location":"AuraPlayerController.cpp:AbilityInputHeld","message":"Input held","data":{"InputTag":"InputTag.RMB","bRightMouseDown":true},"runId":"run1"}
{"sessionId":"cf25b3","id":"log_348965543372","timestamp":348965543372,"location":"AuraPlayerController.cpp:Look","message":"Look invoked","data":{"x":0.14000,"y":0.00000,"bRightMouseDown":true,"hypothesisId":"A"},"runId":"run1"}
{"sessionId":"cf25b3","id":"log_348965547600","timestamp":348965547600,"location":"AuraPlayerController.cpp:AbilityInputHeld","message":"Input held","data":{"InputTag":"InputTag.LMB","bRightMouseDown":true},"runId":"run1"}
{"sessionId":"cf25b3","id":"log_348965550563","timestamp":348965550563,"location":"AuraPlayerController.cpp:AbilityInputHeld","message":"Input held","data":{"InputTag":"InputTag.RMB","bRightMouseDown":true},"runId":"run1"}
{"sessionId":"cf25b3","id":"log_348965625924","timestamp":348965625924,"location":"AuraPlayerController.cpp:Look","message":"Look invoked","data":{"x":0.14000,"y":0.00000,"bRightMouseDown":true,"hypothesisId":"A"},"runId":"run1"}
{"sessionId":"cf25b3","id":"log_348965629463","timestamp":348965629463,"location":"AuraPlayerController.cpp:AbilityInputHeld","message":"Input held","data":{"InputTag":"InputTag.LMB","bRightMouseDown":true},"runId":"run1"}
{"sessionId":"cf25b3","id":"log_348965632042","timestamp":348965632042,"location":"AuraPlayerController.cpp:AbilityInputHeld","message":"Input held","data":{"InputTag":"InputTag.RMB","bRightMouseDown":true},"runId":"run1"}
{"sessionId":"cf25b3","id":"log_348965710945","timestamp":348965710945,"location":"AuraPlayerController.cpp:Look","message":"Look invoked","data":{"x":0.07000,"y":0.00000,"bRightMouseDown":true,"hypothesisId":"A"},"runId":"run1"}
{"sessionId":"cf25b3","id":"log_348965714895","timestamp":348965714895,"location":"AuraPlayerController.cpp:AbilityInputHeld","message":"Input held","data":{"InputTag":"InputTag.LMB","bRightMouseDown":true},"runId":"run1"}
{"sessionId":"cf25b3","id":"log_348965716881","timestamp":348965716881,"location":"AuraPlayerController.cpp:AbilityInputHeld","message":"Input held","data":{"InputTag":"InputTag.RMB","bRightMouseDown":true},"runId":"run1"}
{"sessionId":"cf25b3","id":"log_348965791405","timestamp":348965791405,"location":"AuraPlayerController.cpp:AbilityInputHeld","message":"Input held","data":{"InputTag":"InputTag.LMB","bRightMouseDown":true},"runId":"run1"}
{"sessionId":"cf25b3","id":"log_348965795101","timestamp":348965795101,"location":"AuraPlayerController.cpp:AbilityInputReleased","message":"Input released","data":{"InputTag":"InputTag.RMB","bRightMouseDown":true},"runId":"run1"}
{"sessionId":"cf25b3","id":"log_348965876428","timestamp":348965876428,"location":"AuraPlayerController.cpp:Look","message":"Look invoked","data":{"x":0.07000,"y":0.00000,"bRightMouseDown":false,"hypothesisId":"A"},"runId":"run1"}
{"sessionId":"cf25b3","id":"log_348965880934","timestamp":348965880934,"location":"AuraPlayerController.cpp:AbilityInputHeld","message":"Input held","data":{"InputTag":"InputTag.LMB","bRightMouseDown":false},"runId":"run1"}
{"sessionId":"cf25b3","id":"log_348965883409","timestamp":348965883409,"location":"AuraPlayerController.cpp:AbilityInputHeld","message":"Input held","data":{"InputTag":"InputTag.RMB","bRightMouseDown":false},"runId":"run1"}
{"sessionId":"cf25b3","id":"log_348965958130","timestamp":348965958130,"location":"AuraPlayerController.cpp:AbilityInputHeld","message":"Input held","data":{"InputTag":"InputTag.LMB","bRightMouseDown":true},"runId":"run1"}
{"sessionId":"cf25b3","id":"log_348965962790","timestamp":348965962790,"location":"AuraPlayerController.cpp:AbilityInputReleased","message":"Input released","data":{"InputTag":"InputTag.RMB","bRightMouseDown":true},"runId":"run1"}
{"sessionId":"cf25b3","id":"log_348966041495","timestamp":348966041495,"location":"AuraPlayerController.cpp:AbilityInputHeld","message":"Input held","data":{"InputTag":"InputTag.LMB","bRightMouseDown":false},"runId":"run1"}
{"sessionId":"cf25b3","id":"log_348966124686","timestamp":348966124686,"location":"AuraPlayerController.cpp:AbilityInputHeld","message":"Input held","data":{"InputTag":"InputTag.LMB","bRightMouseDown":false},"runId":"run1"}
{"sessionId":"cf25b3","id":"log_348966208137","timestamp":348966208137,"location":"AuraPlayerController.cpp:AbilityInputHeld","message":"Input held","data":{"InputTag":"InputTag.LMB","bRightMouseDown":false},"runId":"run1"}
{"sessionId":"cf25b3","id":"log_348966291809","timestamp":348966291809,"location":"AuraPlayerController.cpp:AbilityInputHeld","message":"Input held","data":{"InputTag":"InputTag.LMB","bRightMouseDown":false},"runId":"run1"}
{"sessionId":"cf25b3","id":"log_348966376000","timestamp":348966376000,"location":"AuraPlayerController.cpp:AbilityInputHeld","message":"Input held","data":{"InputTag":"InputTag.LMB","bRightMouseDown":false},"runId":"run1"}
{"sessionId":"cf25b3","id":"log_348966457906","timestamp":348966457906,"location":"AuraPlayerController.cpp:AbilityInputHeld","message":"Input held","data":{"InputTag":"InputTag.LMB","bRightMouseDown":false},"runId":"run1"}
{"sessionId":"cf25b3","id":"log_348966541326","timestamp":348966541326,"location":"AuraPlayerController.cpp:AbilityInputHeld","message":"Input held","data":{"InputTag":"InputTag.LMB","bRightMouseDown":false},"runId":"run1"}
{"sessionId":"cf25b3","id":"log_348966624608","timestamp":348966624608,"location":"AuraPlayerController.cpp:AbilityInputHeld","message":"Input held","data":{"InputTag":"InputTag.LMB","bRightMouseDown":false},"runId":"run1"}
{"sessionId":"cf25b3","id":"log_348966708200","timestamp":348966708200,"location":"AuraPlayerController.cpp:AbilityInputHeld","message":"Input held","data":{"InputTag":"InputTag.LMB","bRightMouseDown":false},"runId":"run1"}
{"sessionId":"cf25b3","id":"log_348966796329","timestamp":348966796329,"location":"AuraPlayerController.cpp:AbilityInputReleased","message":"Input released","data":{"InputTag":"InputTag.LMB","bRightMouseDown":false},"runId":"run1"}
{"sessionId":"cf25b3","id":"log_348973297149","timestamp":348973297149,"location":"AuraPlayerController.cpp:AbilityInputHeld","message":"Input held","data":{"InputTag":"InputTag.LMB","bRightMouseDown":false},"runId":"run1"}
{"sessionId":"cf25b3","id":"log_348973376062","timestamp":348973376062,"location":"AuraPlayerController.cpp:AbilityInputHeld","message":"Input held","data":{"InputTag":"InputTag.LMB","bRightMouseDown":false},"runId":"run1"}
{"sessionId":"cf25b3","id":"log_348973457943","timestamp":348973457943,"location":"AuraPlayerController.cpp:AbilityInputHeld","message":"Input held","data":{"InputTag":"InputTag.LMB","bRightMouseDown":false},"runId":"run1"}
{"sessionId":"cf25b3","id":"log_348973541574","timestamp":348973541574,"location":"AuraPlayerController.cpp:AbilityInputHeld","message":"Input held","data":{"InputTag":"InputTag.LMB","bRightMouseDown":false},"runId":"run1"}
{"sessionId":"cf25b3","id":"log_348973624798","timestamp":348973624798,"location":"AuraPlayerController.cpp:AbilityInputHeld","message":"Input held","data":{"InputTag":"InputTag.LMB","bRightMouseDown":false},"runId":"run1"}
{"sessionId":"cf25b3","id":"log_348973708147","timestamp":348973708147,"location":"AuraPlayerController.cpp:AbilityInputHeld","message":"Input held","data":{"InputTag":"InputTag.LMB","bRightMouseDown":false},"runId":"run1"}
{"sessionId":"cf25b3","id":"log_348973791782","timestamp":348973791782,"location":"AuraPlayerController.cpp:AbilityInputHeld","message":"Input held","data":{"InputTag":"InputTag.LMB","bRightMouseDown":false},"runId":"run1"}
{"sessionId":"cf25b3","id":"log_348973875205","timestamp":348973875205,"location":"AuraPlayerController.cpp:AbilityInputHeld","message":"Input held","data":{"InputTag":"InputTag.LMB","bRightMouseDown":false},"runId":"run1"}
{"sessionId":"cf25b3","id":"log_348973958125","timestamp":348973958125,"location":"AuraPlayerController.cpp:AbilityInputHeld","message":"Input held","data":{"InputTag":"InputTag.LMB","bRightMouseDown":false},"runId":"run1"}
{"sessionId":"cf25b3","id":"log_348974041743","timestamp":348974041743,"location":"AuraPlayerController.cpp:AbilityInputHeld","message":"Input held","data":{"InputTag":"InputTag.LMB","bRightMouseDown":false},"runId":"run1"}
{"sessionId":"cf25b3","id":"log_348974125202","timestamp":348974125202,"location":"AuraPlayerController.cpp:AbilityInputHeld","message":"Input held","data":{"InputTag":"InputTag.LMB","bRightMouseDown":false},"runId":"run1"}
{"sessionId":"cf25b3","id":"log_348974208797","timestamp":348974208797,"location":"AuraPlayerController.cpp:AbilityInputHeld","message":"Input held","data":{"InputTag":"InputTag.LMB","bRightMouseDown":false},"runId":"run1"}
{"sessionId":"cf25b3","id":"log_348974294438","timestamp":348974294438,"location":"AuraPlayerController.cpp:AbilityInputReleased","message":"Input released","data":{"InputTag":"InputTag.LMB","bRightMouseDown":false},"runId":"run1"}
{"sessionId":"cf25b3","id":"log_349022885766","timestamp":349022885766,"location":"AuraPlayerController.cpp:AbilityInputHeld","message":"Input held","data":{"InputTag":"InputTag.LMB","bRightMouseDown":false},"runId":"run1"}
{"sessionId":"cf25b3","id":"log_349022961708","timestamp":349022961708,"location":"AuraPlayerController.cpp:AbilityInputHeld","message":"Input held","data":{"InputTag":"InputTag.LMB","bRightMouseDown":false},"runId":"run1"}
{"sessionId":"cf25b3","id":"log_349023045188","timestamp":349023045188,"location":"AuraPlayerController.cpp:AbilityInputHeld","message":"Input held","data":{"InputTag":"InputTag.LMB","bRightMouseDown":false},"runId":"run1"}
{"sessionId":"cf25b3","id":"log_349023127931","timestamp":349023127931,"location":"AuraPlayerController.cpp:AbilityInputHeld","message":"Input held","data":{"InputTag":"InputTag.LMB","bRightMouseDown":false},"runId":"run1"}
{"sessionId":"cf25b3","id":"log_349023211801","timestamp":349023211801,"location":"AuraPlayerController.cpp:AbilityInputHeld","message":"Input held","data":{"InputTag":"InputTag.LMB","bRightMouseDown":false},"runId":"run1"}
{"sessionId":"cf25b3","id":"log_349023294564","timestamp":349023294564,"location":"AuraPlayerController.cpp:AbilityInputHeld","message":"Input held","data":{"InputTag":"InputTag.LMB","bRightMouseDown":false},"runId":"run1"}
{"sessionId":"cf25b3","id":"log_349023377863","timestamp":349023377863,"location":"AuraPlayerController.cpp:AbilityInputHeld","message":"Input held","data":{"InputTag":"InputTag.LMB","bRightMouseDown":false},"runId":"run1"}
{"sessionId":"cf25b3","id":"log_349023461058","timestamp":349023461058,"location":"AuraPlayerController.cpp:AbilityInputHeld","message":"Input held","data":{"InputTag":"InputTag.LMB","bRightMouseDown":false},"runId":"run1"}
{"sessionId":"cf25b3","id":"log_349023544470","timestamp":349023544470,"location":"AuraPlayerController.cpp:AbilityInputHeld","message":"Input held","data":{"InputTag":"InputTag.LMB","bRightMouseDown":false},"runId":"run1"}
{"sessionId":"cf25b3","id":"log_349023627629","timestamp":349023627629,"location":"AuraPlayerController.cpp:AbilityInputHeld","message":"Input held","data":{"InputTag":"InputTag.LMB","bRightMouseDown":false},"runId":"run1"}
{"sessionId":"cf25b3","id":"log_349023711063","timestamp":349023711063,"location":"AuraPlayerController.cpp:AbilityInputHeld","message":"Input held","data":{"InputTag":"InputTag.LMB","bRightMouseDown":false},"runId":"run1"}
{"sessionId":"cf25b3","id":"log_349023795032","timestamp":349023795032,"location":"AuraPlayerController.cpp:AbilityInputHeld","message":"Input held","data":{"InputTag":"InputTag.LMB","bRightMouseDown":false},"runId":"run1"}
{"sessionId":"cf25b3","id":"log_349023878087","timestamp":349023878087,"location":"AuraPlayerController.cpp:AbilityInputHeld","message":"Input held","data":{"InputTag":"InputTag.LMB","bRightMouseDown":false},"runId":"run1"}
{"sessionId":"cf25b3","id":"log_349023961339","timestamp":349023961339,"location":"AuraPlayerController.cpp:AbilityInputHeld","message":"Input held","data":{"InputTag":"InputTag.LMB","bRightMouseDown":false},"runId":"run1"}
{"sessionId":"cf25b3","id":"log_349024044439","timestamp":349024044439,"location":"AuraPlayerController.cpp:AbilityInputHeld","message":"Input held","data":{"InputTag":"InputTag.LMB","bRightMouseDown":false},"runId":"run1"}
{"sessionId":"cf25b3","id":"log_349024127655","timestamp":349024127655,"location":"AuraPlayerController.cpp:AbilityInputHeld","message":"Input held","data":{"InputTag":"InputTag.LMB","bRightMouseDown":false},"runId":"run1"}
{"sessionId":"cf25b3","id":"log_349024211169","timestamp":349024211169,"location":"AuraPlayerController.cpp:AbilityInputHeld","message":"Input held","data":{"InputTag":"InputTag.LMB","bRightMouseDown":false},"runId":"run1"}
{"sessionId":"cf25b3","id":"log_349024294827","timestamp":349024294827,"location":"AuraPlayerController.cpp:AbilityInputHeld","message":"Input held","data":{"InputTag":"InputTag.LMB","bRightMouseDown":false},"runId":"run1"}
{"sessionId":"cf25b3","id":"log_349024378428","timestamp":349024378428,"location":"AuraPlayerController.cpp:AbilityInputHeld","message":"Input held","data":{"InputTag":"InputTag.LMB","bRightMouseDown":false},"runId":"run1"}
{"sessionId":"cf25b3","id":"log_349024462020","timestamp":349024462020,"location":"AuraPlayerController.cpp:AbilityInputHeld","message":"Input held","data":{"InputTag":"InputTag.LMB","bRightMouseDown":false},"runId":"run1"}
{"sessionId":"cf25b3","id":"log_349024544345","timestamp":349024544345,"location":"AuraPlayerController.cpp:AbilityInputHeld","message":"Input held","data":{"InputTag":"InputTag.LMB","bRightMouseDown":false},"runId":"run1"}
{"sessionId":"cf25b3","id":"log_349024627691","timestamp":349024627691,"location":"AuraPlayerController.cpp:AbilityInputHeld","message":"Input held","data":{"InputTag":"InputTag.LMB","bRightMouseDown":false},"runId":"run1"}
{"sessionId":"cf25b3","id":"log_349024711223","timestamp":349024711223,"location":"AuraPlayerController.cpp:AbilityInputHeld","message":"Input held","data":{"InputTag":"InputTag.LMB","bRightMouseDown":false},"runId":"run1"}
{"sessionId":"cf25b3","id":"log_349024794351","timestamp":349024794351,"location":"AuraPlayerController.cpp:AbilityInputHeld","message":"Input held","data":{"InputTag":"InputTag.LMB","bRightMouseDown":false},"runId":"run1"}
{"sessionId":"cf25b3","id":"log_349024879808","timestamp":349024879808,"location":"AuraPlayerController.cpp:Look","message":"Look invoked","data":{"x":-0.07000,"y":0.00000,"bRightMouseDown":false,"hypothesisId":"A"},"runId":"run1"}
{"sessionId":"cf25b3","id":"log_349024887162","timestamp":349024887162,"location":"AuraPlayerController.cpp:AbilityInputHeld","message":"Input held","data":{"InputTag":"InputTag.LMB","bRightMouseDown":false},"runId":"run1"}
{"sessionId":"cf25b3","id":"log_349024889896","timestamp":349024889896,"location":"AuraPlayerController.cpp:AbilityInputHeld","message":"Input held","data":{"InputTag":"InputTag.RMB","bRightMouseDown":false},"runId":"run1"}
{"sessionId":"cf25b3","id":"log_349024961804","timestamp":349024961804,"location":"AuraPlayerController.cpp:AbilityInputHeld","message":"Input held","data":{"InputTag":"InputTag.LMB","bRightMouseDown":true},"runId":"run1"}
{"sessionId":"cf25b3","id":"log_349024965440","timestamp":349024965440,"location":"AuraPlayerController.cpp:AbilityInputReleased","message":"Input released","data":{"InputTag":"InputTag.RMB","bRightMouseDown":true},"runId":"run1"}
{"sessionId":"cf25b3","id":"log_349025050613","timestamp":349025050613,"location":"AuraPlayerController.cpp:Look","message":"Look invoked","data":{"x":-0.07000,"y":0.00000,"bRightMouseDown":false,"hypothesisId":"A"},"runId":"run1"}
{"sessionId":"cf25b3","id":"log_349025054173","timestamp":349025054173,"location":"AuraPlayerController.cpp:AbilityInputHeld","message":"Input held","data":{"InputTag":"InputTag.LMB","bRightMouseDown":false},"runId":"run1"}
{"sessionId":"cf25b3","id":"log_349025056564","timestamp":349025056564,"location":"AuraPlayerController.cpp:AbilityInputHeld","message":"Input held","data":{"InputTag":"InputTag.RMB","bRightMouseDown":false},"runId":"run1"}
{"sessionId":"cf25b3","id":"log_349025129519","timestamp":349025129519,"location":"AuraPlayerController.cpp:Look","message":"Look invoked","data":{"x":-0.07000,"y":0.00000,"bRightMouseDown":true,"hypothesisId":"A"},"runId":"run1"}
{"sessionId":"cf25b3","id":"log_349025133214","timestamp":349025133214,"location":"AuraPlayerController.cpp:AbilityInputHeld","message":"Input held","data":{"InputTag":"InputTag.LMB","bRightMouseDown":true},"runId":"run1"}
{"sessionId":"cf25b3","id":"log_349025135688","timestamp":349025135688,"location":"AuraPlayerController.cpp:AbilityInputHeld","message":"Input held","data":{"InputTag":"InputTag.RMB","bRightMouseDown":true},"runId":"run1"}
{"sessionId":"cf25b3","id":"log_349025213149","timestamp":349025213149,"location":"AuraPlayerController.cpp:Look","message":"Look invoked","data":{"x":-0.14000,"y":0.00000,"bRightMouseDown":true,"hypothesisId":"A"},"runId":"run1"}
{"sessionId":"cf25b3","id":"log_349025218620","timestamp":349025218620,"location":"AuraPlayerController.cpp:AbilityInputHeld","message":"Input held","data":{"InputTag":"InputTag.LMB","bRightMouseDown":true},"runId":"run1"}
{"sessionId":"cf25b3","id":"log_349025221687","timestamp":349025221687,"location":"AuraPlayerController.cpp:AbilityInputHeld","message":"Input held","data":{"InputTag":"InputTag.RMB","bRightMouseDown":true},"runId":"run1"}
{"sessionId":"cf25b3","id":"log_349025295981","timestamp":349025295981,"location":"AuraPlayerController.cpp:Look","message":"Look invoked","data":{"x":-0.07000,"y":0.00000,"bRightMouseDown":true,"hypothesisId":"A"},"runId":"run1"}
{"sessionId":"cf25b3","id":"log_349025300800","timestamp":349025300800,"location":"AuraPlayerController.cpp:AbilityInputHeld","message":"Input held","data":{"InputTag":"InputTag.LMB","bRightMouseDown":true},"runId":"run1"}
{"sessionId":"cf25b3","id":"log_349025304087","timestamp":349025304087,"location":"AuraPlayerController.cpp:AbilityInputHeld","message":"Input held","data":{"InputTag":"InputTag.RMB","bRightMouseDown":true},"runId":"run1"}
{"sessionId":"cf25b3","id":"log_349025379935","timestamp":349025379935,"location":"AuraPlayerController.cpp:Look","message":"Look invoked","data":{"x":-0.14000,"y":0.00000,"bRightMouseDown":true,"hypothesisId":"A"},"runId":"run1"}
{"sessionId":"cf25b3","id":"log_349025384809","timestamp":349025384809,"location":"AuraPlayerController.cpp:AbilityInputHeld","message":"Input held","data":{"InputTag":"InputTag.LMB","bRightMouseDown":true},"runId":"run1"}
{"sessionId":"cf25b3","id":"log_349025387627","timestamp":349025387627,"location":"AuraPlayerController.cpp:AbilityInputHeld","message":"Input held","data":{"InputTag":"InputTag.RMB","bRightMouseDown":true},"runId":"run1"}
{"sessionId":"cf25b3","id":"log_349025463207","timestamp":349025463207,"location":"AuraPlayerController.cpp:Look","message":"Look invoked","data":{"x":-0.14000,"y":0.00000,"bRightMouseDown":true,"hypothesisId":"A"},"runId":"run1"}
{"sessionId":"cf25b3","id":"log_349025467026","timestamp":349025467026,"location":"AuraPlayerController.cpp:AbilityInputHeld","message":"Input held","data":{"InputTag":"InputTag.LMB","bRightMouseDown":true},"runId":"run1"}
{"sessionId":"cf25b3","id":"log_349025469600","timestamp":349025469600,"location":"AuraPlayerController.cpp:AbilityInputHeld","message":"Input held","data":{"InputTag":"InputTag.RMB","bRightMouseDown":true},"runId":"run1"}
{"sessionId":"cf25b3","id":"log_349025545952","timestamp":349025545952,"location":"AuraPlayerController.cpp:Look","message":"Look invoked","data":{"x":0.07000,"y":0.00000,"bRightMouseDown":true,"hypothesisId":"A"},"runId":"run1"}
{"sessionId":"cf25b3","id":"log_349025550013","timestamp":349025550013,"location":"AuraPlayerController.cpp:AbilityInputHeld","message":"Input held","data":{"InputTag":"InputTag.LMB","bRightMouseDown":true},"runId":"run1"}
{"sessionId":"cf25b3","id":"log_349025552735","timestamp":349025552735,"location":"AuraPlayerController.cpp:AbilityInputHeld","message":"Input held","data":{"InputTag":"InputTag.RMB","bRightMouseDown":true},"runId":"run1"}
{"sessionId":"cf25b3","id":"log_349025631517","timestamp":349025631517,"location":"AuraPlayerController.cpp:Look","message":"Look invoked","data":{"x":-0.21000,"y":0.00000,"bRightMouseDown":true,"hypothesisId":"A"},"runId":"run1"}
{"sessionId":"cf25b3","id":"log_349025635569","timestamp":349025635569,"location":"AuraPlayerController.cpp:AbilityInputHeld","message":"Input held","data":{"InputTag":"InputTag.LMB","bRightMouseDown":true},"runId":"run1"}
{"sessionId":"cf25b3","id":"log_349025639040","timestamp":349025639040,"location":"AuraPlayerController.cpp:AbilityInputHeld","message":"Input held","data":{"InputTag":"InputTag.RMB","bRightMouseDown":true},"runId":"run1"}
{"sessionId":"cf25b3","id":"log_349025712937","timestamp":349025712937,"location":"AuraPlayerController.cpp:Look","message":"Look invoked","data":{"x":-0.07000,"y":0.00000,"bRightMouseDown":true,"hypothesisId":"A"},"runId":"run1"}
{"sessionId":"cf25b3","id":"log_349025716181","timestamp":349025716181,"location":"AuraPlayerController.cpp:AbilityInputHeld","message":"Input held","data":{"InputTag":"InputTag.LMB","bRightMouseDown":true},"runId":"run1"}
{"sessionId":"cf25b3","id":"log_349025720258","timestamp":349025720258,"location":"AuraPlayerController.cpp:AbilityInputHeld","message":"Input held","data":{"InputTag":"InputTag.RMB","bRightMouseDown":true},"runId":"run1"}
{"sessionId":"cf25b3","id":"log_349025797069","timestamp":349025797069,"location":"AuraPlayerController.cpp:Look","message":"Look invoked","data":{"x":-0.07000,"y":0.00000,"bRightMouseDown":true,"hypothesisId":"A"},"runId":"run1"}
{"sessionId":"cf25b3","id":"log_349025800764","timestamp":349025800764,"location":"AuraPlayerController.cpp:AbilityInputHeld","message":"Input held","data":{"InputTag":"InputTag.LMB","bRightMouseDown":true},"runId":"run1"}
{"sessionId":"cf25b3","id":"log_349025803531","timestamp":349025803531,"location":"AuraPlayerController.cpp:AbilityInputHeld","message":"Input held","data":{"InputTag":"InputTag.RMB","bRightMouseDown":true},"runId":"run1"}
{"sessionId":"cf25b3","id":"log_349025879738","timestamp":349025879738,"location":"AuraPlayerController.cpp:Look","message":"Look invoked","data":{"x":-0.14000,"y":0.00000,"bRightMouseDown":true,"hypothesisId":"A"},"runId":"run1"}
{"sessionId":"cf25b3","id":"log_349025884096","timestamp":349025884096,"location":"AuraPlayerController.cpp:AbilityInputHeld","message":"Input held","data":{"InputTag":"InputTag.LMB","bRightMouseDown":true},"runId":"run1"}
{"sessionId":"cf25b3","id":"log_349025887635","timestamp":349025887635,"location":"AuraPlayerController.cpp:AbilityInputHeld","message":"Input held","data":{"InputTag":"InputTag.RMB","bRightMouseDown":true},"runId":"run1"}
{"sessionId":"cf25b3","id":"log_349025962679","timestamp":349025962679,"location":"AuraPlayerController.cpp:Look","message":"Look invoked","data":{"x":-0.07000,"y":0.00000,"bRightMouseDown":true,"hypothesisId":"A"},"runId":"run1"}
{"sessionId":"cf25b3","id":"log_349025966300","timestamp":349025966300,"location":"AuraPlayerController.cpp:AbilityInputHeld","message":"Input held","data":{"InputTag":"InputTag.LMB","bRightMouseDown":true},"runId":"run1"}
{"sessionId":"cf25b3","id":"log_349025968623","timestamp":349025968623,"location":"AuraPlayerController.cpp:AbilityInputHeld","message":"Input held","data":{"InputTag":"InputTag.RMB","bRightMouseDown":true},"runId":"run1"}
{"sessionId":"cf25b3","id":"log_349026046051","timestamp":349026046051,"location":"AuraPlayerController.cpp:Look","message":"Look invoked","data":{"x":-0.07000,"y":0.00000,"bRightMouseDown":true,"hypothesisId":"A"},"runId":"run1"}
{"sessionId":"cf25b3","id":"log_349026050864","timestamp":349026050864,"location":"AuraPlayerController.cpp:AbilityInputHeld","message":"Input held","data":{"InputTag":"InputTag.LMB","bRightMouseDown":true},"runId":"run1"}
{"sessionId":"cf25b3","id":"log_349026053726","timestamp":349026053726,"location":"AuraPlayerController.cpp:AbilityInputHeld","message":"Input held","data":{"InputTag":"InputTag.RMB","bRightMouseDown":true},"runId":"run1"}
{"sessionId":"cf25b3","id":"log_349026136876","timestamp":349026136876,"location":"AuraPlayerController.cpp:Look","message":"Look invoked","data":{"x":-0.14000,"y":0.00000,"bRightMouseDown":true,"hypothesisId":"A"},"runId":"run1"}
{"sessionId":"cf25b3","id":"log_349026140911","timestamp":349026140911,"location":"AuraPlayerController.cpp:AbilityInputHeld","message":"Input held","data":{"InputTag":"InputTag.LMB","bRightMouseDown":true},"runId":"run1"}
{"sessionId":"cf25b3","id":"log_349026143482","timestamp":349026143482,"location":"AuraPlayerController.cpp:AbilityInputHeld","message":"Input held","data":{"InputTag":"InputTag.RMB","bRightMouseDown":true},"runId":"run1"}
{"sessionId":"cf25b3","id":"log_349026212647","timestamp":349026212647,"location":"AuraPlayerController.cpp:Look","message":"Look invoked","data":{"x":-0.07000,"y":0.00000,"bRightMouseDown":true,"hypothesisId":"A"},"runId":"run1"}
{"sessionId":"cf25b3","id":"log_349026219827","timestamp":349026219827,"location":"AuraPlayerController.cpp:AbilityInputHeld","message":"Input held","data":{"InputTag":"InputTag.LMB","bRightMouseDown":true},"runId":"run1"}
{"sessionId":"cf25b3","id":"log_349026222256","timestamp":349026222256,"location":"AuraPlayerController.cpp:AbilityInputHeld","message":"Input held","data":{"InputTag":"InputTag.RMB","bRightMouseDown":true},"runId":"run1"}
{"sessionId":"cf25b3","id":"log_349026296476","timestamp":349026296476,"location":"AuraPlayerController.cpp:Look","message":"Look invoked","data":{"x":0.07000,"y":0.00000,"bRightMouseDown":true,"hypothesisId":"A"},"runId":"run1"}
{"sessionId":"cf25b3","id":"log_349026300715","timestamp":349026300715,"location":"AuraPlayerController.cpp:AbilityInputHeld","message":"Input held","data":{"InputTag":"InputTag.LMB","bRightMouseDown":true},"runId":"run1"}
{"sessionId":"cf25b3","id":"log_349026303741","timestamp":349026303741,"location":"AuraPlayerController.cpp:AbilityInputHeld","message":"Input held","data":{"InputTag":"InputTag.RMB","bRightMouseDown":true},"runId":"run1"}
{"sessionId":"cf25b3","id":"log_349026379987","timestamp":349026379987,"location":"AuraPlayerController.cpp:Look","message":"Look invoked","data":{"x":-0.14000,"y":0.00000,"bRightMouseDown":true,"hypothesisId":"A"},"runId":"run1"}
{"sessionId":"cf25b3","id":"log_349026384169","timestamp":349026384169,"location":"AuraPlayerController.cpp:AbilityInputHeld","message":"Input held","data":{"InputTag":"InputTag.LMB","bRightMouseDown":true},"runId":"run1"}
{"sessionId":"cf25b3","id":"log_349026386840","timestamp":349026386840,"location":"AuraPlayerController.cpp:AbilityInputHeld","message":"Input held","data":{"InputTag":"InputTag.RMB","bRightMouseDown":true},"runId":"run1"}
{"sessionId":"cf25b3","id":"log_349026462748","timestamp":349026462748,"location":"AuraPlayerController.cpp:Look","message":"Look invoked","data":{"x":-0.07000,"y":0.00000,"bRightMouseDown":true,"hypothesisId":"A"},"runId":"run1"}
{"sessionId":"cf25b3","id":"log_349026466767","timestamp":349026466767,"location":"AuraPlayerController.cpp:AbilityInputHeld","message":"Input held","data":{"InputTag":"InputTag.LMB","bRightMouseDown":true},"runId":"run1"}
{"sessionId":"cf25b3","id":"log_349026470143","timestamp":349026470143,"location":"AuraPlayerController.cpp:AbilityInputHeld","message":"Input held","data":{"InputTag":"InputTag.RMB","bRightMouseDown":true},"runId":"run1"}
{"sessionId":"cf25b3","id":"log_349026546524","timestamp":349026546524,"location":"AuraPlayerController.cpp:Look","message":"Look invoked","data":{"x":-0.07000,"y":0.00000,"bRightMouseDown":true,"hypothesisId":"A"},"runId":"run1"}
{"sessionId":"cf25b3","id":"log_349026550060","timestamp":349026550060,"location":"AuraPlayerController.cpp:AbilityInputHeld","message":"Input held","data":{"InputTag":"InputTag.LMB","bRightMouseDown":true},"runId":"run1"}
{"sessionId":"cf25b3","id":"log_349026552622","timestamp":349026552622,"location":"AuraPlayerController.cpp:AbilityInputHeld","message":"Input held","data":{"InputTag":"InputTag.RMB","bRightMouseDown":true},"runId":"run1"}
{"sessionId":"cf25b3","id":"log_349026629491","timestamp":349026629491,"location":"AuraPlayerController.cpp:Look","message":"Look invoked","data":{"x":-0.07000,"y":0.00000,"bRightMouseDown":true,"hypothesisId":"A"},"runId":"run1"}
{"sessionId":"cf25b3","id":"log_349026633102","timestamp":349026633102,"location":"AuraPlayerController.cpp:AbilityInputHeld","message":"Input held","data":{"InputTag":"InputTag.LMB","bRightMouseDown":true},"runId":"run1"}
{"sessionId":"cf25b3","id":"log_349026635255","timestamp":349026635255,"location":"AuraPlayerController.cpp:AbilityInputHeld","message":"Input held","data":{"InputTag":"InputTag.RMB","bRightMouseDown":true},"runId":"run1"}
{"sessionId":"cf25b3","id":"log_349026711704","timestamp":349026711704,"location":"AuraPlayerController.cpp:AbilityInputHeld","message":"Input held","data":{"InputTag":"InputTag.LMB","bRightMouseDown":true},"runId":"run1"}
{"sessionId":"cf25b3","id":"log_349026715524","timestamp":349026715524,"location":"AuraPlayerController.cpp:AbilityInputReleased","message":"Input released","data":{"InputTag":"InputTag.RMB","bRightMouseDown":true},"runId":"run1"}
{"sessionId":"cf25b3","id":"log_349026795030","timestamp":349026795030,"location":"AuraPlayerController.cpp:AbilityInputHeld","message":"Input held","data":{"InputTag":"InputTag.LMB","bRightMouseDown":false},"runId":"run1"}
{"sessionId":"cf25b3","id":"log_349026879880","timestamp":349026879880,"location":"AuraPlayerController.cpp:Look","message":"Look invoked","data":{"x":-0.07000,"y":0.00000,"bRightMouseDown":false,"hypothesisId":"A"},"runId":"run1"}
{"sessionId":"cf25b3","id":"log_349026891628","timestamp":349026891628,"location":"AuraPlayerController.cpp:AbilityInputHeld","message":"Input held","data":{"InputTag":"InputTag.LMB","bRightMouseDown":false},"runId":"run1"}
{"sessionId":"cf25b3","id":"log_349026895110","timestamp":349026895110,"location":"AuraPlayerController.cpp:AbilityInputHeld","message":"Input held","data":{"InputTag":"InputTag.RMB","bRightMouseDown":false},"runId":"run1"}
{"sessionId":"cf25b3","id":"log_349026961983","timestamp":349026961983,"location":"AuraPlayerController.cpp:AbilityInputHeld","message":"Input held","data":{"InputTag":"InputTag.LMB","bRightMouseDown":true},"runId":"run1"}
{"sessionId":"cf25b3","id":"log_349026965085","timestamp":349026965085,"location":"AuraPlayerController.cpp:AbilityInputReleased","message":"Input released","data":{"InputTag":"InputTag.RMB","bRightMouseDown":true},"runId":"run1"}
{"sessionId":"cf25b3","id":"log_349027046492","timestamp":349027046492,"location":"AuraPlayerController.cpp:Look","message":"Look invoked","data":{"x":-0.07000,"y":0.00000,"bRightMouseDown":false,"hypothesisId":"A"},"runId":"run1"}
{"sessionId":"cf25b3","id":"log_349027050361","timestamp":349027050361,"location":"AuraPlayerController.cpp:AbilityInputHeld","message":"Input held","data":{"InputTag":"InputTag.LMB","bRightMouseDown":false},"runId":"run1"}
{"sessionId":"cf25b3","id":"log_349027052917","timestamp":349027052917,"location":"AuraPlayerController.cpp:AbilityInputHeld","message":"Input held","data":{"InputTag":"InputTag.RMB","bRightMouseDown":false},"runId":"run1"}
{"sessionId":"cf25b3","id":"log_349027129227","timestamp":349027129227,"location":"AuraPlayerController.cpp:Look","message":"Look invoked","data":{"x":-0.07000,"y":0.00000,"bRightMouseDown":true,"hypothesisId":"A"},"runId":"run1"}
{"sessionId":"cf25b3","id":"log_349027133423","timestamp":349027133423,"location":"AuraPlayerController.cpp:AbilityInputHeld","message":"Input held","data":{"InputTag":"InputTag.LMB","bRightMouseDown":true},"runId":"run1"}
{"sessionId":"cf25b3","id":"log_349027136230","timestamp":349027136230,"location":"AuraPlayerController.cpp:AbilityInputHeld","message":"Input held","data":{"InputTag":"InputTag.RMB","bRightMouseDown":true},"runId":"run1"}
{"sessionId":"cf25b3","id":"log_349027212640","timestamp":349027212640,"location":"AuraPlayerController.cpp:Look","message":"Look invoked","data":{"x":-0.07000,"y":0.00000,"bRightMouseDown":true,"hypothesisId":"A"},"runId":"run1"}
{"sessionId":"cf25b3","id":"log_349027218497","timestamp":349027218497,"location":"AuraPlayerController.cpp:AbilityInputHeld","message":"Input held","data":{"InputTag":"InputTag.LMB","bRightMouseDown":true},"runId":"run1"}
{"sessionId":"cf25b3","id":"log_349027221086","timestamp":349027221086,"location":"AuraPlayerController.cpp:AbilityInputHeld","message":"Input held","data":{"InputTag":"InputTag.RMB","bRightMouseDown":true},"runId":"run1"}
{"sessionId":"cf25b3","id":"log_349027296499","timestamp":349027296499,"location":"AuraPlayerController.cpp:Look","message":"Look invoked","data":{"x":-0.07000,"y":0.00000,"bRightMouseDown":true,"hypothesisId":"A"},"runId":"run1"}
{"sessionId":"cf25b3","id":"log_349027300759","timestamp":349027300759,"location":"AuraPlayerController.cpp:AbilityInputHeld","message":"Input held","data":{"InputTag":"InputTag.LMB","bRightMouseDown":true},"runId":"run1"}
{"sessionId":"cf25b3","id":"log_349027303430","timestamp":349027303430,"location":"AuraPlayerController.cpp:AbilityInputHeld","message":"Input held","data":{"InputTag":"InputTag.RMB","bRightMouseDown":true},"runId":"run1"}
{"sessionId":"cf25b3","id":"log_349027377803","timestamp":349027377803,"location":"AuraPlayerController.cpp:AbilityInputHeld","message":"Input held","data":{"InputTag":"InputTag.LMB","bRightMouseDown":true},"runId":"run1"}
{"sessionId":"cf25b3","id":"log_349027381708","timestamp":349027381708,"location":"AuraPlayerController.cpp:AbilityInputReleased","message":"Input released","data":{"InputTag":"InputTag.RMB","bRightMouseDown":true},"runId":"run1"}
{"sessionId":"cf25b3","id":"log_349027463054","timestamp":349027463054,"location":"AuraPlayerController.cpp:Look","message":"Look invoked","data":{"x":0.07000,"y":0.00000,"bRightMouseDown":false,"hypothesisId":"A"},"runId":"run1"}
{"sessionId":"cf25b3","id":"log_349027467824","timestamp":349027467824,"location":"AuraPlayerController.cpp:AbilityInputHeld","message":"Input held","data":{"InputTag":"InputTag.LMB","bRightMouseDown":false},"runId":"run1"}
{"sessionId":"cf25b3","id":"log_349027470329","timestamp":349027470329,"location":"AuraPlayerController.cpp:AbilityInputHeld","message":"Input held","data":{"InputTag":"InputTag.RMB","bRightMouseDown":false},"runId":"run1"}
{"sessionId":"cf25b3","id":"log_349027547414","timestamp":349027547414,"location":"AuraPlayerController.cpp:AbilityInputHeld","message":"Input held","data":{"InputTag":"InputTag.LMB","bRightMouseDown":true},"runId":"run1"}
{"sessionId":"cf25b3","id":"log_349027550900","timestamp":349027550900,"location":"AuraPlayerController.cpp:AbilityInputReleased","message":"Input released","data":{"InputTag":"InputTag.RMB","bRightMouseDown":true},"runId":"run1"}
{"sessionId":"cf25b3","id":"log_349027628030","timestamp":349027628030,"location":"AuraPlayerController.cpp:AbilityInputHeld","message":"Input held","data":{"InputTag":"InputTag.LMB","bRightMouseDown":false},"runId":"run1"}
{"sessionId":"cf25b3","id":"log_349027714257","timestamp":349027714257,"location":"AuraPlayerController.cpp:AbilityInputHeld","message":"Input held","data":{"InputTag":"InputTag.LMB","bRightMouseDown":false},"runId":"run1"}
{"sessionId":"cf25b3","id":"log_349027794600","timestamp":349027794600,"location":"AuraPlayerController.cpp:AbilityInputHeld","message":"Input held","data":{"InputTag":"InputTag.LMB","bRightMouseDown":false},"runId":"run1"}
{"sessionId":"cf25b3","id":"log_349027880301","timestamp":349027880301,"location":"AuraPlayerController.cpp:Look","message":"Look invoked","data":{"x":-0.07000,"y":0.00000,"bRightMouseDown":false,"hypothesisId":"A"},"runId":"run1"}
{"sessionId":"cf25b3","id":"log_349027884195","timestamp":349027884195,"location":"AuraPlayerController.cpp:AbilityInputHeld","message":"Input held","data":{"InputTag":"InputTag.LMB","bRightMouseDown":false},"runId":"run1"}
{"sessionId":"cf25b3","id":"log_349027886723","timestamp":349027886723,"location":"AuraPlayerController.cpp:AbilityInputHeld","message":"Input held","data":{"InputTag":"InputTag.RMB","bRightMouseDown":false},"runId":"run1"}
{"sessionId":"cf25b3","id":"log_349027961349","timestamp":349027961349,"location":"AuraPlayerController.cpp:AbilityInputHeld","message":"Input held","data":{"InputTag":"InputTag.LMB","bRightMouseDown":true},"runId":"run1"}
{"sessionId":"cf25b3","id":"log_349027966094","timestamp":349027966094,"location":"AuraPlayerController.cpp:AbilityInputReleased","message":"Input released","data":{"InputTag":"InputTag.RMB","bRightMouseDown":true},"runId":"run1"}
{"sessionId":"cf25b3","id":"log_349028045141","timestamp":349028045141,"location":"AuraPlayerController.cpp:AbilityInputHeld","message":"Input held","data":{"InputTag":"InputTag.LMB","bRightMouseDown":false},"runId":"run1"}
{"sessionId":"cf25b3","id":"log_349028130007","timestamp":349028130007,"location":"AuraPlayerController.cpp:Look","message":"Look invoked","data":{"x":-0.07000,"y":0.00000,"bRightMouseDown":false,"hypothesisId":"A"},"runId":"run1"}
{"sessionId":"cf25b3","id":"log_349028133307","timestamp":349028133307,"location":"AuraPlayerController.cpp:AbilityInputHeld","message":"Input held","data":{"InputTag":"InputTag.LMB","bRightMouseDown":false},"runId":"run1"}
{"sessionId":"cf25b3","id":"log_349028137021","timestamp":349028137021,"location":"AuraPlayerController.cpp:AbilityInputHeld","message":"Input held","data":{"InputTag":"InputTag.RMB","bRightMouseDown":false},"runId":"run1"}
{"sessionId":"cf25b3","id":"log_349028211838","timestamp":349028211838,"location":"AuraPlayerController.cpp:AbilityInputHeld","message":"Input held","data":{"InputTag":"InputTag.LMB","bRightMouseDown":true},"runId":"run1"}
{"sessionId":"cf25b3","id":"log_349028215310","timestamp":349028215310,"location":"AuraPlayerController.cpp:AbilityInputReleased","message":"Input released","data":{"InputTag":"InputTag.RMB","bRightMouseDown":true},"runId":"run1"}
{"sessionId":"cf25b3","id":"log_349028295178","timestamp":349028295178,"location":"AuraPlayerController.cpp:AbilityInputHeld","message":"Input held","data":{"InputTag":"InputTag.LMB","bRightMouseDown":false},"runId":"run1"}
{"sessionId":"cf25b3","id":"log_349028380354","timestamp":349028380354,"location":"AuraPlayerController.cpp:Look","message":"Look invoked","data":{"x":-0.07000,"y":0.00000,"bRightMouseDown":false,"hypothesisId":"A"},"runId":"run1"}
{"sessionId":"cf25b3","id":"log_349028386804","timestamp":349028386804,"location":"AuraPlayerController.cpp:AbilityInputHeld","message":"Input held","data":{"InputTag":"InputTag.LMB","bRightMouseDown":false},"runId":"run1"}
{"sessionId":"cf25b3","id":"log_349028389157","timestamp":349028389157,"location":"AuraPlayerController.cpp:AbilityInputHeld","message":"Input held","data":{"InputTag":"InputTag.RMB","bRightMouseDown":false},"runId":"run1"}
{"sessionId":"cf25b3","id":"log_349028461570","timestamp":349028461570,"location":"AuraPlayerController.cpp:AbilityInputHeld","message":"Input held","data":{"InputTag":"InputTag.LMB","bRightMouseDown":true},"runId":"run1"}
{"sessionId":"cf25b3","id":"log_349028465317","timestamp":349028465317,"location":"AuraPlayerController.cpp:AbilityInputReleased","message":"Input released","data":{"InputTag":"InputTag.RMB","bRightMouseDown":true},"runId":"run1"}
{"sessionId":"cf25b3","id":"log_349028545932","timestamp":349028545932,"location":"AuraPlayerController.cpp:Look","message":"Look invoked","data":{"x":-0.07000,"y":0.00000,"bRightMouseDown":false,"hypothesisId":"A"},"runId":"run1"}
{"sessionId":"cf25b3","id":"log_349028550054","timestamp":349028550054,"location":"AuraPlayerController.cpp:AbilityInputHeld","message":"Input held","data":{"InputTag":"InputTag.LMB","bRightMouseDown":false},"runId":"run1"}
{"sessionId":"cf25b3","id":"log_349028554346","timestamp":349028554346,"location":"AuraPlayerController.cpp:AbilityInputHeld","message":"Input held","data":{"InputTag":"InputTag.RMB","bRightMouseDown":false},"runId":"run1"}
{"sessionId":"cf25b3","id":"log_349028628004","timestamp":349028628004,"location":"AuraPlayerController.cpp:AbilityInputHeld","message":"Input held","data":{"InputTag":"InputTag.LMB","bRightMouseDown":true},"runId":"run1"}
{"sessionId":"cf25b3","id":"log_349028631681","timestamp":349028631681,"location":"AuraPlayerController.cpp:AbilityInputReleased","message":"Input released","data":{"InputTag":"InputTag.RMB","bRightMouseDown":true},"runId":"run1"}
{"sessionId":"cf25b3","id":"log_349028712349","timestamp":349028712349,"location":"AuraPlayerController.cpp:AbilityInputHeld","message":"Input held","data":{"InputTag":"InputTag.LMB","bRightMouseDown":false},"runId":"run1"}
{"sessionId":"cf25b3","id":"log_349028796442","timestamp":349028796442,"location":"AuraPlayerController.cpp:Look","message":"Look invoked","data":{"x":-0.07000,"y":0.00000,"bRightMouseDown":false,"hypothesisId":"A"},"runId":"run1"}
{"sessionId":"cf25b3","id":"log_349028799744","timestamp":349028799744,"location":"AuraPlayerController.cpp:AbilityInputHeld","message":"Input held","data":{"InputTag":"InputTag.LMB","bRightMouseDown":false},"runId":"run1"}
{"sessionId":"cf25b3","id":"log_349028803465","timestamp":349028803465,"location":"AuraPlayerController.cpp:AbilityInputHeld","message":"Input held","data":{"InputTag":"InputTag.RMB","bRightMouseDown":false},"runId":"run1"}
{"sessionId":"cf25b3","id":"log_349028879489","timestamp":349028879489,"location":"AuraPlayerController.cpp:Look","message":"Look invoked","data":{"x":-0.07000,"y":0.00000,"bRightMouseDown":true,"hypothesisId":"A"},"runId":"run1"}
{"sessionId":"cf25b3","id":"log_349028883233","timestamp":349028883233,"location":"AuraPlayerController.cpp:AbilityInputHeld","message":"Input held","data":{"InputTag":"InputTag.LMB","bRightMouseDown":true},"runId":"run1"}
{"sessionId":"cf25b3","id":"log_349028885883","timestamp":349028885883,"location":"AuraPlayerController.cpp:AbilityInputHeld","message":"Input held","data":{"InputTag":"InputTag.RMB","bRightMouseDown":true},"runId":"run1"}
{"sessionId":"cf25b3","id":"log_349028964334","timestamp":349028964334,"location":"AuraPlayerController.cpp:Look","message":"Look invoked","data":{"x":-0.07000,"y":0.00000,"bRightMouseDown":true,"hypothesisId":"A"},"runId":"run1"}
{"sessionId":"cf25b3","id":"log_349028969488","timestamp":349028969488,"location":"AuraPlayerController.cpp:AbilityInputHeld","message":"Input held","data":{"InputTag":"InputTag.LMB","bRightMouseDown":true},"runId":"run1"}
{"sessionId":"cf25b3","id":"log_349028972157","timestamp":349028972157,"location":"AuraPlayerController.cpp:AbilityInputHeld","message":"Input held","data":{"InputTag":"InputTag.RMB","bRightMouseDown":true},"runId":"run1"}
{"sessionId":"cf25b3","id":"log_349029046802","timestamp":349029046802,"location":"AuraPlayerController.cpp:Look","message":"Look invoked","data":{"x":-0.07000,"y":0.00000,"bRightMouseDown":true,"hypothesisId":"A"},"runId":"run1"}
{"sessionId":"cf25b3","id":"log_349029051276","timestamp":349029051276,"location":"AuraPlayerController.cpp:AbilityInputHeld","message":"Input held","data":{"InputTag":"InputTag.LMB","bRightMouseDown":true},"runId":"run1"}
{"sessionId":"cf25b3","id":"log_349029053937","timestamp":349029053937,"location":"AuraPlayerController.cpp:AbilityInputHeld","message":"Input held","data":{"InputTag":"InputTag.RMB","bRightMouseDown":true},"runId":"run1"}
{"sessionId":"cf25b3","id":"log_349029129976","timestamp":349029129976,"location":"AuraPlayerController.cpp:Look","message":"Look invoked","data":{"x":-0.14000,"y":0.00000,"bRightMouseDown":true,"hypothesisId":"A"},"runId":"run1"}
{"sessionId":"cf25b3","id":"log_349029134108","timestamp":349029134108,"location":"AuraPlayerController.cpp:AbilityInputHeld","message":"Input held","data":{"InputTag":"InputTag.LMB","bRightMouseDown":true},"runId":"run1"}
{"sessionId":"cf25b3","id":"log_349029137169","timestamp":349029137169,"location":"AuraPlayerController.cpp:AbilityInputHeld","message":"Input held","data":{"InputTag":"InputTag.RMB","bRightMouseDown":true},"runId":"run1"}
{"sessionId":"cf25b3","id":"log_349029213732","timestamp":349029213732,"location":"AuraPlayerController.cpp:Look","message":"Look invoked","data":{"x":-0.07000,"y":0.00000,"bRightMouseDown":true,"hypothesisId":"A"},"runId":"run1"}
{"sessionId":"cf25b3","id":"log_349029218685","timestamp":349029218685,"location":"AuraPlayerController.cpp:AbilityInputHeld","message":"Input held","data":{"InputTag":"InputTag.LMB","bRightMouseDown":true},"runId":"run1"}
{"sessionId":"cf25b3","id":"log_349029221818","timestamp":349029221818,"location":"AuraPlayerController.cpp:AbilityInputHeld","message":"Input held","data":{"InputTag":"InputTag.RMB","bRightMouseDown":true},"runId":"run1"}
{"sessionId":"cf25b3","id":"log_349029298983","timestamp":349029298983,"location":"AuraPlayerController.cpp:Look","message":"Look invoked","data":{"x":-0.07000,"y":0.00000,"bRightMouseDown":true,"hypothesisId":"A"},"runId":"run1"}
{"sessionId":"cf25b3","id":"log_349029302718","timestamp":349029302718,"location":"AuraPlayerController.cpp:AbilityInputHeld","message":"Input held","data":{"InputTag":"InputTag.LMB","bRightMouseDown":true},"runId":"run1"}
{"sessionId":"cf25b3","id":"log_349029305748","timestamp":349029305748,"location":"AuraPlayerController.cpp:AbilityInputHeld","message":"Input held","data":{"InputTag":"InputTag.RMB","bRightMouseDown":true},"runId":"run1"}
{"sessionId":"cf25b3","id":"log_349029380172","timestamp":349029380172,"location":"AuraPlayerController.cpp:Look","message":"Look invoked","data":{"x":-0.14000,"y":0.00000,"bRightMouseDown":true,"hypothesisId":"A"},"runId":"run1"}
{"sessionId":"cf25b3","id":"log_349029384303","timestamp":349029384303,"location":"AuraPlayerController.cpp:AbilityInputHeld","message":"Input held","data":{"InputTag":"InputTag.LMB","bRightMouseDown":true},"runId":"run1"}
{"sessionId":"cf25b3","id":"log_349029389365","timestamp":349029389365,"location":"AuraPlayerController.cpp:AbilityInputHeld","message":"Input held","data":{"InputTag":"InputTag.RMB","bRightMouseDown":true},"runId":"run1"}
{"sessionId":"cf25b3","id":"log_349029464559","timestamp":349029464559,"location":"AuraPlayerController.cpp:Look","message":"Look invoked","data":{"x":-0.07000,"y":0.00000,"bRightMouseDown":true,"hypothesisId":"A"},"runId":"run1"}
{"sessionId":"cf25b3","id":"log_349029469973","timestamp":349029469973,"location":"AuraPlayerController.cpp:AbilityInputHeld","message":"Input held","data":{"InputTag":"InputTag.LMB","bRightMouseDown":true},"runId":"run1"}
{"sessionId":"cf25b3","id":"log_349029472765","timestamp":349029472765,"location":"AuraPlayerController.cpp:AbilityInputHeld","message":"Input held","data":{"InputTag":"InputTag.RMB","bRightMouseDown":true},"runId":"run1"}
{"sessionId":"cf25b3","id":"log_349029545451","timestamp":349029545451,"location":"AuraPlayerController.cpp:AbilityInputHeld","message":"Input held","data":{"InputTag":"InputTag.LMB","bRightMouseDown":true},"runId":"run1"}
{"sessionId":"cf25b3","id":"log_349029549353","timestamp":349029549353,"location":"AuraPlayerController.cpp:AbilityInputReleased","message":"Input released","data":{"InputTag":"InputTag.RMB","bRightMouseDown":true},"runId":"run1"}
{"sessionId":"cf25b3","id":"log_349029630384","timestamp":349029630384,"location":"AuraPlayerController.cpp:Look","message":"Look invoked","data":{"x":-0.14000,"y":0.00000,"bRightMouseDown":false,"hypothesisId":"A"},"runId":"run1"}
{"sessionId":"cf25b3","id":"log_349029634290","timestamp":349029634290,"location":"AuraPlayerController.cpp:AbilityInputHeld","message":"Input held","data":{"InputTag":"InputTag.LMB","bRightMouseDown":false},"runId":"run1"}
{"sessionId":"cf25b3","id":"log_349029636690","timestamp":349029636690,"location":"AuraPlayerController.cpp:AbilityInputHeld","message":"Input held","data":{"InputTag":"InputTag.RMB","bRightMouseDown":false},"runId":"run1"}
{"sessionId":"cf25b3","id":"log_349029713461","timestamp":349029713461,"location":"AuraPlayerController.cpp:Look","message":"Look invoked","data":{"x":-0.14000,"y":0.00000,"bRightMouseDown":true,"hypothesisId":"A"},"runId":"run1"}
{"sessionId":"cf25b3","id":"log_349029717172","timestamp":349029717172,"location":"AuraPlayerController.cpp:AbilityInputHeld","message":"Input held","data":{"InputTag":"InputTag.LMB","bRightMouseDown":true},"runId":"run1"}
{"sessionId":"cf25b3","id":"log_349029720013","timestamp":349029720013,"location":"AuraPlayerController.cpp:AbilityInputHeld","message":"Input held","data":{"InputTag":"InputTag.RMB","bRightMouseDown":true},"runId":"run1"}
{"sessionId":"cf25b3","id":"log_349029796717","timestamp":349029796717,"location":"AuraPlayerController.cpp:Look","message":"Look invoked","data":{"x":-0.14000,"y":0.00000,"bRightMouseDown":true,"hypothesisId":"A"},"runId":"run1"}
{"sessionId":"cf25b3","id":"log_349029800705","timestamp":349029800705,"location":"AuraPlayerController.cpp:AbilityInputHeld","message":"Input held","data":{"InputTag":"InputTag.LMB","bRightMouseDown":true},"runId":"run1"}
{"sessionId":"cf25b3","id":"log_349029804186","timestamp":349029804186,"location":"AuraPlayerController.cpp:AbilityInputHeld","message":"Input held","data":{"InputTag":"InputTag.RMB","bRightMouseDown":true},"runId":"run1"}
{"sessionId":"cf25b3","id":"log_349029880364","timestamp":349029880364,"location":"AuraPlayerController.cpp:Look","message":"Look invoked","data":{"x":-0.14000,"y":0.00000,"bRightMouseDown":true,"hypothesisId":"A"},"runId":"run1"}
{"sessionId":"cf25b3","id":"log_349029884535","timestamp":349029884535,"location":"AuraPlayerController.cpp:AbilityInputHeld","message":"Input held","data":{"InputTag":"InputTag.LMB","bRightMouseDown":true},"runId":"run1"}
{"sessionId":"cf25b3","id":"log_349029887337","timestamp":349029887337,"location":"AuraPlayerController.cpp:AbilityInputHeld","message":"Input held","data":{"InputTag":"InputTag.RMB","bRightMouseDown":true},"runId":"run1"}
{"sessionId":"cf25b3","id":"log_349029963845","timestamp":349029963845,"location":"AuraPlayerController.cpp:Look","message":"Look invoked","data":{"x":-0.14000,"y":0.00000,"bRightMouseDown":true,"hypothesisId":"A"},"runId":"run1"}
{"sessionId":"cf25b3","id":"log_349029968566","timestamp":349029968566,"location":"AuraPlayerController.cpp:AbilityInputHeld","message":"Input held","data":{"InputTag":"InputTag.LMB","bRightMouseDown":true},"runId":"run1"}
{"sessionId":"cf25b3","id":"log_349029971238","timestamp":349029971238,"location":"AuraPlayerController.cpp:AbilityInputHeld","message":"Input held","data":{"InputTag":"InputTag.RMB","bRightMouseDown":true},"runId":"run1"}
{"sessionId":"cf25b3","id":"log_349030047141","timestamp":349030047141,"location":"AuraPlayerController.cpp:Look","message":"Look invoked","data":{"x":-0.14000,"y":0.00000,"bRightMouseDown":true,"hypothesisId":"A"},"runId":"run1"}
{"sessionId":"cf25b3","id":"log_349030052083","timestamp":349030052083,"location":"AuraPlayerController.cpp:AbilityInputHeld","message":"Input held","data":{"InputTag":"InputTag.LMB","bRightMouseDown":true},"runId":"run1"}
{"sessionId":"cf25b3","id":"log_349030054889","timestamp":349030054889,"location":"AuraPlayerController.cpp:AbilityInputHeld","message":"Input held","data":{"InputTag":"InputTag.RMB","bRightMouseDown":true},"runId":"run1"}
{"sessionId":"cf25b3","id":"log_349030130541","timestamp":349030130541,"location":"AuraPlayerController.cpp:Look","message":"Look invoked","data":{"x":-0.28000,"y":0.00000,"bRightMouseDown":true,"hypothesisId":"A"},"runId":"run1"}
{"sessionId":"cf25b3","id":"log_349030134398","timestamp":349030134398,"location":"AuraPlayerController.cpp:AbilityInputHeld","message":"Input held","data":{"InputTag":"InputTag.LMB","bRightMouseDown":true},"runId":"run1"}
{"sessionId":"cf25b3","id":"log_349030137026","timestamp":349030137026,"location":"AuraPlayerController.cpp:AbilityInputHeld","message":"Input held","data":{"InputTag":"InputTag.RMB","bRightMouseDown":true},"runId":"run1"}
{"sessionId":"cf25b3","id":"log_349030223472","timestamp":349030223472,"location":"AuraPlayerController.cpp:Look","message":"Look invoked","data":{"x":-0.14000,"y":0.00000,"bRightMouseDown":true,"hypothesisId":"A"},"runId":"run1"}
{"sessionId":"cf25b3","id":"log_349030227664","timestamp":349030227664,"location":"AuraPlayerController.cpp:AbilityInputHeld","message":"Input held","data":{"InputTag":"InputTag.LMB","bRightMouseDown":true},"runId":"run1"}
{"sessionId":"cf25b3","id":"log_349030230502","timestamp":349030230502,"location":"AuraPlayerController.cpp:AbilityInputHeld","message":"Input held","data":{"InputTag":"InputTag.RMB","bRightMouseDown":true},"runId":"run1"}
{"sessionId":"cf25b3","id":"log_349030297213","timestamp":349030297213,"location":"AuraPlayerController.cpp:Look","message":"Look invoked","data":{"x":-0.14000,"y":0.00000,"bRightMouseDown":true,"hypothesisId":"A"},"runId":"run1"}
{"sessionId":"cf25b3","id":"log_349030300693","timestamp":349030300693,"location":"AuraPlayerController.cpp:AbilityInputHeld","message":"Input held","data":{"InputTag":"InputTag.LMB","bRightMouseDown":true},"runId":"run1"}
{"sessionId":"cf25b3","id":"log_349030303577","timestamp":349030303577,"location":"AuraPlayerController.cpp:AbilityInputHeld","message":"Input held","data":{"InputTag":"InputTag.RMB","bRightMouseDown":true},"runId":"run1"}
{"sessionId":"cf25b3","id":"log_349030380481","timestamp":349030380481,"location":"AuraPlayerController.cpp:Look","message":"Look invoked","data":{"x":-0.21000,"y":0.00000,"bRightMouseDown":true,"hypothesisId":"A"},"runId":"run1"}
{"sessionId":"cf25b3","id":"log_349030385084","timestamp":349030385084,"location":"AuraPlayerController.cpp:AbilityInputHeld","message":"Input held","data":{"InputTag":"InputTag.LMB","bRightMouseDown":true},"runId":"run1"}
{"sessionId":"cf25b3","id":"log_349030388418","timestamp":349030388418,"location":"AuraPlayerController.cpp:AbilityInputHeld","message":"Input held","data":{"InputTag":"InputTag.RMB","bRightMouseDown":true},"runId":"run1"}
{"sessionId":"cf25b3","id":"log_349030464877","timestamp":349030464877,"location":"AuraPlayerController.cpp:Look","message":"Look invoked","data":{"x":-0.07000,"y":0.00000,"bRightMouseDown":true,"hypothesisId":"A"},"runId":"run1"}
{"sessionId":"cf25b3","id":"log_349030468839","timestamp":349030468839,"location":"AuraPlayerController.cpp:AbilityInputHeld","message":"Input held","data":{"InputTag":"InputTag.LMB","bRightMouseDown":true},"runId":"run1"}
{"sessionId":"cf25b3","id":"log_349030471673","timestamp":349030471673,"location":"AuraPlayerController.cpp:AbilityInputHeld","message":"Input held","data":{"InputTag":"InputTag.RMB","bRightMouseDown":true},"runId":"run1"}
{"sessionId":"cf25b3","id":"log_349030547717","timestamp":349030547717,"location":"AuraPlayerController.cpp:Look","message":"Look invoked","data":{"x":-0.07000,"y":0.00000,"bRightMouseDown":true,"hypothesisId":"A"},"runId":"run1"}
{"sessionId":"cf25b3","id":"log_349030553136","timestamp":349030553136,"location":"AuraPlayerController.cpp:AbilityInputHeld","message":"Input held","data":{"InputTag":"InputTag.LMB","bRightMouseDown":true},"runId":"run1"}
{"sessionId":"cf25b3","id":"log_349030555901","timestamp":349030555901,"location":"AuraPlayerController.cpp:AbilityInputHeld","message":"Input held","data":{"InputTag":"InputTag.RMB","bRightMouseDown":true},"runId":"run1"}
{"sessionId":"cf25b3","id":"log_349030630769","timestamp":349030630769,"location":"AuraPlayerController.cpp:Look","message":"Look invoked","data":{"x":-0.14000,"y":0.00000,"bRightMouseDown":true,"hypothesisId":"A"},"runId":"run1"}
{"sessionId":"cf25b3","id":"log_349030635008","timestamp":349030635008,"location":"AuraPlayerController.cpp:AbilityInputHeld","message":"Input held","data":{"InputTag":"InputTag.LMB","bRightMouseDown":true},"runId":"run1"}
{"sessionId":"cf25b3","id":"log_349030637710","timestamp":349030637710,"location":"AuraPlayerController.cpp:AbilityInputHeld","message":"Input held","data":{"InputTag":"InputTag.RMB","bRightMouseDown":true},"runId":"run1"}
{"sessionId":"cf25b3","id":"log_349030713636","timestamp":349030713636,"location":"AuraPlayerController.cpp:AbilityInputHeld","message":"Input held","data":{"InputTag":"InputTag.LMB","bRightMouseDown":true},"runId":"run1"}
{"sessionId":"cf25b3","id":"log_349030717594","timestamp":349030717594,"location":"AuraPlayerController.cpp:AbilityInputReleased","message":"Input released","data":{"InputTag":"InputTag.RMB","bRightMouseDown":true},"runId":"run1"}
{"sessionId":"cf25b3","id":"log_349030796742","timestamp":349030796742,"location":"AuraPlayerController.cpp:Look","message":"Look invoked","data":{"x":-0.07000,"y":0.00000,"bRightMouseDown":false,"hypothesisId":"A"},"runId":"run1"}
{"sessionId":"cf25b3","id":"log_349030800493","timestamp":349030800493,"location":"AuraPlayerController.cpp:AbilityInputHeld","message":"Input held","data":{"InputTag":"InputTag.LMB","bRightMouseDown":false},"runId":"run1"}
{"sessionId":"cf25b3","id":"log_349030803309","timestamp":349030803309,"location":"AuraPlayerController.cpp:AbilityInputHeld","message":"Input held","data":{"InputTag":"InputTag.RMB","bRightMouseDown":false},"runId":"run1"}
{"sessionId":"cf25b3","id":"log_349030880321","timestamp":349030880321,"location":"AuraPlayerController.cpp:Look","message":"Look invoked","data":{"x":-0.07000,"y":0.00000,"bRightMouseDown":true,"hypothesisId":"A"},"runId":"run1"}
{"sessionId":"cf25b3","id":"log_349030884059","timestamp":349030884059,"location":"AuraPlayerController.cpp:AbilityInputHeld","message":"Input held","data":{"InputTag":"InputTag.LMB","bRightMouseDown":true},"runId":"run1"}
{"sessionId":"cf25b3","id":"log_349030888062","timestamp":349030888062,"location":"AuraPlayerController.cpp:AbilityInputHeld","message":"Input held","data":{"InputTag":"InputTag.RMB","bRightMouseDown":true},"runId":"run1"}
{"sessionId":"cf25b3","id":"log_349030962648","timestamp":349030962648,"location":"AuraPlayerController.cpp:AbilityInputHeld","message":"Input held","data":{"InputTag":"InputTag.LMB","bRightMouseDown":true},"runId":"run1"}
{"sessionId":"cf25b3","id":"log_349030969163","timestamp":349030969163,"location":"AuraPlayerController.cpp:AbilityInputReleased","message":"Input released","data":{"InputTag":"InputTag.RMB","bRightMouseDown":true},"runId":"run1"}
{"sessionId":"cf25b3","id":"log_349031047378","timestamp":349031047378,"location":"AuraPlayerController.cpp:Look","message":"Look invoked","data":{"x":-0.07000,"y":0.00000,"bRightMouseDown":false,"hypothesisId":"A"},"runId":"run1"}
{"sessionId":"cf25b3","id":"log_349031052871","timestamp":349031052871,"location":"AuraPlayerController.cpp:AbilityInputHeld","message":"Input held","data":{"InputTag":"InputTag.LMB","bRightMouseDown":false},"runId":"run1"}
{"sessionId":"cf25b3","id":"log_349031055195","timestamp":349031055195,"location":"AuraPlayerController.cpp:AbilityInputHeld","message":"Input held","data":{"InputTag":"InputTag.RMB","bRightMouseDown":false},"runId":"run1"}
{"sessionId":"cf25b3","id":"log_349031131808","timestamp":349031131808,"location":"AuraPlayerController.cpp:Look","message":"Look invoked","data":{"x":-0.14000,"y":0.00000,"bRightMouseDown":true,"hypothesisId":"A"},"runId":"run1"}
{"sessionId":"cf25b3","id":"log_349031135837","timestamp":349031135837,"location":"AuraPlayerController.cpp:AbilityInputHeld","message":"Input held","data":{"InputTag":"InputTag.LMB","bRightMouseDown":true},"runId":"run1"}
{"sessionId":"cf25b3","id":"log_349031138897","timestamp":349031138897,"location":"AuraPlayerController.cpp:AbilityInputHeld","message":"Input held","data":{"InputTag":"InputTag.RMB","bRightMouseDown":true},"runId":"run1"}
{"sessionId":"cf25b3","id":"log_349031214365","timestamp":349031214365,"location":"AuraPlayerController.cpp:Look","message":"Look invoked","data":{"x":-0.07000,"y":0.00000,"bRightMouseDown":true,"hypothesisId":"A"},"runId":"run1"}
{"sessionId":"cf25b3","id":"log_349031220424","timestamp":349031220424,"location":"AuraPlayerController.cpp:AbilityInputHeld","message":"Input held","data":{"InputTag":"InputTag.LMB","bRightMouseDown":true},"runId":"run1"}
{"sessionId":"cf25b3","id":"log_349031223603","timestamp":349031223603,"location":"AuraPlayerController.cpp:AbilityInputHeld","message":"Input held","data":{"InputTag":"InputTag.RMB","bRightMouseDown":true},"runId":"run1"}
{"sessionId":"cf25b3","id":"log_349031297340","timestamp":349031297340,"location":"AuraPlayerController.cpp:Look","message":"Look invoked","data":{"x":-0.07000,"y":0.00000,"bRightMouseDown":true,"hypothesisId":"A"},"runId":"run1"}
{"sessionId":"cf25b3","id":"log_349031302067","timestamp":349031302067,"location":"AuraPlayerController.cpp:AbilityInputHeld","message":"Input held","data":{"InputTag":"InputTag.LMB","bRightMouseDown":true},"runId":"run1"}
{"sessionId":"cf25b3","id":"log_349031304338","timestamp":349031304338,"location":"AuraPlayerController.cpp:AbilityInputHeld","message":"Input held","data":{"InputTag":"InputTag.RMB","bRightMouseDown":true},"runId":"run1"}
{"sessionId":"cf25b3","id":"log_349031380263","timestamp":349031380263,"location":"AuraPlayerController.cpp:Look","message":"Look invoked","data":{"x":-0.07000,"y":0.00000,"bRightMouseDown":true,"hypothesisId":"A"},"runId":"run1"}
{"sessionId":"cf25b3","id":"log_349031384813","timestamp":349031384813,"location":"AuraPlayerController.cpp:AbilityInputHeld","message":"Input held","data":{"InputTag":"InputTag.LMB","bRightMouseDown":true},"runId":"run1"}
{"sessionId":"cf25b3","id":"log_349031387428","timestamp":349031387428,"location":"AuraPlayerController.cpp:AbilityInputHeld","message":"Input held","data":{"InputTag":"InputTag.RMB","bRightMouseDown":true},"runId":"run1"}
{"sessionId":"cf25b3","id":"log_349031468392","timestamp":349031468392,"location":"AuraPlayerController.cpp:Look","message":"Look invoked","data":{"x":-0.07000,"y":0.00000,"bRightMouseDown":true,"hypothesisId":"A"},"runId":"run1"}
{"sessionId":"cf25b3","id":"log_349031472473","timestamp":349031472473,"location":"AuraPlayerController.cpp:AbilityInputHeld","message":"Input held","data":{"InputTag":"InputTag.LMB","bRightMouseDown":true},"runId":"run1"}
{"sessionId":"cf25b3","id":"log_349031474836","timestamp":349031474836,"location":"AuraPlayerController.cpp:AbilityInputHeld","message":"Input held","data":{"InputTag":"InputTag.RMB","bRightMouseDown":true},"runId":"run1"}
{"sessionId":"cf25b3","id":"log_349031545276","timestamp":349031545276,"location":"AuraPlayerController.cpp:AbilityInputHeld","message":"Input held","data":{"InputTag":"InputTag.LMB","bRightMouseDown":true},"runId":"run1"}
{"sessionId":"cf25b3","id":"log_349031548846","timestamp":349031548846,"location":"AuraPlayerController.cpp:AbilityInputReleased","message":"Input released","data":{"InputTag":"InputTag.RMB","bRightMouseDown":true},"runId":"run1"}
{"sessionId":"cf25b3","id":"log_349031628925","timestamp":349031628925,"location":"AuraPlayerController.cpp:AbilityInputHeld","message":"Input held","data":{"InputTag":"InputTag.LMB","bRightMouseDown":false},"runId":"run1"}
{"sessionId":"cf25b3","id":"log_349031712013","timestamp":349031712013,"location":"AuraPlayerController.cpp:AbilityInputHeld","message":"Input held","data":{"InputTag":"InputTag.LMB","bRightMouseDown":false},"runId":"run1"}
{"sessionId":"cf25b3","id":"log_349031796187","timestamp":349031796187,"location":"AuraPlayerController.cpp:AbilityInputHeld","message":"Input held","data":{"InputTag":"InputTag.LMB","bRightMouseDown":false},"runId":"run1"}
{"sessionId":"cf25b3","id":"log_349031879253","timestamp":349031879253,"location":"AuraPlayerController.cpp:AbilityInputHeld","message":"Input held","data":{"InputTag":"InputTag.LMB","bRightMouseDown":false},"runId":"run1"}
{"sessionId":"cf25b3","id":"log_349031962911","timestamp":349031962911,"location":"AuraPlayerController.cpp:AbilityInputHeld","message":"Input held","data":{"InputTag":"InputTag.LMB","bRightMouseDown":false},"runId":"run1"}
{"sessionId":"cf25b3","id":"log_349032045690","timestamp":349032045690,"location":"AuraPlayerController.cpp:AbilityInputHeld","message":"Input held","data":{"InputTag":"InputTag.LMB","bRightMouseDown":false},"runId":"run1"}
{"sessionId":"cf25b3","id":"log_349032130421","timestamp":349032130421,"location":"AuraPlayerController.cpp:Look","message":"Look invoked","data":{"x":-0.07000,"y":0.00000,"bRightMouseDown":false,"hypothesisId":"A"},"runId":"run1"}
{"sessionId":"cf25b3","id":"log_349032134403","timestamp":349032134403,"location":"AuraPlayerController.cpp:AbilityInputHeld","message":"Input held","data":{"InputTag":"InputTag.LMB","bRightMouseDown":false},"runId":"run1"}
{"sessionId":"cf25b3","id":"log_349032137079","timestamp":349032137079,"location":"AuraPlayerController.cpp:AbilityInputHeld","message":"Input held","data":{"InputTag":"InputTag.RMB","bRightMouseDown":false},"runId":"run1"}
{"sessionId":"cf25b3","id":"log_349032212039","timestamp":349032212039,"location":"AuraPlayerController.cpp:AbilityInputHeld","message":"Input held","data":{"InputTag":"InputTag.LMB","bRightMouseDown":true},"runId":"run1"}
{"sessionId":"cf25b3","id":"log_349032216150","timestamp":349032216150,"location":"AuraPlayerController.cpp:AbilityInputReleased","message":"Input released","data":{"InputTag":"InputTag.RMB","bRightMouseDown":true},"runId":"run1"}
{"sessionId":"cf25b3","id":"log_349032295942","timestamp":349032295942,"location":"AuraPlayerController.cpp:AbilityInputHeld","message":"Input held","data":{"InputTag":"InputTag.LMB","bRightMouseDown":false},"runId":"run1"}
{"sessionId":"cf25b3","id":"log_349032378807","timestamp":349032378807,"location":"AuraPlayerController.cpp:AbilityInputHeld","message":"Input held","data":{"InputTag":"InputTag.LMB","bRightMouseDown":false},"runId":"run1"}
{"sessionId":"cf25b3","id":"log_349032461960","timestamp":349032461960,"location":"AuraPlayerController.cpp:AbilityInputHeld","message":"Input held","data":{"InputTag":"InputTag.LMB","bRightMouseDown":false},"runId":"run1"}
{"sessionId":"cf25b3","id":"log_349032545388","timestamp":349032545388,"location":"AuraPlayerController.cpp:AbilityInputHeld","message":"Input held","data":{"InputTag":"InputTag.LMB","bRightMouseDown":false},"runId":"run1"}
{"sessionId":"cf25b3","id":"log_349032628799","timestamp":349032628799,"location":"AuraPlayerController.cpp:AbilityInputHeld","message":"Input held","data":{"InputTag":"InputTag.LMB","bRightMouseDown":false},"runId":"run1"}
{"sessionId":"cf25b3","id":"log_349032712757","timestamp":349032712757,"location":"AuraPlayerController.cpp:AbilityInputHeld","message":"Input held","data":{"InputTag":"InputTag.LMB","bRightMouseDown":false},"runId":"run1"}
{"sessionId":"cf25b3","id":"log_349032795919","timestamp":349032795919,"location":"AuraPlayerController.cpp:AbilityInputHeld","message":"Input held","data":{"InputTag":"InputTag.LMB","bRightMouseDown":false},"runId":"run1"}
{"sessionId":"cf25b3","id":"log_349032879105","timestamp":349032879105,"location":"AuraPlayerController.cpp:AbilityInputHeld","message":"Input held","data":{"InputTag":"InputTag.LMB","bRightMouseDown":false},"runId":"run1"}
{"sessionId":"cf25b3","id":"log_349032962237","timestamp":349032962237,"location":"AuraPlayerController.cpp:AbilityInputHeld","message":"Input held","data":{"InputTag":"InputTag.LMB","bRightMouseDown":false},"runId":"run1"}
{"sessionId":"cf25b3","id":"log_349033045478","timestamp":349033045478,"location":"AuraPlayerController.cpp:AbilityInputHeld","message":"Input held","data":{"InputTag":"InputTag.LMB","bRightMouseDown":false},"runId":"run1"}
{"sessionId":"cf25b3","id":"log_349033128781","timestamp":349033128781,"location":"AuraPlayerController.cpp:AbilityInputHeld","message":"Input held","data":{"InputTag":"InputTag.LMB","bRightMouseDown":false},"runId":"run1"}
{"sessionId":"cf25b3","id":"log_349033212339","timestamp":349033212339,"location":"AuraPlayerController.cpp:AbilityInputHeld","message":"Input held","data":{"InputTag":"InputTag.LMB","bRightMouseDown":false},"runId":"run1"}
{"sessionId":"cf25b3","id":"log_349033296521","timestamp":349033296521,"location":"AuraPlayerController.cpp:AbilityInputHeld","message":"Input held","data":{"InputTag":"InputTag.LMB","bRightMouseDown":false},"runId":"run1"}
{"sessionId":"cf25b3","id":"log_349033378764","timestamp":349033378764,"location":"AuraPlayerController.cpp:AbilityInputHeld","message":"Input held","data":{"InputTag":"InputTag.LMB","bRightMouseDown":false},"runId":"run1"}
{"sessionId":"cf25b3","id":"log_349033462090","timestamp":349033462090,"location":"AuraPlayerController.cpp:AbilityInputHeld","message":"Input held","data":{"InputTag":"InputTag.LMB","bRightMouseDown":false},"runId":"run1"}
{"sessionId":"cf25b3","id":"log_349033545845","timestamp":349033545845,"location":"AuraPlayerController.cpp:AbilityInputHeld","message":"Input held","data":{"InputTag":"InputTag.LMB","bRightMouseDown":false},"runId":"run1"}
{"sessionId":"cf25b3","id":"log_349033628602","timestamp":349033628602,"location":"AuraPlayerController.cpp:AbilityInputHeld","message":"Input held","data":{"InputTag":"InputTag.LMB","bRightMouseDown":false},"runId":"run1"}
{"sessionId":"cf25b3","id":"log_349033712252","timestamp":349033712252,"location":"AuraPlayerController.cpp:AbilityInputHeld","message":"Input held","data":{"InputTag":"InputTag.LMB","bRightMouseDown":false},"runId":"run1"}
{"sessionId":"cf25b3","id":"log_349033798731","timestamp":349033798731,"location":"AuraPlayerController.cpp:AbilityInputHeld","message":"Input held","data":{"InputTag":"InputTag.LMB","bRightMouseDown":false},"runId":"run1"}
{"sessionId":"cf25b3","id":"log_349033878810","timestamp":349033878810,"location":"AuraPlayerController.cpp:AbilityInputHeld","message":"Input held","data":{"InputTag":"InputTag.LMB","bRightMouseDown":false},"runId":"run1"}
{"sessionId":"cf25b3","id":"log_349033962307","timestamp":349033962307,"location":"AuraPlayerController.cpp:AbilityInputHeld","message":"Input held","data":{"InputTag":"InputTag.LMB","bRightMouseDown":false},"runId":"run1"}
{"sessionId":"cf25b3","id":"log_349034045527","timestamp":349034045527,"location":"AuraPlayerController.cpp:AbilityInputHeld","message":"Input held","data":{"InputTag":"InputTag.LMB","bRightMouseDown":false},"runId":"run1"}
{"sessionId":"cf25b3","id":"log_349034129289","timestamp":349034129289,"location":"AuraPlayerController.cpp:AbilityInputHeld","message":"Input held","data":{"InputTag":"InputTag.LMB","bRightMouseDown":false},"runId":"run1"}
{"sessionId":"cf25b3","id":"log_349034212231","timestamp":349034212231,"location":"AuraPlayerController.cpp:AbilityInputHeld","message":"Input held","data":{"InputTag":"InputTag.LMB","bRightMouseDown":false},"runId":"run1"}
{"sessionId":"cf25b3","id":"log_349034296253","timestamp":349034296253,"location":"AuraPlayerController.cpp:AbilityInputHeld","message":"Input held","data":{"InputTag":"InputTag.LMB","bRightMouseDown":false},"runId":"run1"}
{"sessionId":"cf25b3","id":"log_349034379427","timestamp":349034379427,"location":"AuraPlayerController.cpp:AbilityInputHeld","message":"Input held","data":{"InputTag":"InputTag.LMB","bRightMouseDown":false},"runId":"run1"}
{"sessionId":"cf25b3","id":"log_349034462039","timestamp":349034462039,"location":"AuraPlayerController.cpp:AbilityInputHeld","message":"Input held","data":{"InputTag":"InputTag.LMB","bRightMouseDown":false},"runId":"run1"}
{"sessionId":"cf25b3","id":"log_349034545283","timestamp":349034545283,"location":"AuraPlayerController.cpp:AbilityInputHeld","message":"Input held","data":{"InputTag":"InputTag.LMB","bRightMouseDown":false},"runId":"run1"}
{"sessionId":"cf25b3","id":"log_349034628551","timestamp":349034628551,"location":"AuraPlayerController.cpp:AbilityInputHeld","message":"Input held","data":{"InputTag":"InputTag.LMB","bRightMouseDown":false},"runId":"run1"}
{"sessionId":"cf25b3","id":"log_349034711986","timestamp":349034711986,"location":"AuraPlayerController.cpp:AbilityInputHeld","message":"Input held","data":{"InputTag":"InputTag.LMB","bRightMouseDown":false},"runId":"run1"}
{"sessionId":"cf25b3","id":"log_349034798682","timestamp":349034798682,"location":"AuraPlayerController.cpp:AbilityInputReleased","message":"Input released","data":{"InputTag":"InputTag.LMB","bRightMouseDown":false},"runId":"run1"}
{"sessionId":"cf25b3","id":"log_349670353600","timestamp":349670353600,"location":"AuraPlayerController.cpp:AbilityInputHeld","message":"Input held","data":{"InputTag":"InputTag.RMB","bRightMouseDown":false},"runId":"run1"}
{"sessionId":"cf25b3","id":"log_349670430965","timestamp":349670430965,"location":"AuraPlayerController.cpp:AbilityInputHeld","message":"Input held","data":{"InputTag":"InputTag.RMB","bRightMouseDown":true},"runId":"run1"}
{"sessionId":"cf25b3","id":"log_349670516304","timestamp":349670516304,"location":"AuraPlayerController.cpp:Look","message":"Look invoked","data":{"x":-0.07000,"y":0.00000,"bRightMouseDown":true,"hypothesisId":"A"},"runId":"run1"}
{"sessionId":"cf25b3","id":"log_349670520584","timestamp":349670520584,"location":"AuraPlayerController.cpp:AbilityInputHeld","message":"Input held","data":{"InputTag":"InputTag.RMB","bRightMouseDown":true},"runId":"run1"}
{"sessionId":"cf25b3","id":"log_349670524523","timestamp":349670524523,"location":"AuraPlayerController.cpp:AbilityInputHeld","message":"Input held","data":{"InputTag":"InputTag.RMB","bRightMouseDown":true},"runId":"run1"}
{"sessionId":"cf25b3","id":"log_349670600663","timestamp":349670600663,"location":"AuraPlayerController.cpp:AbilityInputHeld","message":"Input held","data":{"InputTag":"InputTag.RMB","bRightMouseDown":true},"runId":"run1"}
{"sessionId":"cf25b3","id":"log_349670604621","timestamp":349670604621,"location":"AuraPlayerController.cpp:AbilityInputReleased","message":"Input released","data":{"InputTag":"InputTag.RMB","bRightMouseDown":true},"runId":"run1"}
{"sessionId":"cf25b3","id":"log_349670682909","timestamp":349670682909,"location":"AuraPlayerController.cpp:Look","message":"Look invoked","data":{"x":0.07000,"y":0.00000,"bRightMouseDown":false,"hypothesisId":"A"},"runId":"run1"}
{"sessionId":"cf25b3","id":"log_349670686236","timestamp":349670686236,"location":"AuraPlayerController.cpp:AbilityInputHeld","message":"Input held","data":{"InputTag":"InputTag.RMB","bRightMouseDown":false},"runId":"run1"}
{"sessionId":"cf25b3","id":"log_349670690287","timestamp":349670690287,"location":"AuraPlayerController.cpp:AbilityInputHeld","message":"Input held","data":{"InputTag":"InputTag.RMB","bRightMouseDown":true},"runId":"run1"}
{"sessionId":"cf25b3","id":"log_349670766225","timestamp":349670766225,"location":"AuraPlayerController.cpp:Look","message":"Look invoked","data":{"x":-0.07000,"y":0.00000,"bRightMouseDown":true,"hypothesisId":"A"},"runId":"run1"}
{"sessionId":"cf25b3","id":"log_349670770751","timestamp":349670770751,"location":"AuraPlayerController.cpp:AbilityInputHeld","message":"Input held","data":{"InputTag":"InputTag.RMB","bRightMouseDown":true},"runId":"run1"}
{"sessionId":"cf25b3","id":"log_349670773938","timestamp":349670773938,"location":"AuraPlayerController.cpp:AbilityInputHeld","message":"Input held","data":{"InputTag":"InputTag.RMB","bRightMouseDown":true},"runId":"run1"}
{"sessionId":"cf25b3","id":"log_349670849046","timestamp":349670849046,"location":"AuraPlayerController.cpp:Look","message":"Look invoked","data":{"x":0.07000,"y":0.00000,"bRightMouseDown":true,"hypothesisId":"A"},"runId":"run1"}
{"sessionId":"cf25b3","id":"log_349670852450","timestamp":349670852450,"location":"AuraPlayerController.cpp:AbilityInputHeld","message":"Input held","data":{"InputTag":"InputTag.RMB","bRightMouseDown":true},"runId":"run1"}
{"sessionId":"cf25b3","id":"log_349670855561","timestamp":349670855561,"location":"AuraPlayerController.cpp:AbilityInputHeld","message":"Input held","data":{"InputTag":"InputTag.RMB","bRightMouseDown":true},"runId":"run1"}
{"sessionId":"cf25b3","id":"log_349670932438","timestamp":349670932438,"location":"AuraPlayerController.cpp:Look","message":"Look invoked","data":{"x":-0.14000,"y":0.00000,"bRightMouseDown":true,"hypothesisId":"A"},"runId":"run1"}
{"sessionId":"cf25b3","id":"log_349670936141","timestamp":349670936141,"location":"AuraPlayerController.cpp:AbilityInputHeld","message":"Input held","data":{"InputTag":"InputTag.RMB","bRightMouseDown":true},"runId":"run1"}
{"sessionId":"cf25b3","id":"log_349670940184","timestamp":349670940184,"location":"AuraPlayerController.cpp:AbilityInputHeld","message":"Input held","data":{"InputTag":"InputTag.RMB","bRightMouseDown":true},"runId":"run1"}
{"sessionId":"cf25b3","id":"log_349671016250","timestamp":349671016250,"location":"AuraPlayerController.cpp:Look","message":"Look invoked","data":{"x":-0.21000,"y":0.00000,"bRightMouseDown":true,"hypothesisId":"A"},"runId":"run1"}
{"sessionId":"cf25b3","id":"log_349671019742","timestamp":349671019742,"location":"AuraPlayerController.cpp:AbilityInputHeld","message":"Input held","data":{"InputTag":"InputTag.RMB","bRightMouseDown":true},"runId":"run1"}
{"sessionId":"cf25b3","id":"log_349671022412","timestamp":349671022412,"location":"AuraPlayerController.cpp:AbilityInputHeld","message":"Input held","data":{"InputTag":"InputTag.RMB","bRightMouseDown":true},"runId":"run1"}
{"sessionId":"cf25b3","id":"log_349671099100","timestamp":349671099100,"location":"AuraPlayerController.cpp:Look","message":"Look invoked","data":{"x":-0.21000,"y":0.00000,"bRightMouseDown":true,"hypothesisId":"A"},"runId":"run1"}
{"sessionId":"cf25b3","id":"log_349671102853","timestamp":349671102853,"location":"AuraPlayerController.cpp:AbilityInputHeld","message":"Input held","data":{"InputTag":"InputTag.RMB","bRightMouseDown":true},"runId":"run1"}
{"sessionId":"cf25b3","id":"log_349671106985","timestamp":349671106985,"location":"AuraPlayerController.cpp:AbilityInputHeld","message":"Input held","data":{"InputTag":"InputTag.RMB","bRightMouseDown":true},"runId":"run1"}
{"sessionId":"cf25b3","id":"log_349671182662","timestamp":349671182662,"location":"AuraPlayerController.cpp:Look","message":"Look invoked","data":{"x":-0.21000,"y":0.00000,"bRightMouseDown":true,"hypothesisId":"A"},"runId":"run1"}
{"sessionId":"cf25b3","id":"log_349671187046","timestamp":349671187046,"location":"AuraPlayerController.cpp:AbilityInputHeld","message":"Input held","data":{"InputTag":"InputTag.RMB","bRightMouseDown":true},"runId":"run1"}
{"sessionId":"cf25b3","id":"log_349671190381","timestamp":349671190381,"location":"AuraPlayerController.cpp:AbilityInputHeld","message":"Input held","data":{"InputTag":"InputTag.RMB","bRightMouseDown":true},"runId":"run1"}
{"sessionId":"cf25b3","id":"log_349671266367","timestamp":349671266367,"location":"AuraPlayerController.cpp:Look","message":"Look invoked","data":{"x":-0.42000,"y":0.00000,"bRightMouseDown":true,"hypothesisId":"A"},"runId":"run1"}
{"sessionId":"cf25b3","id":"log_349671270239","timestamp":349671270239,"location":"AuraPlayerController.cpp:AbilityInputHeld","message":"Input held","data":{"InputTag":"InputTag.RMB","bRightMouseDown":true},"runId":"run1"}
{"sessionId":"cf25b3","id":"log_349671272841","timestamp":349671272841,"location":"AuraPlayerController.cpp:AbilityInputHeld","message":"Input held","data":{"InputTag":"InputTag.RMB","bRightMouseDown":true},"runId":"run1"}
{"sessionId":"cf25b3","id":"log_349671348910","timestamp":349671348910,"location":"AuraPlayerController.cpp:Look","message":"Look invoked","data":{"x":-0.28000,"y":0.00000,"bRightMouseDown":true,"hypothesisId":"A"},"runId":"run1"}
{"sessionId":"cf25b3","id":"log_349671352286","timestamp":349671352286,"location":"AuraPlayerController.cpp:AbilityInputHeld","message":"Input held","data":{"InputTag":"InputTag.RMB","bRightMouseDown":true},"runId":"run1"}
{"sessionId":"cf25b3","id":"log_349671355369","timestamp":349671355369,"location":"AuraPlayerController.cpp:AbilityInputHeld","message":"Input held","data":{"InputTag":"InputTag.RMB","bRightMouseDown":true},"runId":"run1"}
{"sessionId":"cf25b3","id":"log_349671432415","timestamp":349671432415,"location":"AuraPlayerController.cpp:Look","message":"Look invoked","data":{"x":-0.35000,"y":0.00000,"bRightMouseDown":true,"hypothesisId":"A"},"runId":"run1"}
{"sessionId":"cf25b3","id":"log_349671436905","timestamp":349671436905,"location":"AuraPlayerController.cpp:AbilityInputHeld","message":"Input held","data":{"InputTag":"InputTag.RMB","bRightMouseDown":true},"runId":"run1"}
{"sessionId":"cf25b3","id":"log_349671440234","timestamp":349671440234,"location":"AuraPlayerController.cpp:AbilityInputHeld","message":"Input held","data":{"InputTag":"InputTag.RMB","bRightMouseDown":true},"runId":"run1"}
{"sessionId":"cf25b3","id":"log_349671518602","timestamp":349671518602,"location":"AuraPlayerController.cpp:Look","message":"Look invoked","data":{"x":-0.49000,"y":0.00000,"bRightMouseDown":true,"hypothesisId":"A"},"runId":"run1"}
{"sessionId":"cf25b3","id":"log_349671522862","timestamp":349671522862,"location":"AuraPlayerController.cpp:AbilityInputHeld","message":"Input held","data":{"InputTag":"InputTag.RMB","bRightMouseDown":true},"runId":"run1"}
{"sessionId":"cf25b3","id":"log_349671527172","timestamp":349671527172,"location":"AuraPlayerController.cpp:AbilityInputHeld","message":"Input held","data":{"InputTag":"InputTag.RMB","bRightMouseDown":true},"runId":"run1"}
{"sessionId":"cf25b3","id":"log_349671598966","timestamp":349671598966,"location":"AuraPlayerController.cpp:Look","message":"Look invoked","data":{"x":-0.28000,"y":0.00000,"bRightMouseDown":true,"hypothesisId":"A"},"runId":"run1"}
{"sessionId":"cf25b3","id":"log_349671602577","timestamp":349671602577,"location":"AuraPlayerController.cpp:AbilityInputHeld","message":"Input held","data":{"InputTag":"InputTag.RMB","bRightMouseDown":true},"runId":"run1"}
{"sessionId":"cf25b3","id":"log_349671606393","timestamp":349671606393,"location":"AuraPlayerController.cpp:AbilityInputHeld","message":"Input held","data":{"InputTag":"InputTag.RMB","bRightMouseDown":true},"runId":"run1"}
{"sessionId":"cf25b3","id":"log_349671684626","timestamp":349671684626,"location":"AuraPlayerController.cpp:Look","message":"Look invoked","data":{"x":-0.28000,"y":0.00000,"bRightMouseDown":true,"hypothesisId":"A"},"runId":"run1"}
{"sessionId":"cf25b3","id":"log_349671688374","timestamp":349671688374,"location":"AuraPlayerController.cpp:AbilityInputHeld","message":"Input held","data":{"InputTag":"InputTag.RMB","bRightMouseDown":true},"runId":"run1"}
{"sessionId":"cf25b3","id":"log_349671691480","timestamp":349671691480,"location":"AuraPlayerController.cpp:AbilityInputHeld","message":"Input held","data":{"InputTag":"InputTag.RMB","bRightMouseDown":true},"runId":"run1"}
{"sessionId":"cf25b3","id":"log_349671766180","timestamp":349671766180,"location":"AuraPlayerController.cpp:Look","message":"Look invoked","data":{"x":-0.35000,"y":0.00000,"bRightMouseDown":true,"hypothesisId":"A"},"runId":"run1"}
{"sessionId":"cf25b3","id":"log_349671772283","timestamp":349671772283,"location":"AuraPlayerController.cpp:AbilityInputHeld","message":"Input held","data":{"InputTag":"InputTag.RMB","bRightMouseDown":true},"runId":"run1"}
{"sessionId":"cf25b3","id":"log_349671775677","timestamp":349671775677,"location":"AuraPlayerController.cpp:AbilityInputHeld","message":"Input held","data":{"InputTag":"InputTag.RMB","bRightMouseDown":true},"runId":"run1"}
{"sessionId":"cf25b3","id":"log_349671849048","timestamp":349671849048,"location":"AuraPlayerController.cpp:Look","message":"Look invoked","data":{"x":-0.21000,"y":0.00000,"bRightMouseDown":true,"hypothesisId":"A"},"runId":"run1"}
{"sessionId":"cf25b3","id":"log_349671852489","timestamp":349671852489,"location":"AuraPlayerController.cpp:AbilityInputHeld","message":"Input held","data":{"InputTag":"InputTag.RMB","bRightMouseDown":true},"runId":"run1"}
{"sessionId":"cf25b3","id":"log_349671856121","timestamp":349671856121,"location":"AuraPlayerController.cpp:AbilityInputHeld","message":"Input held","data":{"InputTag":"InputTag.RMB","bRightMouseDown":true},"runId":"run1"}
{"sessionId":"cf25b3","id":"log_349671932548","timestamp":349671932548,"location":"AuraPlayerController.cpp:Look","message":"Look invoked","data":{"x":-0.21000,"y":0.00000,"bRightMouseDown":true,"hypothesisId":"A"},"runId":"run1"}
{"sessionId":"cf25b3","id":"log_349671935915","timestamp":349671935915,"location":"AuraPlayerController.cpp:AbilityInputHeld","message":"Input held","data":{"InputTag":"InputTag.RMB","bRightMouseDown":true},"runId":"run1"}
{"sessionId":"cf25b3","id":"log_349671940300","timestamp":349671940300,"location":"AuraPlayerController.cpp:AbilityInputHeld","message":"Input held","data":{"InputTag":"InputTag.RMB","bRightMouseDown":true},"runId":"run1"}
{"sessionId":"cf25b3","id":"log_349672015862","timestamp":349672015862,"location":"AuraPlayerController.cpp:Look","message":"Look invoked","data":{"x":-0.21000,"y":0.00000,"bRightMouseDown":true,"hypothesisId":"A"},"runId":"run1"}
{"sessionId":"cf25b3","id":"log_349672020156","timestamp":349672020156,"location":"AuraPlayerController.cpp:AbilityInputHeld","message":"Input held","data":{"InputTag":"InputTag.RMB","bRightMouseDown":true},"runId":"run1"}
{"sessionId":"cf25b3","id":"log_349672023527","timestamp":349672023527,"location":"AuraPlayerController.cpp:AbilityInputHeld","message":"Input held","data":{"InputTag":"InputTag.RMB","bRightMouseDown":true},"runId":"run1"}
{"sessionId":"cf25b3","id":"log_349672099078","timestamp":349672099078,"location":"AuraPlayerController.cpp:Look","message":"Look invoked","data":{"x":0.07000,"y":0.00000,"bRightMouseDown":true,"hypothesisId":"A"},"runId":"run1"}
{"sessionId":"cf25b3","id":"log_349672102735","timestamp":349672102735,"location":"AuraPlayerController.cpp:AbilityInputHeld","message":"Input held","data":{"InputTag":"InputTag.RMB","bRightMouseDown":true},"runId":"run1"}
{"sessionId":"cf25b3","id":"log_349672106151","timestamp":349672106151,"location":"AuraPlayerController.cpp:AbilityInputHeld","message":"Input held","data":{"InputTag":"InputTag.RMB","bRightMouseDown":true},"runId":"run1"}
{"sessionId":"cf25b3","id":"log_349672182494","timestamp":349672182494,"location":"AuraPlayerController.cpp:Look","message":"Look invoked","data":{"x":-0.14000,"y":0.00000,"bRightMouseDown":true,"hypothesisId":"A"},"runId":"run1"}
{"sessionId":"cf25b3","id":"log_349672186024","timestamp":349672186024,"location":"AuraPlayerController.cpp:AbilityInputHeld","message":"Input held","data":{"InputTag":"InputTag.RMB","bRightMouseDown":true},"runId":"run1"}
{"sessionId":"cf25b3","id":"log_349672189392","timestamp":349672189392,"location":"AuraPlayerController.cpp:AbilityInputHeld","message":"Input held","data":{"InputTag":"InputTag.RMB","bRightMouseDown":true},"runId":"run1"}
{"sessionId":"cf25b3","id":"log_349672265770","timestamp":349672265770,"location":"AuraPlayerController.cpp:Look","message":"Look invoked","data":{"x":-0.21000,"y":0.00000,"bRightMouseDown":true,"hypothesisId":"A"},"runId":"run1"}
{"sessionId":"cf25b3","id":"log_349672269358","timestamp":349672269358,"location":"AuraPlayerController.cpp:AbilityInputHeld","message":"Input held","data":{"InputTag":"InputTag.RMB","bRightMouseDown":true},"runId":"run1"}
{"sessionId":"cf25b3","id":"log_349672272806","timestamp":349672272806,"location":"AuraPlayerController.cpp:AbilityInputHeld","message":"Input held","data":{"InputTag":"InputTag.RMB","bRightMouseDown":true},"runId":"run1"}
{"sessionId":"cf25b3","id":"log_349672349045","timestamp":349672349045,"location":"AuraPlayerController.cpp:Look","message":"Look invoked","data":{"x":-0.14000,"y":0.00000,"bRightMouseDown":true,"hypothesisId":"A"},"runId":"run1"}
{"sessionId":"cf25b3","id":"log_349672352468","timestamp":349672352468,"location":"AuraPlayerController.cpp:AbilityInputHeld","message":"Input held","data":{"InputTag":"InputTag.RMB","bRightMouseDown":true},"runId":"run1"}
{"sessionId":"cf25b3","id":"log_349672356040","timestamp":349672356040,"location":"AuraPlayerController.cpp:AbilityInputHeld","message":"Input held","data":{"InputTag":"InputTag.RMB","bRightMouseDown":true},"runId":"run1"}
{"sessionId":"cf25b3","id":"log_349672432706","timestamp":349672432706,"location":"AuraPlayerController.cpp:Look","message":"Look invoked","data":{"x":-0.14000,"y":0.00000,"bRightMouseDown":true,"hypothesisId":"A"},"runId":"run1"}
{"sessionId":"cf25b3","id":"log_349672436024","timestamp":349672436024,"location":"AuraPlayerController.cpp:AbilityInputHeld","message":"Input held","data":{"InputTag":"InputTag.RMB","bRightMouseDown":true},"runId":"run1"}
{"sessionId":"cf25b3","id":"log_349672439087","timestamp":349672439087,"location":"AuraPlayerController.cpp:AbilityInputHeld","message":"Input held","data":{"InputTag":"InputTag.RMB","bRightMouseDown":true},"runId":"run1"}
{"sessionId":"cf25b3","id":"log_349672516012","timestamp":349672516012,"location":"AuraPlayerController.cpp:Look","message":"Look invoked","data":{"x":-0.28000,"y":0.00000,"bRightMouseDown":true,"hypothesisId":"A"},"runId":"run1"}
{"sessionId":"cf25b3","id":"log_349672519365","timestamp":349672519365,"location":"AuraPlayerController.cpp:AbilityInputHeld","message":"Input held","data":{"InputTag":"InputTag.RMB","bRightMouseDown":true},"runId":"run1"}
{"sessionId":"cf25b3","id":"log_349672522757","timestamp":349672522757,"location":"AuraPlayerController.cpp:AbilityInputHeld","message":"Input held","data":{"InputTag":"InputTag.RMB","bRightMouseDown":true},"runId":"run1"}
{"sessionId":"cf25b3","id":"log_349672599101","timestamp":349672599101,"location":"AuraPlayerController.cpp:Look","message":"Look invoked","data":{"x":0.14000,"y":0.00000,"bRightMouseDown":true,"hypothesisId":"A"},"runId":"run1"}
{"sessionId":"cf25b3","id":"log_349672603051","timestamp":349672603051,"location":"AuraPlayerController.cpp:AbilityInputHeld","message":"Input held","data":{"InputTag":"InputTag.RMB","bRightMouseDown":true},"runId":"run1"}
{"sessionId":"cf25b3","id":"log_349672607484","timestamp":349672607484,"location":"AuraPlayerController.cpp:AbilityInputHeld","message":"Input held","data":{"InputTag":"InputTag.RMB","bRightMouseDown":true},"runId":"run1"}
{"sessionId":"cf25b3","id":"log_349672682765","timestamp":349672682765,"location":"AuraPlayerController.cpp:Look","message":"Look invoked","data":{"x":-0.21000,"y":0.00000,"bRightMouseDown":true,"hypothesisId":"A"},"runId":"run1"}
{"sessionId":"cf25b3","id":"log_349672686203","timestamp":349672686203,"location":"AuraPlayerController.cpp:AbilityInputHeld","message":"Input held","data":{"InputTag":"InputTag.RMB","bRightMouseDown":true},"runId":"run1"}
{"sessionId":"cf25b3","id":"log_349672689550","timestamp":349672689550,"location":"AuraPlayerController.cpp:AbilityInputHeld","message":"Input held","data":{"InputTag":"InputTag.RMB","bRightMouseDown":true},"runId":"run1"}
{"sessionId":"cf25b3","id":"log_349672766688","timestamp":349672766688,"location":"AuraPlayerController.cpp:Look","message":"Look invoked","data":{"x":-0.35000,"y":0.00000,"bRightMouseDown":true,"hypothesisId":"A"},"runId":"run1"}
{"sessionId":"cf25b3","id":"log_349672771487","timestamp":349672771487,"location":"AuraPlayerController.cpp:AbilityInputHeld","message":"Input held","data":{"InputTag":"InputTag.RMB","bRightMouseDown":true},"runId":"run1"}
{"sessionId":"cf25b3","id":"log_349672775240","timestamp":349672775240,"location":"AuraPlayerController.cpp:AbilityInputHeld","message":"Input held","data":{"InputTag":"InputTag.RMB","bRightMouseDown":true},"runId":"run1"}
{"sessionId":"cf25b3","id":"log_349672851498","timestamp":349672851498,"location":"AuraPlayerController.cpp:Look","message":"Look invoked","data":{"x":-0.14000,"y":0.00000,"bRightMouseDown":true,"hypothesisId":"A"},"runId":"run1"}
{"sessionId":"cf25b3","id":"log_349672854784","timestamp":349672854784,"location":"AuraPlayerController.cpp:AbilityInputHeld","message":"Input held","data":{"InputTag":"InputTag.RMB","bRightMouseDown":true},"runId":"run1"}
{"sessionId":"cf25b3","id":"log_349672859362","timestamp":349672859362,"location":"AuraPlayerController.cpp:AbilityInputHeld","message":"Input held","data":{"InputTag":"InputTag.RMB","bRightMouseDown":true},"runId":"run1"}
{"sessionId":"cf25b3","id":"log_349672932908","timestamp":349672932908,"location":"AuraPlayerController.cpp:Look","message":"Look invoked","data":{"x":-0.21000,"y":0.00000,"bRightMouseDown":true,"hypothesisId":"A"},"runId":"run1"}
{"sessionId":"cf25b3","id":"log_349672936982","timestamp":349672936982,"location":"AuraPlayerController.cpp:AbilityInputHeld","message":"Input held","data":{"InputTag":"InputTag.RMB","bRightMouseDown":true},"runId":"run1"}
{"sessionId":"cf25b3","id":"log_349672940118","timestamp":349672940118,"location":"AuraPlayerController.cpp:AbilityInputHeld","message":"Input held","data":{"InputTag":"InputTag.RMB","bRightMouseDown":true},"runId":"run1"}
{"sessionId":"cf25b3","id":"log_349673015892","timestamp":349673015892,"location":"AuraPlayerController.cpp:Look","message":"Look invoked","data":{"x":-0.42000,"y":0.00000,"bRightMouseDown":true,"hypothesisId":"A"},"runId":"run1"}
{"sessionId":"cf25b3","id":"log_349673019258","timestamp":349673019258,"location":"AuraPlayerController.cpp:AbilityInputHeld","message":"Input held","data":{"InputTag":"InputTag.RMB","bRightMouseDown":true},"runId":"run1"}
{"sessionId":"cf25b3","id":"log_349673023274","timestamp":349673023274,"location":"AuraPlayerController.cpp:AbilityInputHeld","message":"Input held","data":{"InputTag":"InputTag.RMB","bRightMouseDown":true},"runId":"run1"}
{"sessionId":"cf25b3","id":"log_349673100733","timestamp":349673100733,"location":"AuraPlayerController.cpp:Look","message":"Look invoked","data":{"x":-0.21000,"y":0.00000,"bRightMouseDown":true,"hypothesisId":"A"},"runId":"run1"}
{"sessionId":"cf25b3","id":"log_349673104137","timestamp":349673104137,"location":"AuraPlayerController.cpp:AbilityInputHeld","message":"Input held","data":{"InputTag":"InputTag.RMB","bRightMouseDown":true},"runId":"run1"}
{"sessionId":"cf25b3","id":"log_349673106842","timestamp":349673106842,"location":"AuraPlayerController.cpp:AbilityInputHeld","message":"Input held","data":{"InputTag":"InputTag.RMB","bRightMouseDown":true},"runId":"run1"}
{"sessionId":"cf25b3","id":"log_349673182437","timestamp":349673182437,"location":"AuraPlayerController.cpp:Look","message":"Look invoked","data":{"x":-0.21000,"y":0.00000,"bRightMouseDown":true,"hypothesisId":"A"},"runId":"run1"}
{"sessionId":"cf25b3","id":"log_349673186709","timestamp":349673186709,"location":"AuraPlayerController.cpp:AbilityInputHeld","message":"Input held","data":{"InputTag":"InputTag.RMB","bRightMouseDown":true},"runId":"run1"}
{"sessionId":"cf25b3","id":"log_349673190290","timestamp":349673190290,"location":"AuraPlayerController.cpp:AbilityInputHeld","message":"Input held","data":{"InputTag":"InputTag.RMB","bRightMouseDown":true},"runId":"run1"}
{"sessionId":"cf25b3","id":"log_349673267030","timestamp":349673267030,"location":"AuraPlayerController.cpp:Look","message":"Look invoked","data":{"x":-0.42000,"y":0.00000,"bRightMouseDown":true,"hypothesisId":"A"},"runId":"run1"}
{"sessionId":"cf25b3","id":"log_349673270550","timestamp":349673270550,"location":"AuraPlayerController.cpp:AbilityInputHeld","message":"Input held","data":{"InputTag":"InputTag.RMB","bRightMouseDown":true},"runId":"run1"}
{"sessionId":"cf25b3","id":"log_349673274253","timestamp":349673274253,"location":"AuraPlayerController.cpp:AbilityInputHeld","message":"Input held","data":{"InputTag":"InputTag.RMB","bRightMouseDown":true},"runId":"run1"}
{"sessionId":"cf25b3","id":"log_349673349860","timestamp":349673349860,"location":"AuraPlayerController.cpp:Look","message":"Look invoked","data":{"x":-0.35000,"y":0.00000,"bRightMouseDown":true,"hypothesisId":"A"},"runId":"run1"}
{"sessionId":"cf25b3","id":"log_349673353683","timestamp":349673353683,"location":"AuraPlayerController.cpp:AbilityInputHeld","message":"Input held","data":{"InputTag":"InputTag.RMB","bRightMouseDown":true},"runId":"run1"}
{"sessionId":"cf25b3","id":"log_349673357579","timestamp":349673357579,"location":"AuraPlayerController.cpp:AbilityInputHeld","message":"Input held","data":{"InputTag":"InputTag.RMB","bRightMouseDown":true},"runId":"run1"}
{"sessionId":"cf25b3","id":"log_349673433333","timestamp":349673433333,"location":"AuraPlayerController.cpp:Look","message":"Look invoked","data":{"x":-0.35000,"y":0.00000,"bRightMouseDown":true,"hypothesisId":"A"},"runId":"run1"}
{"sessionId":"cf25b3","id":"log_349673436997","timestamp":349673436997,"location":"AuraPlayerController.cpp:AbilityInputHeld","message":"Input held","data":{"InputTag":"InputTag.RMB","bRightMouseDown":true},"runId":"run1"}
{"sessionId":"cf25b3","id":"log_349673441620","timestamp":349673441620,"location":"AuraPlayerController.cpp:AbilityInputHeld","message":"Input held","data":{"InputTag":"InputTag.RMB","bRightMouseDown":true},"runId":"run1"}
{"sessionId":"cf25b3","id":"log_349673516986","timestamp":349673516986,"location":"AuraPlayerController.cpp:Look","message":"Look invoked","data":{"x":-0.70000,"y":0.00000,"bRightMouseDown":true,"hypothesisId":"A"},"runId":"run1"}
{"sessionId":"cf25b3","id":"log_349673521599","timestamp":349673521599,"location":"AuraPlayerController.cpp:AbilityInputHeld","message":"Input held","data":{"InputTag":"InputTag.RMB","bRightMouseDown":true},"runId":"run1"}
{"sessionId":"cf25b3","id":"log_349673525517","timestamp":349673525517,"location":"AuraPlayerController.cpp:AbilityInputHeld","message":"Input held","data":{"InputTag":"InputTag.RMB","bRightMouseDown":true},"runId":"run1"}
{"sessionId":"cf25b3","id":"log_349673600169","timestamp":349673600169,"location":"AuraPlayerController.cpp:Look","message":"Look invoked","data":{"x":-0.35000,"y":0.00000,"bRightMouseDown":true,"hypothesisId":"A"},"runId":"run1"}
{"sessionId":"cf25b3","id":"log_349673604543","timestamp":349673604543,"location":"AuraPlayerController.cpp:AbilityInputHeld","message":"Input held","data":{"InputTag":"InputTag.RMB","bRightMouseDown":true},"runId":"run1"}
{"sessionId":"cf25b3","id":"log_349673608823","timestamp":349673608823,"location":"AuraPlayerController.cpp:AbilityInputHeld","message":"Input held","data":{"InputTag":"InputTag.RMB","bRightMouseDown":true},"runId":"run1"}
{"sessionId":"cf25b3","id":"log_349673684264","timestamp":349673684264,"location":"AuraPlayerController.cpp:Look","message":"Look invoked","data":{"x":-0.56000,"y":0.00000,"bRightMouseDown":true,"hypothesisId":"A"},"runId":"run1"}
{"sessionId":"cf25b3","id":"log_349673688724","timestamp":349673688724,"location":"AuraPlayerController.cpp:AbilityInputHeld","message":"Input held","data":{"InputTag":"InputTag.RMB","bRightMouseDown":true},"runId":"run1"}
{"sessionId":"cf25b3","id":"log_349673692094","timestamp":349673692094,"location":"AuraPlayerController.cpp:AbilityInputHeld","message":"Input held","data":{"InputTag":"InputTag.RMB","bRightMouseDown":true},"runId":"run1"}
{"sessionId":"cf25b3","id":"log_349673766217","timestamp":349673766217,"location":"AuraPlayerController.cpp:Look","message":"Look invoked","data":{"x":-0.70000,"y":0.00000,"bRightMouseDown":true,"hypothesisId":"A"},"runId":"run1"}
{"sessionId":"cf25b3","id":"log_349673770462","timestamp":349673770462,"location":"AuraPlayerController.cpp:AbilityInputHeld","message":"Input held","data":{"InputTag":"InputTag.RMB","bRightMouseDown":true},"runId":"run1"}
{"sessionId":"cf25b3","id":"log_349673774772","timestamp":349673774772,"location":"AuraPlayerController.cpp:AbilityInputHeld","message":"Input held","data":{"InputTag":"InputTag.RMB","bRightMouseDown":true},"runId":"run1"}
{"sessionId":"cf25b3","id":"log_349673849057","timestamp":349673849057,"location":"AuraPlayerController.cpp:Look","message":"Look invoked","data":{"x":-0.35000,"y":0.00000,"bRightMouseDown":true,"hypothesisId":"A"},"runId":"run1"}
{"sessionId":"cf25b3","id":"log_349673853699","timestamp":349673853699,"location":"AuraPlayerController.cpp:AbilityInputHeld","message":"Input held","data":{"InputTag":"InputTag.RMB","bRightMouseDown":true},"runId":"run1"}
{"sessionId":"cf25b3","id":"log_349673858513","timestamp":349673858513,"location":"AuraPlayerController.cpp:AbilityInputHeld","message":"Input held","data":{"InputTag":"InputTag.RMB","bRightMouseDown":true},"runId":"run1"}
{"sessionId":"cf25b3","id":"log_349673932935","timestamp":349673932935,"location":"AuraPlayerController.cpp:Look","message":"Look invoked","data":{"x":-0.42000,"y":0.00000,"bRightMouseDown":true,"hypothesisId":"A"},"runId":"run1"}
{"sessionId":"cf25b3","id":"log_349673937116","timestamp":349673937116,"location":"AuraPlayerController.cpp:AbilityInputHeld","message":"Input held","data":{"InputTag":"InputTag.RMB","bRightMouseDown":true},"runId":"run1"}
{"sessionId":"cf25b3","id":"log_349673940578","timestamp":349673940578,"location":"AuraPlayerController.cpp:AbilityInputHeld","message":"Input held","data":{"InputTag":"InputTag.RMB","bRightMouseDown":true},"runId":"run1"}
{"sessionId":"cf25b3","id":"log_349674017064","timestamp":349674017064,"location":"AuraPlayerController.cpp:Look","message":"Look invoked","data":{"x":-0.56000,"y":0.00000,"bRightMouseDown":true,"hypothesisId":"A"},"runId":"run1"}
{"sessionId":"cf25b3","id":"log_349674020962","timestamp":349674020962,"location":"AuraPlayerController.cpp:AbilityInputHeld","message":"Input held","data":{"InputTag":"InputTag.RMB","bRightMouseDown":true},"runId":"run1"}
{"sessionId":"cf25b3","id":"log_349674024678","timestamp":349674024678,"location":"AuraPlayerController.cpp:AbilityInputHeld","message":"Input held","data":{"InputTag":"InputTag.RMB","bRightMouseDown":true},"runId":"run1"}
{"sessionId":"cf25b3","id":"log_349674099840","timestamp":349674099840,"location":"AuraPlayerController.cpp:Look","message":"Look invoked","data":{"x":-0.21000,"y":0.00000,"bRightMouseDown":true,"hypothesisId":"A"},"runId":"run1"}
{"sessionId":"cf25b3","id":"log_349674103395","timestamp":349674103395,"location":"AuraPlayerController.cpp:AbilityInputHeld","message":"Input held","data":{"InputTag":"InputTag.RMB","bRightMouseDown":true},"runId":"run1"}
{"sessionId":"cf25b3","id":"log_349674106879","timestamp":349674106879,"location":"AuraPlayerController.cpp:AbilityInputHeld","message":"Input held","data":{"InputTag":"InputTag.RMB","bRightMouseDown":true},"runId":"run1"}
{"sessionId":"cf25b3","id":"log_349674183536","timestamp":349674183536,"location":"AuraPlayerController.cpp:Look","message":"Look invoked","data":{"x":-0.28000,"y":0.00000,"bRightMouseDown":true,"hypothesisId":"A"},"runId":"run1"}
{"sessionId":"cf25b3","id":"log_349674187594","timestamp":349674187594,"location":"AuraPlayerController.cpp:AbilityInputHeld","message":"Input held","data":{"InputTag":"InputTag.RMB","bRightMouseDown":true},"runId":"run1"}
{"sessionId":"cf25b3","id":"log_349674192160","timestamp":349674192160,"location":"AuraPlayerController.cpp:AbilityInputHeld","message":"Input held","data":{"InputTag":"InputTag.RMB","bRightMouseDown":true},"runId":"run1"}
{"sessionId":"cf25b3","id":"log_349674266781","timestamp":349674266781,"location":"AuraPlayerController.cpp:Look","message":"Look invoked","data":{"x":-0.35000,"y":0.00000,"bRightMouseDown":true,"hypothesisId":"A"},"runId":"run1"}
{"sessionId":"cf25b3","id":"log_349674270686","timestamp":349674270686,"location":"AuraPlayerController.cpp:AbilityInputHeld","message":"Input held","data":{"InputTag":"InputTag.RMB","bRightMouseDown":true},"runId":"run1"}
{"sessionId":"cf25b3","id":"log_349674274298","timestamp":349674274298,"location":"AuraPlayerController.cpp:AbilityInputHeld","message":"Input held","data":{"InputTag":"InputTag.RMB","bRightMouseDown":true},"runId":"run1"}
{"sessionId":"cf25b3","id":"log_349674349747","timestamp":349674349747,"location":"AuraPlayerController.cpp:Look","message":"Look invoked","data":{"x":-0.21000,"y":0.00000,"bRightMouseDown":true,"hypothesisId":"A"},"runId":"run1"}
{"sessionId":"cf25b3","id":"log_349674353966","timestamp":349674353966,"location":"AuraPlayerController.cpp:AbilityInputHeld","message":"Input held","data":{"InputTag":"InputTag.RMB","bRightMouseDown":true},"runId":"run1"}
{"sessionId":"cf25b3","id":"log_349674358381","timestamp":349674358381,"location":"AuraPlayerController.cpp:AbilityInputHeld","message":"Input held","data":{"InputTag":"InputTag.RMB","bRightMouseDown":true},"runId":"run1"}
{"sessionId":"cf25b3","id":"log_349674433719","timestamp":349674433719,"location":"AuraPlayerController.cpp:Look","message":"Look invoked","data":{"x":-0.14000,"y":0.00000,"bRightMouseDown":true,"hypothesisId":"A"},"runId":"run1"}
{"sessionId":"cf25b3","id":"log_349674437754","timestamp":349674437754,"location":"AuraPlayerController.cpp:AbilityInputHeld","message":"Input held","data":{"InputTag":"InputTag.RMB","bRightMouseDown":true},"runId":"run1"}
{"sessionId":"cf25b3","id":"log_349674441834","timestamp":349674441834,"location":"AuraPlayerController.cpp:AbilityInputHeld","message":"Input held","data":{"InputTag":"InputTag.RMB","bRightMouseDown":true},"runId":"run1"}
{"sessionId":"cf25b3","id":"log_349674518945","timestamp":349674518945,"location":"AuraPlayerController.cpp:Look","message":"Look invoked","data":{"x":-0.35000,"y":0.00000,"bRightMouseDown":true,"hypothesisId":"A"},"runId":"run1"}
{"sessionId":"cf25b3","id":"log_349674523060","timestamp":349674523060,"location":"AuraPlayerController.cpp:AbilityInputHeld","message":"Input held","data":{"InputTag":"InputTag.RMB","bRightMouseDown":true},"runId":"run1"}
{"sessionId":"cf25b3","id":"log_349674526778","timestamp":349674526778,"location":"AuraPlayerController.cpp:AbilityInputHeld","message":"Input held","data":{"InputTag":"InputTag.RMB","bRightMouseDown":true},"runId":"run1"}
{"sessionId":"cf25b3","id":"log_349674599824","timestamp":349674599824,"location":"AuraPlayerController.cpp:Look","message":"Look invoked","data":{"x":0.14000,"y":0.00000,"bRightMouseDown":true,"hypothesisId":"A"},"runId":"run1"}
{"sessionId":"cf25b3","id":"log_349674604457","timestamp":349674604457,"location":"AuraPlayerController.cpp:AbilityInputHeld","message":"Input held","data":{"InputTag":"InputTag.RMB","bRightMouseDown":true},"runId":"run1"}
{"sessionId":"cf25b3","id":"log_349674608380","timestamp":349674608380,"location":"AuraPlayerController.cpp:AbilityInputHeld","message":"Input held","data":{"InputTag":"InputTag.RMB","bRightMouseDown":true},"runId":"run1"}
{"sessionId":"cf25b3","id":"log_349674683446","timestamp":349674683446,"location":"AuraPlayerController.cpp:Look","message":"Look invoked","data":{"x":-0.21000,"y":0.00000,"bRightMouseDown":true,"hypothesisId":"A"},"runId":"run1"}
{"sessionId":"cf25b3","id":"log_349674687644","timestamp":349674687644,"location":"AuraPlayerController.cpp:AbilityInputHeld","message":"Input held","data":{"InputTag":"InputTag.RMB","bRightMouseDown":true},"runId":"run1"}
{"sessionId":"cf25b3","id":"log_349674690862","timestamp":349674690862,"location":"AuraPlayerController.cpp:AbilityInputHeld","message":"Input held","data":{"InputTag":"InputTag.RMB","bRightMouseDown":true},"runId":"run1"}
{"sessionId":"cf25b3","id":"log_349674766247","timestamp":349674766247,"location":"AuraPlayerController.cpp:Look","message":"Look invoked","data":{"x":-0.28000,"y":0.00000,"bRightMouseDown":true,"hypothesisId":"A"},"runId":"run1"}
{"sessionId":"cf25b3","id":"log_349674770401","timestamp":349674770401,"location":"AuraPlayerController.cpp:AbilityInputHeld","message":"Input held","data":{"InputTag":"InputTag.RMB","bRightMouseDown":true},"runId":"run1"}
{"sessionId":"cf25b3","id":"log_349674774028","timestamp":349674774028,"location":"AuraPlayerController.cpp:AbilityInputHeld","message":"Input held","data":{"InputTag":"InputTag.RMB","bRightMouseDown":true},"runId":"run1"}
{"sessionId":"cf25b3","id":"log_349674849951","timestamp":349674849951,"location":"AuraPlayerController.cpp:Look","message":"Look invoked","data":{"x":-0.14000,"y":0.00000,"bRightMouseDown":true,"hypothesisId":"A"},"runId":"run1"}
{"sessionId":"cf25b3","id":"log_349674854234","timestamp":349674854234,"location":"AuraPlayerController.cpp:AbilityInputHeld","message":"Input held","data":{"InputTag":"InputTag.RMB","bRightMouseDown":true},"runId":"run1"}
{"sessionId":"cf25b3","id":"log_349674857712","timestamp":349674857712,"location":"AuraPlayerController.cpp:AbilityInputHeld","message":"Input held","data":{"InputTag":"InputTag.RMB","bRightMouseDown":true},"runId":"run1"}
{"sessionId":"cf25b3","id":"log_349674934502","timestamp":349674934502,"location":"AuraPlayerController.cpp:Look","message":"Look invoked","data":{"x":-0.14000,"y":0.00000,"bRightMouseDown":true,"hypothesisId":"A"},"runId":"run1"}
{"sessionId":"cf25b3","id":"log_349674938103","timestamp":349674938103,"location":"AuraPlayerController.cpp:AbilityInputHeld","message":"Input held","data":{"InputTag":"InputTag.RMB","bRightMouseDown":true},"runId":"run1"}
{"sessionId":"cf25b3","id":"log_349674941384","timestamp":349674941384,"location":"AuraPlayerController.cpp:AbilityInputHeld","message":"Input held","data":{"InputTag":"InputTag.RMB","bRightMouseDown":true},"runId":"run1"}
{"sessionId":"cf25b3","id":"log_349675016833","timestamp":349675016833,"location":"AuraPlayerController.cpp:Look","message":"Look invoked","data":{"x":-0.14000,"y":0.00000,"bRightMouseDown":true,"hypothesisId":"A"},"runId":"run1"}
{"sessionId":"cf25b3","id":"log_349675021027","timestamp":349675021027,"location":"AuraPlayerController.cpp:AbilityInputHeld","message":"Input held","data":{"InputTag":"InputTag.RMB","bRightMouseDown":true},"runId":"run1"}
{"sessionId":"cf25b3","id":"log_349675023862","timestamp":349675023862,"location":"AuraPlayerController.cpp:AbilityInputHeld","message":"Input held","data":{"InputTag":"InputTag.RMB","bRightMouseDown":true},"runId":"run1"}
{"sessionId":"cf25b3","id":"log_349675098477","timestamp":349675098477,"location":"AuraPlayerController.cpp:AbilityInputHeld","message":"Input held","data":{"InputTag":"InputTag.RMB","bRightMouseDown":true},"runId":"run1"}
{"sessionId":"cf25b3","id":"log_349675103196","timestamp":349675103196,"location":"AuraPlayerController.cpp:AbilityInputReleased","message":"Input released","data":{"InputTag":"InputTag.RMB","bRightMouseDown":true},"runId":"run1"}
{"sessionId":"cf25b3","id":"log_349675181765","timestamp":349675181765,"location":"AuraPlayerController.cpp:AbilityInputHeld","message":"Input held","data":{"InputTag":"InputTag.RMB","bRightMouseDown":false},"runId":"run1"}
{"sessionId":"cf25b3","id":"log_349675266889","timestamp":349675266889,"location":"AuraPlayerController.cpp:Look","message":"Look invoked","data":{"x":-0.07000,"y":0.00000,"bRightMouseDown":true,"hypothesisId":"A"},"runId":"run1"}
{"sessionId":"cf25b3","id":"log_349675270749","timestamp":349675270749,"location":"AuraPlayerController.cpp:AbilityInputHeld","message":"Input held","data":{"InputTag":"InputTag.RMB","bRightMouseDown":true},"runId":"run1"}
{"sessionId":"cf25b3","id":"log_349675274624","timestamp":349675274624,"location":"AuraPlayerController.cpp:AbilityInputHeld","message":"Input held","data":{"InputTag":"InputTag.RMB","bRightMouseDown":true},"runId":"run1"}
{"sessionId":"cf25b3","id":"log_349675348113","timestamp":349675348113,"location":"AuraPlayerController.cpp:AbilityInputHeld","message":"Input held","data":{"InputTag":"InputTag.RMB","bRightMouseDown":true},"runId":"run1"}
{"sessionId":"cf25b3","id":"log_349675352680","timestamp":349675352680,"location":"AuraPlayerController.cpp:AbilityInputReleased","message":"Input released","data":{"InputTag":"InputTag.RMB","bRightMouseDown":true},"runId":"run1"}
{"sessionId":"cf25b3","id":"log_349675431707","timestamp":349675431707,"location":"AuraPlayerController.cpp:AbilityInputHeld","message":"Input held","data":{"InputTag":"InputTag.RMB","bRightMouseDown":false},"runId":"run1"}
{"sessionId":"cf25b3","id":"log_349675514927","timestamp":349675514927,"location":"AuraPlayerController.cpp:AbilityInputHeld","message":"Input held","data":{"InputTag":"InputTag.RMB","bRightMouseDown":true},"runId":"run1"}
{"sessionId":"cf25b3","id":"log_349675597920","timestamp":349675597920,"location":"AuraPlayerController.cpp:AbilityInputHeld","message":"Input held","data":{"InputTag":"InputTag.RMB","bRightMouseDown":true},"runId":"run1"}
{"sessionId":"cf25b3","id":"log_349675681210","timestamp":349675681210,"location":"AuraPlayerController.cpp:AbilityInputHeld","message":"Input held","data":{"InputTag":"InputTag.RMB","bRightMouseDown":true},"runId":"run1"}
{"sessionId":"cf25b3","id":"log_349675764633","timestamp":349675764633,"location":"AuraPlayerController.cpp:AbilityInputHeld","message":"Input held","data":{"InputTag":"InputTag.RMB","bRightMouseDown":true},"runId":"run1"}
{"sessionId":"cf25b3","id":"log_349675849710","timestamp":349675849710,"location":"AuraPlayerController.cpp:Look","message":"Look invoked","data":{"x":0.07000,"y":0.00000,"bRightMouseDown":true,"hypothesisId":"A"},"runId":"run1"}
{"sessionId":"cf25b3","id":"log_349675853381","timestamp":349675853381,"location":"AuraPlayerController.cpp:AbilityInputHeld","message":"Input held","data":{"InputTag":"InputTag.RMB","bRightMouseDown":true},"runId":"run1"}
{"sessionId":"cf25b3","id":"log_349675858591","timestamp":349675858591,"location":"AuraPlayerController.cpp:AbilityInputHeld","message":"Input held","data":{"InputTag":"InputTag.RMB","bRightMouseDown":true},"runId":"run1"}
{"sessionId":"cf25b3","id":"log_349675933888","timestamp":349675933888,"location":"AuraPlayerController.cpp:Look","message":"Look invoked","data":{"x":-0.14000,"y":0.00000,"bRightMouseDown":true,"hypothesisId":"A"},"runId":"run1"}
{"sessionId":"cf25b3","id":"log_349675937949","timestamp":349675937949,"location":"AuraPlayerController.cpp:AbilityInputHeld","message":"Input held","data":{"InputTag":"InputTag.RMB","bRightMouseDown":true},"runId":"run1"}
{"sessionId":"cf25b3","id":"log_349675942841","timestamp":349675942841,"location":"AuraPlayerController.cpp:AbilityInputHeld","message":"Input held","data":{"InputTag":"InputTag.RMB","bRightMouseDown":true},"runId":"run1"}
{"sessionId":"cf25b3","id":"log_349676015914","timestamp":349676015914,"location":"AuraPlayerController.cpp:Look","message":"Look invoked","data":{"x":-0.28000,"y":0.00000,"bRightMouseDown":true,"hypothesisId":"A"},"runId":"run1"}
{"sessionId":"cf25b3","id":"log_349676019379","timestamp":349676019379,"location":"AuraPlayerController.cpp:AbilityInputHeld","message":"Input held","data":{"InputTag":"InputTag.RMB","bRightMouseDown":true},"runId":"run1"}
{"sessionId":"cf25b3","id":"log_349676023066","timestamp":349676023066,"location":"AuraPlayerController.cpp:AbilityInputHeld","message":"Input held","data":{"InputTag":"InputTag.RMB","bRightMouseDown":true},"runId":"run1"}
{"sessionId":"cf25b3","id":"log_349676099629","timestamp":349676099629,"location":"AuraPlayerController.cpp:Look","message":"Look invoked","data":{"x":-0.14000,"y":0.00000,"bRightMouseDown":true,"hypothesisId":"A"},"runId":"run1"}
{"sessionId":"cf25b3","id":"log_349676103600","timestamp":349676103600,"location":"AuraPlayerController.cpp:AbilityInputHeld","message":"Input held","data":{"InputTag":"InputTag.RMB","bRightMouseDown":true},"runId":"run1"}
{"sessionId":"cf25b3","id":"log_349676107410","timestamp":349676107410,"location":"AuraPlayerController.cpp:AbilityInputHeld","message":"Input held","data":{"InputTag":"InputTag.RMB","bRightMouseDown":true},"runId":"run1"}
{"sessionId":"cf25b3","id":"log_349676182851","timestamp":349676182851,"location":"AuraPlayerController.cpp:Look","message":"Look invoked","data":{"x":-0.14000,"y":0.00000,"bRightMouseDown":true,"hypothesisId":"A"},"runId":"run1"}
{"sessionId":"cf25b3","id":"log_349676186717","timestamp":349676186717,"location":"AuraPlayerController.cpp:AbilityInputHeld","message":"Input held","data":{"InputTag":"InputTag.RMB","bRightMouseDown":true},"runId":"run1"}
{"sessionId":"cf25b3","id":"log_349676190767","timestamp":349676190767,"location":"AuraPlayerController.cpp:AbilityInputHeld","message":"Input held","data":{"InputTag":"InputTag.RMB","bRightMouseDown":true},"runId":"run1"}
{"sessionId":"cf25b3","id":"log_349676266091","timestamp":349676266091,"location":"AuraPlayerController.cpp:Look","message":"Look invoked","data":{"x":-0.21000,"y":0.00000,"bRightMouseDown":true,"hypothesisId":"A"},"runId":"run1"}
{"sessionId":"cf25b3","id":"log_349676269300","timestamp":349676269300,"location":"AuraPlayerController.cpp:AbilityInputHeld","message":"Input held","data":{"InputTag":"InputTag.RMB","bRightMouseDown":true},"runId":"run1"}
{"sessionId":"cf25b3","id":"log_349676272805","timestamp":349676272805,"location":"AuraPlayerController.cpp:AbilityInputHeld","message":"Input held","data":{"InputTag":"InputTag.RMB","bRightMouseDown":true},"runId":"run1"}
{"sessionId":"cf25b3","id":"log_349676349341","timestamp":349676349341,"location":"AuraPlayerController.cpp:Look","message":"Look invoked","data":{"x":-0.14000,"y":0.00000,"bRightMouseDown":true,"hypothesisId":"A"},"runId":"run1"}
{"sessionId":"cf25b3","id":"log_349676352737","timestamp":349676352737,"location":"AuraPlayerController.cpp:AbilityInputHeld","message":"Input held","data":{"InputTag":"InputTag.RMB","bRightMouseDown":true},"runId":"run1"}
{"sessionId":"cf25b3","id":"log_349676357334","timestamp":349676357334,"location":"AuraPlayerController.cpp:AbilityInputHeld","message":"Input held","data":{"InputTag":"InputTag.RMB","bRightMouseDown":true},"runId":"run1"}
{"sessionId":"cf25b3","id":"log_349676432477","timestamp":349676432477,"location":"AuraPlayerController.cpp:Look","message":"Look invoked","data":{"x":-0.07000,"y":0.00000,"bRightMouseDown":true,"hypothesisId":"A"},"runId":"run1"}
{"sessionId":"cf25b3","id":"log_349676435935","timestamp":349676435935,"location":"AuraPlayerController.cpp:AbilityInputHeld","message":"Input held","data":{"InputTag":"InputTag.RMB","bRightMouseDown":true},"runId":"run1"}
{"sessionId":"cf25b3","id":"log_349676439284","timestamp":349676439284,"location":"AuraPlayerController.cpp:AbilityInputHeld","message":"Input held","data":{"InputTag":"InputTag.RMB","bRightMouseDown":true},"runId":"run1"}
{"sessionId":"cf25b3","id":"log_349676515699","timestamp":349676515699,"location":"AuraPlayerController.cpp:Look","message":"Look invoked","data":{"x":-0.07000,"y":0.00000,"bRightMouseDown":true,"hypothesisId":"A"},"runId":"run1"}
{"sessionId":"cf25b3","id":"log_349676519077","timestamp":349676519077,"location":"AuraPlayerController.cpp:AbilityInputHeld","message":"Input held","data":{"InputTag":"InputTag.RMB","bRightMouseDown":true},"runId":"run1"}
{"sessionId":"cf25b3","id":"log_349676522421","timestamp":349676522421,"location":"AuraPlayerController.cpp:AbilityInputHeld","message":"Input held","data":{"InputTag":"InputTag.RMB","bRightMouseDown":true},"runId":"run1"}
{"sessionId":"cf25b3","id":"log_349676599360","timestamp":349676599360,"location":"AuraPlayerController.cpp:Look","message":"Look invoked","data":{"x":-0.07000,"y":0.00000,"bRightMouseDown":true,"hypothesisId":"A"},"runId":"run1"}
{"sessionId":"cf25b3","id":"log_349676603538","timestamp":349676603538,"location":"AuraPlayerController.cpp:AbilityInputHeld","message":"Input held","data":{"InputTag":"InputTag.RMB","bRightMouseDown":true},"runId":"run1"}
{"sessionId":"cf25b3","id":"log_349676606931","timestamp":349676606931,"location":"AuraPlayerController.cpp:AbilityInputHeld","message":"Input held","data":{"InputTag":"InputTag.RMB","bRightMouseDown":true},"runId":"run1"}
{"sessionId":"cf25b3","id":"log_349676686638","timestamp":349676686638,"location":"AuraPlayerController.cpp:Look","message":"Look invoked","data":{"x":-0.07000,"y":0.00000,"bRightMouseDown":true,"hypothesisId":"A"},"runId":"run1"}
{"sessionId":"cf25b3","id":"log_349676689953","timestamp":349676689953,"location":"AuraPlayerController.cpp:AbilityInputHeld","message":"Input held","data":{"InputTag":"InputTag.RMB","bRightMouseDown":true},"runId":"run1"}
{"sessionId":"cf25b3","id":"log_349676694254","timestamp":349676694254,"location":"AuraPlayerController.cpp:AbilityInputHeld","message":"Input held","data":{"InputTag":"InputTag.RMB","bRightMouseDown":true},"runId":"run1"}
{"sessionId":"cf25b3","id":"log_349676766144","timestamp":349676766144,"location":"AuraPlayerController.cpp:Look","message":"Look invoked","data":{"x":-0.28000,"y":0.00000,"bRightMouseDown":true,"hypothesisId":"A"},"runId":"run1"}
{"sessionId":"cf25b3","id":"log_349676770273","timestamp":349676770273,"location":"AuraPlayerController.cpp:AbilityInputHeld","message":"Input held","data":{"InputTag":"InputTag.RMB","bRightMouseDown":true},"runId":"run1"}
{"sessionId":"cf25b3","id":"log_349676773176","timestamp":349676773176,"location":"AuraPlayerController.cpp:AbilityInputHeld","message":"Input held","data":{"InputTag":"InputTag.RMB","bRightMouseDown":true},"runId":"run1"}
{"sessionId":"cf25b3","id":"log_349676849386","timestamp":349676849386,"location":"AuraPlayerController.cpp:Look","message":"Look invoked","data":{"x":-0.21000,"y":0.00000,"bRightMouseDown":true,"hypothesisId":"A"},"runId":"run1"}
{"sessionId":"cf25b3","id":"log_349676852703","timestamp":349676852703,"location":"AuraPlayerController.cpp:AbilityInputHeld","message":"Input held","data":{"InputTag":"InputTag.RMB","bRightMouseDown":true},"runId":"run1"}
{"sessionId":"cf25b3","id":"log_349676856998","timestamp":349676856998,"location":"AuraPlayerController.cpp:AbilityInputHeld","message":"Input held","data":{"InputTag":"InputTag.RMB","bRightMouseDown":true},"runId":"run1"}
{"sessionId":"cf25b3","id":"log_349676932433","timestamp":349676932433,"location":"AuraPlayerController.cpp:Look","message":"Look invoked","data":{"x":-0.35000,"y":0.00000,"bRightMouseDown":true,"hypothesisId":"A"},"runId":"run1"}
{"sessionId":"cf25b3","id":"log_349676936332","timestamp":349676936332,"location":"AuraPlayerController.cpp:AbilityInputHeld","message":"Input held","data":{"InputTag":"InputTag.RMB","bRightMouseDown":true},"runId":"run1"}
{"sessionId":"cf25b3","id":"log_349676939371","timestamp":349676939371,"location":"AuraPlayerController.cpp:AbilityInputHeld","message":"Input held","data":{"InputTag":"InputTag.RMB","bRightMouseDown":true},"runId":"run1"}
{"sessionId":"cf25b3","id":"log_349677016428","timestamp":349677016428,"location":"AuraPlayerController.cpp:Look","message":"Look invoked","data":{"x":-0.56000,"y":0.00000,"bRightMouseDown":true,"hypothesisId":"A"},"runId":"run1"}
{"sessionId":"cf25b3","id":"log_349677019840","timestamp":349677019840,"location":"AuraPlayerController.cpp:AbilityInputHeld","message":"Input held","data":{"InputTag":"InputTag.RMB","bRightMouseDown":true},"runId":"run1"}
{"sessionId":"cf25b3","id":"log_349677023130","timestamp":349677023130,"location":"AuraPlayerController.cpp:AbilityInputHeld","message":"Input held","data":{"InputTag":"InputTag.RMB","bRightMouseDown":true},"runId":"run1"}
{"sessionId":"cf25b3","id":"log_349677099183","timestamp":349677099183,"location":"AuraPlayerController.cpp:Look","message":"Look invoked","data":{"x":-0.35000,"y":0.00000,"bRightMouseDown":true,"hypothesisId":"A"},"runId":"run1"}
{"sessionId":"cf25b3","id":"log_349677102580","timestamp":349677102580,"location":"AuraPlayerController.cpp:AbilityInputHeld","message":"Input held","data":{"InputTag":"InputTag.RMB","bRightMouseDown":true},"runId":"run1"}
{"sessionId":"cf25b3","id":"log_349677106218","timestamp":349677106218,"location":"AuraPlayerController.cpp:AbilityInputHeld","message":"Input held","data":{"InputTag":"InputTag.RMB","bRightMouseDown":true},"runId":"run1"}
{"sessionId":"cf25b3","id":"log_349677183663","timestamp":349677183663,"location":"AuraPlayerController.cpp:Look","message":"Look invoked","data":{"x":-0.42000,"y":0.00000,"bRightMouseDown":true,"hypothesisId":"A"},"runId":"run1"}
{"sessionId":"cf25b3","id":"log_349677187976","timestamp":349677187976,"location":"AuraPlayerController.cpp:AbilityInputHeld","message":"Input held","data":{"InputTag":"InputTag.RMB","bRightMouseDown":true},"runId":"run1"}
{"sessionId":"cf25b3","id":"log_349677191875","timestamp":349677191875,"location":"AuraPlayerController.cpp:AbilityInputHeld","message":"Input held","data":{"InputTag":"InputTag.RMB","bRightMouseDown":true},"runId":"run1"}
{"sessionId":"cf25b3","id":"log_349677266349","timestamp":349677266349,"location":"AuraPlayerController.cpp:Look","message":"Look invoked","data":{"x":-0.70000,"y":0.00000,"bRightMouseDown":true,"hypothesisId":"A"},"runId":"run1"}
{"sessionId":"cf25b3","id":"log_349677270514","timestamp":349677270514,"location":"AuraPlayerController.cpp:AbilityInputHeld","message":"Input held","data":{"InputTag":"InputTag.RMB","bRightMouseDown":true},"runId":"run1"}
{"sessionId":"cf25b3","id":"log_349677273458","timestamp":349677273458,"location":"AuraPlayerController.cpp:AbilityInputHeld","message":"Input held","data":{"InputTag":"InputTag.RMB","bRightMouseDown":true},"runId":"run1"}
{"sessionId":"cf25b3","id":"log_349677352478","timestamp":349677352478,"location":"AuraPlayerController.cpp:Look","message":"Look invoked","data":{"x":-0.42000,"y":0.00000,"bRightMouseDown":true,"hypothesisId":"A"},"runId":"run1"}
{"sessionId":"cf25b3","id":"log_349677357431","timestamp":349677357431,"location":"AuraPlayerController.cpp:AbilityInputHeld","message":"Input held","data":{"InputTag":"InputTag.RMB","bRightMouseDown":true},"runId":"run1"}
{"sessionId":"cf25b3","id":"log_349677360592","timestamp":349677360592,"location":"AuraPlayerController.cpp:AbilityInputHeld","message":"Input held","data":{"InputTag":"InputTag.RMB","bRightMouseDown":true},"runId":"run1"}
{"sessionId":"cf25b3","id":"log_349677433484","timestamp":349677433484,"location":"AuraPlayerController.cpp:Look","message":"Look invoked","data":{"x":-0.42000,"y":0.00000,"bRightMouseDown":true,"hypothesisId":"A"},"runId":"run1"}
{"sessionId":"cf25b3","id":"log_349677437595","timestamp":349677437595,"location":"AuraPlayerController.cpp:AbilityInputHeld","message":"Input held","data":{"InputTag":"InputTag.RMB","bRightMouseDown":true},"runId":"run1"}
{"sessionId":"cf25b3","id":"log_349677441738","timestamp":349677441738,"location":"AuraPlayerController.cpp:AbilityInputHeld","message":"Input held","data":{"InputTag":"InputTag.RMB","bRightMouseDown":true},"runId":"run1"}
{"sessionId":"cf25b3","id":"log_349677516745","timestamp":349677516745,"location":"AuraPlayerController.cpp:Look","message":"Look invoked","data":{"x":-0.56000,"y":0.00000,"bRightMouseDown":true,"hypothesisId":"A"},"runId":"run1"}
{"sessionId":"cf25b3","id":"log_349677520272","timestamp":349677520272,"location":"AuraPlayerController.cpp:AbilityInputHeld","message":"Input held","data":{"InputTag":"InputTag.RMB","bRightMouseDown":true},"runId":"run1"}
{"sessionId":"cf25b3","id":"log_349677523965","timestamp":349677523965,"location":"AuraPlayerController.cpp:AbilityInputHeld","message":"Input held","data":{"InputTag":"InputTag.RMB","bRightMouseDown":true},"runId":"run1"}
{"sessionId":"cf25b3","id":"log_349677600014","timestamp":349677600014,"location":"AuraPlayerController.cpp:Look","message":"Look invoked","data":{"x":-0.35000,"y":0.00000,"bRightMouseDown":true,"hypothesisId":"A"},"runId":"run1"}
{"sessionId":"cf25b3","id":"log_349677603284","timestamp":349677603284,"location":"AuraPlayerController.cpp:AbilityInputHeld","message":"Input held","data":{"InputTag":"InputTag.RMB","bRightMouseDown":true},"runId":"run1"}
{"sessionId":"cf25b3","id":"log_349677607513","timestamp":349677607513,"location":"AuraPlayerController.cpp:AbilityInputHeld","message":"Input held","data":{"InputTag":"InputTag.RMB","bRightMouseDown":true},"runId":"run1"}
{"sessionId":"cf25b3","id":"log_349677682548","timestamp":349677682548,"location":"AuraPlayerController.cpp:Look","message":"Look invoked","data":{"x":-0.35000,"y":0.00000,"bRightMouseDown":true,"hypothesisId":"A"},"runId":"run1"}
{"sessionId":"cf25b3","id":"log_349677686248","timestamp":349677686248,"location":"AuraPlayerController.cpp:AbilityInputHeld","message":"Input held","data":{"InputTag":"InputTag.RMB","bRightMouseDown":true},"runId":"run1"}
{"sessionId":"cf25b3","id":"log_349677689585","timestamp":349677689585,"location":"AuraPlayerController.cpp:AbilityInputHeld","message":"Input held","data":{"InputTag":"InputTag.RMB","bRightMouseDown":true},"runId":"run1"}
{"sessionId":"cf25b3","id":"log_349677766471","timestamp":349677766471,"location":"AuraPlayerController.cpp:Look","message":"Look invoked","data":{"x":-0.63000,"y":0.00000,"bRightMouseDown":true,"hypothesisId":"A"},"runId":"run1"}
{"sessionId":"cf25b3","id":"log_349677769800","timestamp":349677769800,"location":"AuraPlayerController.cpp:AbilityInputHeld","message":"Input held","data":{"InputTag":"InputTag.RMB","bRightMouseDown":true},"runId":"run1"}
{"sessionId":"cf25b3","id":"log_349677773308","timestamp":349677773308,"location":"AuraPlayerController.cpp:AbilityInputHeld","message":"Input held","data":{"InputTag":"InputTag.RMB","bRightMouseDown":true},"runId":"run1"}
{"sessionId":"cf25b3","id":"log_349677849260","timestamp":349677849260,"location":"AuraPlayerController.cpp:Look","message":"Look invoked","data":{"x":-0.28000,"y":0.00000,"bRightMouseDown":true,"hypothesisId":"A"},"runId":"run1"}
{"sessionId":"cf25b3","id":"log_349677852486","timestamp":349677852486,"location":"AuraPlayerController.cpp:AbilityInputHeld","message":"Input held","data":{"InputTag":"InputTag.RMB","bRightMouseDown":true},"runId":"run1"}
{"sessionId":"cf25b3","id":"log_349677856607","timestamp":349677856607,"location":"AuraPlayerController.cpp:AbilityInputHeld","message":"Input held","data":{"InputTag":"InputTag.RMB","bRightMouseDown":true},"runId":"run1"}
{"sessionId":"cf25b3","id":"log_349677933276","timestamp":349677933276,"location":"AuraPlayerController.cpp:Look","message":"Look invoked","data":{"x":-0.28000,"y":0.00000,"bRightMouseDown":true,"hypothesisId":"A"},"runId":"run1"}
{"sessionId":"cf25b3","id":"log_349677937340","timestamp":349677937340,"location":"AuraPlayerController.cpp:AbilityInputHeld","message":"Input held","data":{"InputTag":"InputTag.RMB","bRightMouseDown":true},"runId":"run1"}
{"sessionId":"cf25b3","id":"log_349677941511","timestamp":349677941511,"location":"AuraPlayerController.cpp:AbilityInputHeld","message":"Input held","data":{"InputTag":"InputTag.RMB","bRightMouseDown":true},"runId":"run1"}
{"sessionId":"cf25b3","id":"log_349678015964","timestamp":349678015964,"location":"AuraPlayerController.cpp:Look","message":"Look invoked","data":{"x":-0.42000,"y":0.00000,"bRightMouseDown":true,"hypothesisId":"A"},"runId":"run1"}
{"sessionId":"cf25b3","id":"log_349678019441","timestamp":349678019441,"location":"AuraPlayerController.cpp:AbilityInputHeld","message":"Input held","data":{"InputTag":"InputTag.RMB","bRightMouseDown":true},"runId":"run1"}
{"sessionId":"cf25b3","id":"log_349678022830","timestamp":349678022830,"location":"AuraPlayerController.cpp:AbilityInputHeld","message":"Input held","data":{"InputTag":"InputTag.RMB","bRightMouseDown":true},"runId":"run1"}
{"sessionId":"cf25b3","id":"log_349678103764","timestamp":349678103764,"location":"AuraPlayerController.cpp:Look","message":"Look invoked","data":{"x":-0.28000,"y":0.00000,"bRightMouseDown":true,"hypothesisId":"A"},"runId":"run1"}
{"sessionId":"cf25b3","id":"log_349678107864","timestamp":349678107864,"location":"AuraPlayerController.cpp:AbilityInputHeld","message":"Input held","data":{"InputTag":"InputTag.RMB","bRightMouseDown":true},"runId":"run1"}
{"sessionId":"cf25b3","id":"log_349678111619","timestamp":349678111619,"location":"AuraPlayerController.cpp:AbilityInputHeld","message":"Input held","data":{"InputTag":"InputTag.RMB","bRightMouseDown":true},"runId":"run1"}
{"sessionId":"cf25b3","id":"log_349678183508","timestamp":349678183508,"location":"AuraPlayerController.cpp:Look","message":"Look invoked","data":{"x":-0.14000,"y":0.00000,"bRightMouseDown":true,"hypothesisId":"A"},"runId":"run1"}
{"sessionId":"cf25b3","id":"log_349678188250","timestamp":349678188250,"location":"AuraPlayerController.cpp:AbilityInputHeld","message":"Input held","data":{"InputTag":"InputTag.RMB","bRightMouseDown":true},"runId":"run1"}
{"sessionId":"cf25b3","id":"log_349678192278","timestamp":349678192278,"location":"AuraPlayerController.cpp:AbilityInputHeld","message":"Input held","data":{"InputTag":"InputTag.RMB","bRightMouseDown":true},"runId":"run1"}
{"sessionId":"cf25b3","id":"log_349678267217","timestamp":349678267217,"location":"AuraPlayerController.cpp:Look","message":"Look invoked","data":{"x":-0.14000,"y":0.00000,"bRightMouseDown":true,"hypothesisId":"A"},"runId":"run1"}
{"sessionId":"cf25b3","id":"log_349678271071","timestamp":349678271071,"location":"AuraPlayerController.cpp:AbilityInputHeld","message":"Input held","data":{"InputTag":"InputTag.RMB","bRightMouseDown":true},"runId":"run1"}
{"sessionId":"cf25b3","id":"log_349678275377","timestamp":349678275377,"location":"AuraPlayerController.cpp:AbilityInputHeld","message":"Input held","data":{"InputTag":"InputTag.RMB","bRightMouseDown":true},"runId":"run1"}
{"sessionId":"cf25b3","id":"log_349678348285","timestamp":349678348285,"location":"AuraPlayerController.cpp:AbilityInputHeld","message":"Input held","data":{"InputTag":"InputTag.RMB","bRightMouseDown":true},"runId":"run1"}
{"sessionId":"cf25b3","id":"log_349678352571","timestamp":349678352571,"location":"AuraPlayerController.cpp:AbilityInputReleased","message":"Input released","data":{"InputTag":"InputTag.RMB","bRightMouseDown":true},"runId":"run1"}
{"sessionId":"cf25b3","id":"log_349678433271","timestamp":349678433271,"location":"AuraPlayerController.cpp:Look","message":"Look invoked","data":{"x":-0.07000,"y":0.00000,"bRightMouseDown":false,"hypothesisId":"A"},"runId":"run1"}
{"sessionId":"cf25b3","id":"log_349678436970","timestamp":349678436970,"location":"AuraPlayerController.cpp:AbilityInputHeld","message":"Input held","data":{"InputTag":"InputTag.RMB","bRightMouseDown":false},"runId":"run1"}
{"sessionId":"cf25b3","id":"log_349678440924","timestamp":349678440924,"location":"AuraPlayerController.cpp:AbilityInputHeld","message":"Input held","data":{"InputTag":"InputTag.RMB","bRightMouseDown":true},"runId":"run1"}
{"sessionId":"cf25b3","id":"log_349678514749","timestamp":349678514749,"location":"AuraPlayerController.cpp:AbilityInputHeld","message":"Input held","data":{"InputTag":"InputTag.RMB","bRightMouseDown":true},"runId":"run1"}
{"sessionId":"cf25b3","id":"log_349678520248","timestamp":349678520248,"location":"AuraPlayerController.cpp:AbilityInputReleased","message":"Input released","data":{"InputTag":"InputTag.RMB","bRightMouseDown":true},"runId":"run1"}
{"sessionId":"cf25b3","id":"log_349678599705","timestamp":349678599705,"location":"AuraPlayerController.cpp:AbilityInputHeld","message":"Input held","data":{"InputTag":"InputTag.RMB","bRightMouseDown":false},"runId":"run1"}
{"sessionId":"cf25b3","id":"log_349678681845","timestamp":349678681845,"location":"AuraPlayerController.cpp:AbilityInputHeld","message":"Input held","data":{"InputTag":"InputTag.RMB","bRightMouseDown":true},"runId":"run1"}
{"sessionId":"cf25b3","id":"log_349678764546","timestamp":349678764546,"location":"AuraPlayerController.cpp:AbilityInputHeld","message":"Input held","data":{"InputTag":"InputTag.RMB","bRightMouseDown":true},"runId":"run1"}
{"sessionId":"cf25b3","id":"log_349678847859","timestamp":349678847859,"location":"AuraPlayerController.cpp:AbilityInputHeld","message":"Input held","data":{"InputTag":"InputTag.RMB","bRightMouseDown":true},"runId":"run1"}
{"sessionId":"cf25b3","id":"log_349678931238","timestamp":349678931238,"location":"AuraPlayerController.cpp:AbilityInputHeld","message":"Input held","data":{"InputTag":"InputTag.RMB","bRightMouseDown":true},"runId":"run1"}
{"sessionId":"cf25b3","id":"log_349679014561","timestamp":349679014561,"location":"AuraPlayerController.cpp:AbilityInputHeld","message":"Input held","data":{"InputTag":"InputTag.RMB","bRightMouseDown":true},"runId":"run1"}
{"sessionId":"cf25b3","id":"log_349679097996","timestamp":349679097996,"location":"AuraPlayerController.cpp:AbilityInputHeld","message":"Input held","data":{"InputTag":"InputTag.RMB","bRightMouseDown":true},"runId":"run1"}
{"sessionId":"cf25b3","id":"log_349679181101","timestamp":349679181101,"location":"AuraPlayerController.cpp:AbilityInputHeld","message":"Input held","data":{"InputTag":"InputTag.RMB","bRightMouseDown":true},"runId":"run1"}
{"sessionId":"cf25b3","id":"log_349679264608","timestamp":349679264608,"location":"AuraPlayerController.cpp:AbilityInputHeld","message":"Input held","data":{"InputTag":"InputTag.RMB","bRightMouseDown":true},"runId":"run1"}
{"sessionId":"cf25b3","id":"log_349679347824","timestamp":349679347824,"location":"AuraPlayerController.cpp:AbilityInputHeld","message":"Input held","data":{"InputTag":"InputTag.RMB","bRightMouseDown":true},"runId":"run1"}
{"sessionId":"cf25b3","id":"log_349679431140","timestamp":349679431140,"location":"AuraPlayerController.cpp:AbilityInputHeld","message":"Input held","data":{"InputTag":"InputTag.RMB","bRightMouseDown":true},"runId":"run1"}
{"sessionId":"cf25b3","id":"log_349679514659","timestamp":349679514659,"location":"AuraPlayerController.cpp:AbilityInputHeld","message":"Input held","data":{"InputTag":"InputTag.RMB","bRightMouseDown":true},"runId":"run1"}
{"sessionId":"cf25b3","id":"log_349679598423","timestamp":349679598423,"location":"AuraPlayerController.cpp:AbilityInputHeld","message":"Input held","data":{"InputTag":"InputTag.RMB","bRightMouseDown":true},"runId":"run1"}
{"sessionId":"cf25b3","id":"log_349679681264","timestamp":349679681264,"location":"AuraPlayerController.cpp:AbilityInputHeld","message":"Input held","data":{"InputTag":"InputTag.RMB","bRightMouseDown":true},"runId":"run1"}
{"sessionId":"cf25b3","id":"log_349679764566","timestamp":349679764566,"location":"AuraPlayerController.cpp:AbilityInputHeld","message":"Input held","data":{"InputTag":"InputTag.RMB","bRightMouseDown":true},"runId":"run1"}
{"sessionId":"cf25b3","id":"log_349679848358","timestamp":349679848358,"location":"AuraPlayerController.cpp:AbilityInputHeld","message":"Input held","data":{"InputTag":"InputTag.RMB","bRightMouseDown":true},"runId":"run1"}
{"sessionId":"cf25b3","id":"log_349679931204","timestamp":349679931204,"location":"AuraPlayerController.cpp:AbilityInputHeld","message":"Input held","data":{"InputTag":"InputTag.RMB","bRightMouseDown":true},"runId":"run1"}
{"sessionId":"cf25b3","id":"log_349680014545","timestamp":349680014545,"location":"AuraPlayerController.cpp:AbilityInputHeld","message":"Input held","data":{"InputTag":"InputTag.RMB","bRightMouseDown":true},"runId":"run1"}
{"sessionId":"cf25b3","id":"log_349680097808","timestamp":349680097808,"location":"AuraPlayerController.cpp:AbilityInputHeld","message":"Input held","data":{"InputTag":"InputTag.RMB","bRightMouseDown":true},"runId":"run1"}
{"sessionId":"cf25b3","id":"log_349680181471","timestamp":349680181471,"location":"AuraPlayerController.cpp:AbilityInputHeld","message":"Input held","data":{"InputTag":"InputTag.RMB","bRightMouseDown":true},"runId":"run1"}
{"sessionId":"cf25b3","id":"log_349680264724","timestamp":349680264724,"location":"AuraPlayerController.cpp:AbilityInputHeld","message":"Input held","data":{"InputTag":"InputTag.RMB","bRightMouseDown":true},"runId":"run1"}
{"sessionId":"cf25b3","id":"log_349680349506","timestamp":349680349506,"location":"AuraPlayerController.cpp:Look","message":"Look invoked","data":{"x":-0.07000,"y":0.00000,"bRightMouseDown":true,"hypothesisId":"A"},"runId":"run1"}
{"sessionId":"cf25b3","id":"log_349680353466","timestamp":349680353466,"location":"AuraPlayerController.cpp:AbilityInputHeld","message":"Input held","data":{"InputTag":"InputTag.RMB","bRightMouseDown":true},"runId":"run1"}
{"sessionId":"cf25b3","id":"log_349680356456","timestamp":349680356456,"location":"AuraPlayerController.cpp:AbilityInputHeld","message":"Input held","data":{"InputTag":"InputTag.RMB","bRightMouseDown":true},"runId":"run1"}
{"sessionId":"cf25b3","id":"log_349680431722","timestamp":349680431722,"location":"AuraPlayerController.cpp:AbilityInputHeld","message":"Input held","data":{"InputTag":"InputTag.RMB","bRightMouseDown":true},"runId":"run1"}
{"sessionId":"cf25b3","id":"log_349680436178","timestamp":349680436178,"location":"AuraPlayerController.cpp:AbilityInputReleased","message":"Input released","data":{"InputTag":"InputTag.RMB","bRightMouseDown":true},"runId":"run1"}
{"sessionId":"cf25b3","id":"log_349680515123","timestamp":349680515123,"location":"AuraPlayerController.cpp:AbilityInputHeld","message":"Input held","data":{"InputTag":"InputTag.RMB","bRightMouseDown":false},"runId":"run1"}
{"sessionId":"cf25b3","id":"log_349680603965","timestamp":349680603965,"location":"AuraPlayerController.cpp:AbilityInputReleased","message":"Input released","data":{"InputTag":"InputTag.RMB","bRightMouseDown":true},"runId":"run1"}
{"sessionId":"cf25b3","id":"log_349700995177","timestamp":349700995177,"location":"AuraPlayerController.cpp:AbilityInputHeld","message":"Input held","data":{"InputTag":"InputTag.RMB","bRightMouseDown":false},"runId":"run1"}
{"sessionId":"cf25b3","id":"log_349701054580","timestamp":349701054580,"location":"AuraPlayerController.cpp:AbilityInputHeld","message":"Input held","data":{"InputTag":"InputTag.RMB","bRightMouseDown":true},"runId":"run1"}
{"sessionId":"cf25b3","id":"log_349701193121","timestamp":349701193121,"location":"AuraPlayerController.cpp:AbilityInputHeld","message":"Input held","data":{"InputTag":"InputTag.RMB","bRightMouseDown":true},"runId":"run1"}
{"sessionId":"cf25b3","id":"log_349701275144","timestamp":349701275144,"location":"AuraPlayerController.cpp:AbilityInputHeld","message":"Input held","data":{"InputTag":"InputTag.RMB","bRightMouseDown":true},"runId":"run1"}
{"sessionId":"cf25b3","id":"log_349701358353","timestamp":349701358353,"location":"AuraPlayerController.cpp:AbilityInputHeld","message":"Input held","data":{"InputTag":"InputTag.RMB","bRightMouseDown":true},"runId":"run1"}
{"sessionId":"cf25b3","id":"log_349701441570","timestamp":349701441570,"location":"AuraPlayerController.cpp:AbilityInputHeld","message":"Input held","data":{"InputTag":"InputTag.RMB","bRightMouseDown":true},"runId":"run1"}
{"sessionId":"cf25b3","id":"log_349701525348","timestamp":349701525348,"location":"AuraPlayerController.cpp:AbilityInputHeld","message":"Input held","data":{"InputTag":"InputTag.RMB","bRightMouseDown":true},"runId":"run1"}
{"sessionId":"cf25b3","id":"log_349701610400","timestamp":349701610400,"location":"AuraPlayerController.cpp:Look","message":"Look invoked","data":{"x":-0.07000,"y":0.00000,"bRightMouseDown":true,"hypothesisId":"A"},"runId":"run1"}
{"sessionId":"cf25b3","id":"log_349701614175","timestamp":349701614175,"location":"AuraPlayerController.cpp:AbilityInputHeld","message":"Input held","data":{"InputTag":"InputTag.RMB","bRightMouseDown":true},"runId":"run1"}
{"sessionId":"cf25b3","id":"log_349701617106","timestamp":349701617106,"location":"AuraPlayerController.cpp:AbilityInputHeld","message":"Input held","data":{"InputTag":"InputTag.RMB","bRightMouseDown":true},"runId":"run1"}
{"sessionId":"cf25b3","id":"log_349701693489","timestamp":349701693489,"location":"AuraPlayerController.cpp:Look","message":"Look invoked","data":{"x":0.07000,"y":0.00000,"bRightMouseDown":true,"hypothesisId":"A"},"runId":"run1"}
{"sessionId":"cf25b3","id":"log_349701699452","timestamp":349701699452,"location":"AuraPlayerController.cpp:AbilityInputHeld","message":"Input held","data":{"InputTag":"InputTag.RMB","bRightMouseDown":true},"runId":"run1"}
{"sessionId":"cf25b3","id":"log_349701702667","timestamp":349701702667,"location":"AuraPlayerController.cpp:AbilityInputHeld","message":"Input held","data":{"InputTag":"InputTag.RMB","bRightMouseDown":true},"runId":"run1"}
{"sessionId":"cf25b3","id":"log_349701778120","timestamp":349701778120,"location":"AuraPlayerController.cpp:Look","message":"Look invoked","data":{"x":-0.07000,"y":0.00000,"bRightMouseDown":true,"hypothesisId":"A"},"runId":"run1"}
{"sessionId":"cf25b3","id":"log_349701781967","timestamp":349701781967,"location":"AuraPlayerController.cpp:AbilityInputHeld","message":"Input held","data":{"InputTag":"InputTag.RMB","bRightMouseDown":true},"runId":"run1"}
{"sessionId":"cf25b3","id":"log_349701785308","timestamp":349701785308,"location":"AuraPlayerController.cpp:AbilityInputHeld","message":"Input held","data":{"InputTag":"InputTag.RMB","bRightMouseDown":true},"runId":"run1"}
{"sessionId":"cf25b3","id":"log_349701861425","timestamp":349701861425,"location":"AuraPlayerController.cpp:Look","message":"Look invoked","data":{"x":-0.07000,"y":0.00000,"bRightMouseDown":true,"hypothesisId":"A"},"runId":"run1"}
{"sessionId":"cf25b3","id":"log_349701865204","timestamp":349701865204,"location":"AuraPlayerController.cpp:AbilityInputHeld","message":"Input held","data":{"InputTag":"InputTag.RMB","bRightMouseDown":true},"runId":"run1"}
{"sessionId":"cf25b3","id":"log_349701869611","timestamp":349701869611,"location":"AuraPlayerController.cpp:AbilityInputHeld","message":"Input held","data":{"InputTag":"InputTag.RMB","bRightMouseDown":true},"runId":"run1"}
{"sessionId":"cf25b3","id":"log_349701942037","timestamp":349701942037,"location":"AuraPlayerController.cpp:AbilityInputHeld","message":"Input held","data":{"InputTag":"InputTag.RMB","bRightMouseDown":true},"runId":"run1"}
{"sessionId":"cf25b3","id":"log_349701946472","timestamp":349701946472,"location":"AuraPlayerController.cpp:AbilityInputReleased","message":"Input released","data":{"InputTag":"InputTag.RMB","bRightMouseDown":true},"runId":"run1"}
{"sessionId":"cf25b3","id":"log_349702025435","timestamp":349702025435,"location":"AuraPlayerController.cpp:AbilityInputHeld","message":"Input held","data":{"InputTag":"InputTag.RMB","bRightMouseDown":false},"runId":"run1"}
{"sessionId":"cf25b3","id":"log_349702108484","timestamp":349702108484,"location":"AuraPlayerController.cpp:AbilityInputHeld","message":"Input held","data":{"InputTag":"InputTag.RMB","bRightMouseDown":true},"runId":"run1"}
{"sessionId":"cf25b3","id":"log_349702191989","timestamp":349702191989,"location":"AuraPlayerController.cpp:AbilityInputHeld","message":"Input held","data":{"InputTag":"InputTag.RMB","bRightMouseDown":true},"runId":"run1"}
{"sessionId":"cf25b3","id":"log_349702275291","timestamp":349702275291,"location":"AuraPlayerController.cpp:AbilityInputHeld","message":"Input held","data":{"InputTag":"InputTag.RMB","bRightMouseDown":true},"runId":"run1"}
{"sessionId":"cf25b3","id":"log_349702360120","timestamp":349702360120,"location":"AuraPlayerController.cpp:Look","message":"Look invoked","data":{"x":-0.07000,"y":0.00000,"bRightMouseDown":true,"hypothesisId":"A"},"runId":"run1"}
{"sessionId":"cf25b3","id":"log_349702364352","timestamp":349702364352,"location":"AuraPlayerController.cpp:AbilityInputHeld","message":"Input held","data":{"InputTag":"InputTag.RMB","bRightMouseDown":true},"runId":"run1"}
{"sessionId":"cf25b3","id":"log_349702367335","timestamp":349702367335,"location":"AuraPlayerController.cpp:AbilityInputHeld","message":"Input held","data":{"InputTag":"InputTag.RMB","bRightMouseDown":true},"runId":"run1"}
{"sessionId":"cf25b3","id":"log_349702444555","timestamp":349702444555,"location":"AuraPlayerController.cpp:Look","message":"Look invoked","data":{"x":0.07000,"y":0.00000,"bRightMouseDown":true,"hypothesisId":"A"},"runId":"run1"}
{"sessionId":"cf25b3","id":"log_349702447398","timestamp":349702447398,"location":"AuraPlayerController.cpp:AbilityInputHeld","message":"Input held","data":{"InputTag":"InputTag.RMB","bRightMouseDown":true},"runId":"run1"}
{"sessionId":"cf25b3","id":"log_349702450136","timestamp":349702450136,"location":"AuraPlayerController.cpp:AbilityInputHeld","message":"Input held","data":{"InputTag":"InputTag.RMB","bRightMouseDown":true},"runId":"run1"}
{"sessionId":"cf25b3","id":"log_349702526608","timestamp":349702526608,"location":"AuraPlayerController.cpp:Look","message":"Look invoked","data":{"x":-0.07000,"y":0.00000,"bRightMouseDown":true,"hypothesisId":"A"},"runId":"run1"}
{"sessionId":"cf25b3","id":"log_349702530217","timestamp":349702530217,"location":"AuraPlayerController.cpp:AbilityInputHeld","message":"Input held","data":{"InputTag":"InputTag.RMB","bRightMouseDown":true},"runId":"run1"}
{"sessionId":"cf25b3","id":"log_349702533645","timestamp":349702533645,"location":"AuraPlayerController.cpp:AbilityInputHeld","message":"Input held","data":{"InputTag":"InputTag.RMB","bRightMouseDown":true},"runId":"run1"}
{"sessionId":"cf25b3","id":"log_349702609849","timestamp":349702609849,"location":"AuraPlayerController.cpp:Look","message":"Look invoked","data":{"x":-0.07000,"y":0.00000,"bRightMouseDown":true,"hypothesisId":"A"},"runId":"run1"}
{"sessionId":"cf25b3","id":"log_349702614322","timestamp":349702614322,"location":"AuraPlayerController.cpp:AbilityInputHeld","message":"Input held","data":{"InputTag":"InputTag.RMB","bRightMouseDown":true},"runId":"run1"}
{"sessionId":"cf25b3","id":"log_349702618565","timestamp":349702618565,"location":"AuraPlayerController.cpp:AbilityInputHeld","message":"Input held","data":{"InputTag":"InputTag.RMB","bRightMouseDown":true},"runId":"run1"}
{"sessionId":"cf25b3","id":"log_349702693259","timestamp":349702693259,"location":"AuraPlayerController.cpp:Look","message":"Look invoked","data":{"x":-0.07000,"y":0.00000,"bRightMouseDown":true,"hypothesisId":"A"},"runId":"run1"}
{"sessionId":"cf25b3","id":"log_349702696700","timestamp":349702696700,"location":"AuraPlayerController.cpp:AbilityInputHeld","message":"Input held","data":{"InputTag":"InputTag.RMB","bRightMouseDown":true},"runId":"run1"}
{"sessionId":"cf25b3","id":"log_349702699989","timestamp":349702699989,"location":"AuraPlayerController.cpp:AbilityInputHeld","message":"Input held","data":{"InputTag":"InputTag.RMB","bRightMouseDown":true},"runId":"run1"}
{"sessionId":"cf25b3","id":"log_349702776905","timestamp":349702776905,"location":"AuraPlayerController.cpp:Look","message":"Look invoked","data":{"x":-0.07000,"y":0.00000,"bRightMouseDown":true,"hypothesisId":"A"},"runId":"run1"}
{"sessionId":"cf25b3","id":"log_349702780631","timestamp":349702780631,"location":"AuraPlayerController.cpp:AbilityInputHeld","message":"Input held","data":{"InputTag":"InputTag.RMB","bRightMouseDown":true},"runId":"run1"}
{"sessionId":"cf25b3","id":"log_349702783464","timestamp":349702783464,"location":"AuraPlayerController.cpp:AbilityInputHeld","message":"Input held","data":{"InputTag":"InputTag.RMB","bRightMouseDown":true},"runId":"run1"}
{"sessionId":"cf25b3","id":"log_349702858666","timestamp":349702858666,"location":"AuraPlayerController.cpp:AbilityInputHeld","message":"Input held","data":{"InputTag":"InputTag.RMB","bRightMouseDown":true},"runId":"run1"}
{"sessionId":"cf25b3","id":"log_349702864370","timestamp":349702864370,"location":"AuraPlayerController.cpp:AbilityInputReleased","message":"Input released","data":{"InputTag":"InputTag.RMB","bRightMouseDown":true},"runId":"run1"}
{"sessionId":"cf25b3","id":"log_349702943123","timestamp":349702943123,"location":"AuraPlayerController.cpp:Look","message":"Look invoked","data":{"x":-0.07000,"y":0.00000,"bRightMouseDown":false,"hypothesisId":"A"},"runId":"run1"}
{"sessionId":"cf25b3","id":"log_349702946802","timestamp":349702946802,"location":"AuraPlayerController.cpp:AbilityInputHeld","message":"Input held","data":{"InputTag":"InputTag.RMB","bRightMouseDown":false},"runId":"run1"}
{"sessionId":"cf25b3","id":"log_349702950463","timestamp":349702950463,"location":"AuraPlayerController.cpp:AbilityInputHeld","message":"Input held","data":{"InputTag":"InputTag.RMB","bRightMouseDown":true},"runId":"run1"}
{"sessionId":"cf25b3","id":"log_349703025391","timestamp":349703025391,"location":"AuraPlayerController.cpp:AbilityInputHeld","message":"Input held","data":{"InputTag":"InputTag.RMB","bRightMouseDown":true},"runId":"run1"}
{"sessionId":"cf25b3","id":"log_349703030600","timestamp":349703030600,"location":"AuraPlayerController.cpp:AbilityInputReleased","message":"Input released","data":{"InputTag":"InputTag.RMB","bRightMouseDown":true},"runId":"run1"}
{"sessionId":"cf25b3","id":"log_349703108433","timestamp":349703108433,"location":"AuraPlayerController.cpp:AbilityInputHeld","message":"Input held","data":{"InputTag":"InputTag.RMB","bRightMouseDown":false},"runId":"run1"}
{"sessionId":"cf25b3","id":"log_349703191757","timestamp":349703191757,"location":"AuraPlayerController.cpp:AbilityInputHeld","message":"Input held","data":{"InputTag":"InputTag.RMB","bRightMouseDown":true},"runId":"run1"}
{"sessionId":"cf25b3","id":"log_349703275185","timestamp":349703275185,"location":"AuraPlayerController.cpp:AbilityInputHeld","message":"Input held","data":{"InputTag":"InputTag.RMB","bRightMouseDown":true},"runId":"run1"}
{"sessionId":"cf25b3","id":"log_349703358602","timestamp":349703358602,"location":"AuraPlayerController.cpp:AbilityInputHeld","message":"Input held","data":{"InputTag":"InputTag.RMB","bRightMouseDown":true},"runId":"run1"}
{"sessionId":"cf25b3","id":"log_349703442054","timestamp":349703442054,"location":"AuraPlayerController.cpp:AbilityInputHeld","message":"Input held","data":{"InputTag":"InputTag.RMB","bRightMouseDown":true},"runId":"run1"}
{"sessionId":"cf25b3","id":"log_349703525096","timestamp":349703525096,"location":"AuraPlayerController.cpp:AbilityInputHeld","message":"Input held","data":{"InputTag":"InputTag.RMB","bRightMouseDown":true},"runId":"run1"}
{"sessionId":"cf25b3","id":"log_349703608591","timestamp":349703608591,"location":"AuraPlayerController.cpp:AbilityInputHeld","message":"Input held","data":{"InputTag":"InputTag.RMB","bRightMouseDown":true},"runId":"run1"}
{"sessionId":"cf25b3","id":"log_349703691811","timestamp":349703691811,"location":"AuraPlayerController.cpp:AbilityInputHeld","message":"Input held","data":{"InputTag":"InputTag.RMB","bRightMouseDown":true},"runId":"run1"}
{"sessionId":"cf25b3","id":"log_349703775758","timestamp":349703775758,"location":"AuraPlayerController.cpp:AbilityInputHeld","message":"Input held","data":{"InputTag":"InputTag.RMB","bRightMouseDown":true},"runId":"run1"}
{"sessionId":"cf25b3","id":"log_349703859369","timestamp":349703859369,"location":"AuraPlayerController.cpp:AbilityInputHeld","message":"Input held","data":{"InputTag":"InputTag.RMB","bRightMouseDown":true},"runId":"run1"}
{"sessionId":"cf25b3","id":"log_349703942045","timestamp":349703942045,"location":"AuraPlayerController.cpp:AbilityInputHeld","message":"Input held","data":{"InputTag":"InputTag.RMB","bRightMouseDown":true},"runId":"run1"}
{"sessionId":"cf25b3","id":"log_349704025179","timestamp":349704025179,"location":"AuraPlayerController.cpp:AbilityInputHeld","message":"Input held","data":{"InputTag":"InputTag.RMB","bRightMouseDown":true},"runId":"run1"}
{"sessionId":"cf25b3","id":"log_349704108789","timestamp":349704108789,"location":"AuraPlayerController.cpp:AbilityInputHeld","message":"Input held","data":{"InputTag":"InputTag.RMB","bRightMouseDown":true},"runId":"run1"}
{"sessionId":"cf25b3","id":"log_349704192938","timestamp":349704192938,"location":"AuraPlayerController.cpp:AbilityInputHeld","message":"Input held","data":{"InputTag":"InputTag.RMB","bRightMouseDown":true},"runId":"run1"}
{"sessionId":"cf25b3","id":"log_349704275623","timestamp":349704275623,"location":"AuraPlayerController.cpp:AbilityInputHeld","message":"Input held","data":{"InputTag":"InputTag.RMB","bRightMouseDown":true},"runId":"run1"}
{"sessionId":"cf25b3","id":"log_349704358938","timestamp":349704358938,"location":"AuraPlayerController.cpp:AbilityInputHeld","message":"Input held","data":{"InputTag":"InputTag.RMB","bRightMouseDown":true},"runId":"run1"}
{"sessionId":"cf25b3","id":"log_349704441853","timestamp":349704441853,"location":"AuraPlayerController.cpp:AbilityInputHeld","message":"Input held","data":{"InputTag":"InputTag.RMB","bRightMouseDown":true},"runId":"run1"}
{"sessionId":"cf25b3","id":"log_349704525976","timestamp":349704525976,"location":"AuraPlayerController.cpp:AbilityInputHeld","message":"Input held","data":{"InputTag":"InputTag.RMB","bRightMouseDown":true},"runId":"run1"}
{"sessionId":"cf25b3","id":"log_349704608436","timestamp":349704608436,"location":"AuraPlayerController.cpp:AbilityInputHeld","message":"Input held","data":{"InputTag":"InputTag.RMB","bRightMouseDown":true},"runId":"run1"}
{"sessionId":"cf25b3","id":"log_349704695165","timestamp":349704695165,"location":"AuraPlayerController.cpp:AbilityInputReleased","message":"Input released","data":{"InputTag":"InputTag.RMB","bRightMouseDown":true},"runId":"run1"}
{"sessionId":"cf25b3","id":"log_349738949327","timestamp":349738949327,"location":"AuraPlayerController.cpp:AbilityInputHeld","message":"Input held","data":{"InputTag":"InputTag.RMB","bRightMouseDown":false},"runId":"run1"}
{"sessionId":"cf25b3","id":"log_349739026890","timestamp":349739026890,"location":"AuraPlayerController.cpp:AbilityInputHeld","message":"Input held","data":{"InputTag":"InputTag.RMB","bRightMouseDown":true},"runId":"run1"}
{"sessionId":"cf25b3","id":"log_349739109914","timestamp":349739109914,"location":"AuraPlayerController.cpp:AbilityInputHeld","message":"Input held","data":{"InputTag":"InputTag.RMB","bRightMouseDown":true},"runId":"run1"}
{"sessionId":"cf25b3","id":"log_349739192861","timestamp":349739192861,"location":"AuraPlayerController.cpp:AbilityInputHeld","message":"Input held","data":{"InputTag":"InputTag.RMB","bRightMouseDown":true},"runId":"run1"}
{"sessionId":"cf25b3","id":"log_349739276156","timestamp":349739276156,"location":"AuraPlayerController.cpp:AbilityInputHeld","message":"Input held","data":{"InputTag":"InputTag.RMB","bRightMouseDown":true},"runId":"run1"}
{"sessionId":"cf25b3","id":"log_349739359636","timestamp":349739359636,"location":"AuraPlayerController.cpp:AbilityInputHeld","message":"Input held","data":{"InputTag":"InputTag.RMB","bRightMouseDown":true},"runId":"run1"}
{"sessionId":"cf25b3","id":"log_349739443046","timestamp":349739443046,"location":"AuraPlayerController.cpp:AbilityInputHeld","message":"Input held","data":{"InputTag":"InputTag.RMB","bRightMouseDown":true},"runId":"run1"}
{"sessionId":"cf25b3","id":"log_349739527523","timestamp":349739527523,"location":"AuraPlayerController.cpp:AbilityInputHeld","message":"Input held","data":{"InputTag":"InputTag.RMB","bRightMouseDown":true},"runId":"run1"}
{"sessionId":"cf25b3","id":"log_349739609436","timestamp":349739609436,"location":"AuraPlayerController.cpp:AbilityInputHeld","message":"Input held","data":{"InputTag":"InputTag.RMB","bRightMouseDown":true},"runId":"run1"}
{"sessionId":"cf25b3","id":"log_349739693217","timestamp":349739693217,"location":"AuraPlayerController.cpp:AbilityInputHeld","message":"Input held","data":{"InputTag":"InputTag.RMB","bRightMouseDown":true},"runId":"run1"}
{"sessionId":"cf25b3","id":"log_349739778089","timestamp":349739778089,"location":"AuraPlayerController.cpp:Look","message":"Look invoked","data":{"x":-0.07000,"y":0.00000,"bRightMouseDown":true,"hypothesisId":"A"},"runId":"run1"}
{"sessionId":"cf25b3","id":"log_349739781900","timestamp":349739781900,"location":"AuraPlayerController.cpp:AbilityInputHeld","message":"Input held","data":{"InputTag":"InputTag.RMB","bRightMouseDown":true},"runId":"run1"}
{"sessionId":"cf25b3","id":"log_349739785507","timestamp":349739785507,"location":"AuraPlayerController.cpp:AbilityInputHeld","message":"Input held","data":{"InputTag":"InputTag.RMB","bRightMouseDown":true},"runId":"run1"}
{"sessionId":"cf25b3","id":"log_349739861557","timestamp":349739861557,"location":"AuraPlayerController.cpp:Look","message":"Look invoked","data":{"x":-0.21000,"y":0.00000,"bRightMouseDown":true,"hypothesisId":"A"},"runId":"run1"}
{"sessionId":"cf25b3","id":"log_349739865000","timestamp":349739865000,"location":"AuraPlayerController.cpp:AbilityInputHeld","message":"Input held","data":{"InputTag":"InputTag.RMB","bRightMouseDown":true},"runId":"run1"}
{"sessionId":"cf25b3","id":"log_349739869116","timestamp":349739869116,"location":"AuraPlayerController.cpp:AbilityInputHeld","message":"Input held","data":{"InputTag":"InputTag.RMB","bRightMouseDown":true},"runId":"run1"}
{"sessionId":"cf25b3","id":"log_349739945460","timestamp":349739945460,"location":"AuraPlayerController.cpp:Look","message":"Look invoked","data":{"x":-0.14000,"y":0.00000,"bRightMouseDown":true,"hypothesisId":"A"},"runId":"run1"}
{"sessionId":"cf25b3","id":"log_349739949650","timestamp":349739949650,"location":"AuraPlayerController.cpp:AbilityInputHeld","message":"Input held","data":{"InputTag":"InputTag.RMB","bRightMouseDown":true},"runId":"run1"}
{"sessionId":"cf25b3","id":"log_349739952971","timestamp":349739952971,"location":"AuraPlayerController.cpp:AbilityInputHeld","message":"Input held","data":{"InputTag":"InputTag.RMB","bRightMouseDown":true},"runId":"run1"}
{"sessionId":"cf25b3","id":"log_349740027956","timestamp":349740027956,"location":"AuraPlayerController.cpp:Look","message":"Look invoked","data":{"x":-0.21000,"y":0.00000,"bRightMouseDown":true,"hypothesisId":"A"},"runId":"run1"}
{"sessionId":"cf25b3","id":"log_349740031439","timestamp":349740031439,"location":"AuraPlayerController.cpp:AbilityInputHeld","message":"Input held","data":{"InputTag":"InputTag.RMB","bRightMouseDown":true},"runId":"run1"}
{"sessionId":"cf25b3","id":"log_349740034647","timestamp":349740034647,"location":"AuraPlayerController.cpp:AbilityInputHeld","message":"Input held","data":{"InputTag":"InputTag.RMB","bRightMouseDown":true},"runId":"run1"}
{"sessionId":"cf25b3","id":"log_349740111609","timestamp":349740111609,"location":"AuraPlayerController.cpp:Look","message":"Look invoked","data":{"x":-0.35000,"y":0.00000,"bRightMouseDown":true,"hypothesisId":"A"},"runId":"run1"}
{"sessionId":"cf25b3","id":"log_349740114406","timestamp":349740114406,"location":"AuraPlayerController.cpp:AbilityInputHeld","message":"Input held","data":{"InputTag":"InputTag.RMB","bRightMouseDown":true},"runId":"run1"}
{"sessionId":"cf25b3","id":"log_349740117459","timestamp":349740117459,"location":"AuraPlayerController.cpp:AbilityInputHeld","message":"Input held","data":{"InputTag":"InputTag.RMB","bRightMouseDown":true},"runId":"run1"}
{"sessionId":"cf25b3","id":"log_349740194482","timestamp":349740194482,"location":"AuraPlayerController.cpp:Look","message":"Look invoked","data":{"x":-0.28000,"y":0.00000,"bRightMouseDown":true,"hypothesisId":"A"},"runId":"run1"}
{"sessionId":"cf25b3","id":"log_349740197715","timestamp":349740197715,"location":"AuraPlayerController.cpp:AbilityInputHeld","message":"Input held","data":{"InputTag":"InputTag.RMB","bRightMouseDown":true},"runId":"run1"}
{"sessionId":"cf25b3","id":"log_349740200949","timestamp":349740200949,"location":"AuraPlayerController.cpp:AbilityInputHeld","message":"Input held","data":{"InputTag":"InputTag.RMB","bRightMouseDown":true},"runId":"run1"}
{"sessionId":"cf25b3","id":"log_349740278033","timestamp":349740278033,"location":"AuraPlayerController.cpp:Look","message":"Look invoked","data":{"x":-0.28000,"y":0.00000,"bRightMouseDown":true,"hypothesisId":"A"},"runId":"run1"}
{"sessionId":"cf25b3","id":"log_349740281531","timestamp":349740281531,"location":"AuraPlayerController.cpp:AbilityInputHeld","message":"Input held","data":{"InputTag":"InputTag.RMB","bRightMouseDown":true},"runId":"run1"}
{"sessionId":"cf25b3","id":"log_349740285030","timestamp":349740285030,"location":"AuraPlayerController.cpp:AbilityInputHeld","message":"Input held","data":{"InputTag":"InputTag.RMB","bRightMouseDown":true},"runId":"run1"}
{"sessionId":"cf25b3","id":"log_349740361005","timestamp":349740361005,"location":"AuraPlayerController.cpp:Look","message":"Look invoked","data":{"x":-0.42000,"y":0.00000,"bRightMouseDown":true,"hypothesisId":"A"},"runId":"run1"}
{"sessionId":"cf25b3","id":"log_349740364313","timestamp":349740364313,"location":"AuraPlayerController.cpp:AbilityInputHeld","message":"Input held","data":{"InputTag":"InputTag.RMB","bRightMouseDown":true},"runId":"run1"}
{"sessionId":"cf25b3","id":"log_349740367632","timestamp":349740367632,"location":"AuraPlayerController.cpp:AbilityInputHeld","message":"Input held","data":{"InputTag":"InputTag.RMB","bRightMouseDown":true},"runId":"run1"}
{"sessionId":"cf25b3","id":"log_349740444513","timestamp":349740444513,"location":"AuraPlayerController.cpp:Look","message":"Look invoked","data":{"x":-0.28000,"y":0.00000,"bRightMouseDown":true,"hypothesisId":"A"},"runId":"run1"}
{"sessionId":"cf25b3","id":"log_349740448841","timestamp":349740448841,"location":"AuraPlayerController.cpp:AbilityInputHeld","message":"Input held","data":{"InputTag":"InputTag.RMB","bRightMouseDown":true},"runId":"run1"}
{"sessionId":"cf25b3","id":"log_349740452183","timestamp":349740452183,"location":"AuraPlayerController.cpp:AbilityInputHeld","message":"Input held","data":{"InputTag":"InputTag.RMB","bRightMouseDown":true},"runId":"run1"}
{"sessionId":"cf25b3","id":"log_349740527958","timestamp":349740527958,"location":"AuraPlayerController.cpp:Look","message":"Look invoked","data":{"x":-0.28000,"y":0.00000,"bRightMouseDown":true,"hypothesisId":"A"},"runId":"run1"}
{"sessionId":"cf25b3","id":"log_349740531505","timestamp":349740531505,"location":"AuraPlayerController.cpp:AbilityInputHeld","message":"Input held","data":{"InputTag":"InputTag.RMB","bRightMouseDown":true},"runId":"run1"}
{"sessionId":"cf25b3","id":"log_349740535391","timestamp":349740535391,"location":"AuraPlayerController.cpp:AbilityInputHeld","message":"Input held","data":{"InputTag":"InputTag.RMB","bRightMouseDown":true},"runId":"run1"}
{"sessionId":"cf25b3","id":"log_349740611804","timestamp":349740611804,"location":"AuraPlayerController.cpp:Look","message":"Look invoked","data":{"x":-0.56000,"y":0.00000,"bRightMouseDown":true,"hypothesisId":"A"},"runId":"run1"}
{"sessionId":"cf25b3","id":"log_349740615506","timestamp":349740615506,"location":"AuraPlayerController.cpp:AbilityInputHeld","message":"Input held","data":{"InputTag":"InputTag.RMB","bRightMouseDown":true},"runId":"run1"}
{"sessionId":"cf25b3","id":"log_349740618517","timestamp":349740618517,"location":"AuraPlayerController.cpp:AbilityInputHeld","message":"Input held","data":{"InputTag":"InputTag.RMB","bRightMouseDown":true},"runId":"run1"}
{"sessionId":"cf25b3","id":"log_349740694521","timestamp":349740694521,"location":"AuraPlayerController.cpp:Look","message":"Look invoked","data":{"x":-0.28000,"y":0.00000,"bRightMouseDown":true,"hypothesisId":"A"},"runId":"run1"}
{"sessionId":"cf25b3","id":"log_349740698068","timestamp":349740698068,"location":"AuraPlayerController.cpp:AbilityInputHeld","message":"Input held","data":{"InputTag":"InputTag.RMB","bRightMouseDown":true},"runId":"run1"}
{"sessionId":"cf25b3","id":"log_349740700617","timestamp":349740700617,"location":"AuraPlayerController.cpp:AbilityInputHeld","message":"Input held","data":{"InputTag":"InputTag.RMB","bRightMouseDown":true},"runId":"run1"}
{"sessionId":"cf25b3","id":"log_349740779816","timestamp":349740779816,"location":"AuraPlayerController.cpp:Look","message":"Look invoked","data":{"x":-0.28000,"y":0.00000,"bRightMouseDown":true,"hypothesisId":"A"},"runId":"run1"}
{"sessionId":"cf25b3","id":"log_349740783386","timestamp":349740783386,"location":"AuraPlayerController.cpp:AbilityInputHeld","message":"Input held","data":{"InputTag":"InputTag.RMB","bRightMouseDown":true},"runId":"run1"}
{"sessionId":"cf25b3","id":"log_349740787877","timestamp":349740787877,"location":"AuraPlayerController.cpp:AbilityInputHeld","message":"Input held","data":{"InputTag":"InputTag.RMB","bRightMouseDown":true},"runId":"run1"}
{"sessionId":"cf25b3","id":"log_349740861976","timestamp":349740861976,"location":"AuraPlayerController.cpp:Look","message":"Look invoked","data":{"x":-0.56000,"y":0.00000,"bRightMouseDown":true,"hypothesisId":"A"},"runId":"run1"}
{"sessionId":"cf25b3","id":"log_349740866105","timestamp":349740866105,"location":"AuraPlayerController.cpp:AbilityInputHeld","message":"Input held","data":{"InputTag":"InputTag.RMB","bRightMouseDown":true},"runId":"run1"}
{"sessionId":"cf25b3","id":"log_349740869836","timestamp":349740869836,"location":"AuraPlayerController.cpp:AbilityInputHeld","message":"Input held","data":{"InputTag":"InputTag.RMB","bRightMouseDown":true},"runId":"run1"}
{"sessionId":"cf25b3","id":"log_349740944711","timestamp":349740944711,"location":"AuraPlayerController.cpp:Look","message":"Look invoked","data":{"x":-0.35000,"y":0.00000,"bRightMouseDown":true,"hypothesisId":"A"},"runId":"run1"}
{"sessionId":"cf25b3","id":"log_349740948262","timestamp":349740948262,"location":"AuraPlayerController.cpp:AbilityInputHeld","message":"Input held","data":{"InputTag":"InputTag.RMB","bRightMouseDown":true},"runId":"run1"}
{"sessionId":"cf25b3","id":"log_349740952233","timestamp":349740952233,"location":"AuraPlayerController.cpp:AbilityInputHeld","message":"Input held","data":{"InputTag":"InputTag.RMB","bRightMouseDown":true},"runId":"run1"}
{"sessionId":"cf25b3","id":"log_349741027601","timestamp":349741027601,"location":"AuraPlayerController.cpp:Look","message":"Look invoked","data":{"x":-0.21000,"y":0.00000,"bRightMouseDown":true,"hypothesisId":"A"},"runId":"run1"}
{"sessionId":"cf25b3","id":"log_349741031154","timestamp":349741031154,"location":"AuraPlayerController.cpp:AbilityInputHeld","message":"Input held","data":{"InputTag":"InputTag.RMB","bRightMouseDown":true},"runId":"run1"}
{"sessionId":"cf25b3","id":"log_349741034533","timestamp":349741034533,"location":"AuraPlayerController.cpp:AbilityInputHeld","message":"Input held","data":{"InputTag":"InputTag.RMB","bRightMouseDown":true},"runId":"run1"}
{"sessionId":"cf25b3","id":"log_349741111978","timestamp":349741111978,"location":"AuraPlayerController.cpp:Look","message":"Look invoked","data":{"x":-0.63000,"y":0.00000,"bRightMouseDown":true,"hypothesisId":"A"},"runId":"run1"}
{"sessionId":"cf25b3","id":"log_349741115859","timestamp":349741115859,"location":"AuraPlayerController.cpp:AbilityInputHeld","message":"Input held","data":{"InputTag":"InputTag.RMB","bRightMouseDown":true},"runId":"run1"}
{"sessionId":"cf25b3","id":"log_349741119188","timestamp":349741119188,"location":"AuraPlayerController.cpp:AbilityInputHeld","message":"Input held","data":{"InputTag":"InputTag.RMB","bRightMouseDown":true},"runId":"run1"}
{"sessionId":"cf25b3","id":"log_349741194728","timestamp":349741194728,"location":"AuraPlayerController.cpp:Look","message":"Look invoked","data":{"x":-0.35000,"y":0.00000,"bRightMouseDown":true,"hypothesisId":"A"},"runId":"run1"}
{"sessionId":"cf25b3","id":"log_349741198473","timestamp":349741198473,"location":"AuraPlayerController.cpp:AbilityInputHeld","message":"Input held","data":{"InputTag":"InputTag.RMB","bRightMouseDown":true},"runId":"run1"}
{"sessionId":"cf25b3","id":"log_349741202090","timestamp":349741202090,"location":"AuraPlayerController.cpp:AbilityInputHeld","message":"Input held","data":{"InputTag":"InputTag.RMB","bRightMouseDown":true},"runId":"run1"}
{"sessionId":"cf25b3","id":"log_349741278313","timestamp":349741278313,"location":"AuraPlayerController.cpp:Look","message":"Look invoked","data":{"x":-0.28000,"y":0.00000,"bRightMouseDown":true,"hypothesisId":"A"},"runId":"run1"}
{"sessionId":"cf25b3","id":"log_349741282175","timestamp":349741282175,"location":"AuraPlayerController.cpp:AbilityInputHeld","message":"Input held","data":{"InputTag":"InputTag.RMB","bRightMouseDown":true},"runId":"run1"}
{"sessionId":"cf25b3","id":"log_349741286062","timestamp":349741286062,"location":"AuraPlayerController.cpp:AbilityInputHeld","message":"Input held","data":{"InputTag":"InputTag.RMB","bRightMouseDown":true},"runId":"run1"}
{"sessionId":"cf25b3","id":"log_349741361172","timestamp":349741361172,"location":"AuraPlayerController.cpp:Look","message":"Look invoked","data":{"x":-0.49000,"y":0.00000,"bRightMouseDown":true,"hypothesisId":"A"},"runId":"run1"}
{"sessionId":"cf25b3","id":"log_349741365014","timestamp":349741365014,"location":"AuraPlayerController.cpp:AbilityInputHeld","message":"Input held","data":{"InputTag":"InputTag.RMB","bRightMouseDown":true},"runId":"run1"}
{"sessionId":"cf25b3","id":"log_349741369025","timestamp":349741369025,"location":"AuraPlayerController.cpp:AbilityInputHeld","message":"Input held","data":{"InputTag":"InputTag.RMB","bRightMouseDown":true},"runId":"run1"}
{"sessionId":"cf25b3","id":"log_349741444878","timestamp":349741444878,"location":"AuraPlayerController.cpp:Look","message":"Look invoked","data":{"x":-0.21000,"y":0.00000,"bRightMouseDown":true,"hypothesisId":"A"},"runId":"run1"}
{"sessionId":"cf25b3","id":"log_349741448886","timestamp":349741448886,"location":"AuraPlayerController.cpp:AbilityInputHeld","message":"Input held","data":{"InputTag":"InputTag.RMB","bRightMouseDown":true},"runId":"run1"}
{"sessionId":"cf25b3","id":"log_349741452444","timestamp":349741452444,"location":"AuraPlayerController.cpp:AbilityInputHeld","message":"Input held","data":{"InputTag":"InputTag.RMB","bRightMouseDown":true},"runId":"run1"}
{"sessionId":"cf25b3","id":"log_349741528531","timestamp":349741528531,"location":"AuraPlayerController.cpp:Look","message":"Look invoked","data":{"x":-0.28000,"y":0.00000,"bRightMouseDown":true,"hypothesisId":"A"},"runId":"run1"}
{"sessionId":"cf25b3","id":"log_349741532518","timestamp":349741532518,"location":"AuraPlayerController.cpp:AbilityInputHeld","message":"Input held","data":{"InputTag":"InputTag.RMB","bRightMouseDown":true},"runId":"run1"}
{"sessionId":"cf25b3","id":"log_349741536797","timestamp":349741536797,"location":"AuraPlayerController.cpp:AbilityInputHeld","message":"Input held","data":{"InputTag":"InputTag.RMB","bRightMouseDown":true},"runId":"run1"}
{"sessionId":"cf25b3","id":"log_349741611745","timestamp":349741611745,"location":"AuraPlayerController.cpp:Look","message":"Look invoked","data":{"x":-0.42000,"y":0.00000,"bRightMouseDown":true,"hypothesisId":"A"},"runId":"run1"}
{"sessionId":"cf25b3","id":"log_349741615015","timestamp":349741615015,"location":"AuraPlayerController.cpp:AbilityInputHeld","message":"Input held","data":{"InputTag":"InputTag.RMB","bRightMouseDown":true},"runId":"run1"}
{"sessionId":"cf25b3","id":"log_349741618991","timestamp":349741618991,"location":"AuraPlayerController.cpp:AbilityInputHeld","message":"Input held","data":{"InputTag":"InputTag.RMB","bRightMouseDown":true},"runId":"run1"}
{"sessionId":"cf25b3","id":"log_349741694516","timestamp":349741694516,"location":"AuraPlayerController.cpp:Look","message":"Look invoked","data":{"x":-0.21000,"y":0.00000,"bRightMouseDown":true,"hypothesisId":"A"},"runId":"run1"}
{"sessionId":"cf25b3","id":"log_349741698309","timestamp":349741698309,"location":"AuraPlayerController.cpp:AbilityInputHeld","message":"Input held","data":{"InputTag":"InputTag.RMB","bRightMouseDown":true},"runId":"run1"}
{"sessionId":"cf25b3","id":"log_349741701751","timestamp":349741701751,"location":"AuraPlayerController.cpp:AbilityInputHeld","message":"Input held","data":{"InputTag":"InputTag.RMB","bRightMouseDown":true},"runId":"run1"}
{"sessionId":"cf25b3","id":"log_349741777713","timestamp":349741777713,"location":"AuraPlayerController.cpp:Look","message":"Look invoked","data":{"x":-0.21000,"y":0.00000,"bRightMouseDown":true,"hypothesisId":"A"},"runId":"run1"}
{"sessionId":"cf25b3","id":"log_349741781315","timestamp":349741781315,"location":"AuraPlayerController.cpp:AbilityInputHeld","message":"Input held","data":{"InputTag":"InputTag.RMB","bRightMouseDown":true},"runId":"run1"}
{"sessionId":"cf25b3","id":"log_349741784736","timestamp":349741784736,"location":"AuraPlayerController.cpp:AbilityInputHeld","message":"Input held","data":{"InputTag":"InputTag.RMB","bRightMouseDown":true},"runId":"run1"}
{"sessionId":"cf25b3","id":"log_349741861640","timestamp":349741861640,"location":"AuraPlayerController.cpp:Look","message":"Look invoked","data":{"x":-0.42000,"y":0.00000,"bRightMouseDown":true,"hypothesisId":"A"},"runId":"run1"}
{"sessionId":"cf25b3","id":"log_349741865576","timestamp":349741865576,"location":"AuraPlayerController.cpp:AbilityInputHeld","message":"Input held","data":{"InputTag":"InputTag.RMB","bRightMouseDown":true},"runId":"run1"}
{"sessionId":"cf25b3","id":"log_349741869463","timestamp":349741869463,"location":"AuraPlayerController.cpp:AbilityInputHeld","message":"Input held","data":{"InputTag":"InputTag.RMB","bRightMouseDown":true},"runId":"run1"}
{"sessionId":"cf25b3","id":"log_349741944300","timestamp":349741944300,"location":"AuraPlayerController.cpp:Look","message":"Look invoked","data":{"x":-0.21000,"y":0.00000,"bRightMouseDown":true,"hypothesisId":"A"},"runId":"run1"}
{"sessionId":"cf25b3","id":"log_349741948683","timestamp":349741948683,"location":"AuraPlayerController.cpp:AbilityInputHeld","message":"Input held","data":{"InputTag":"InputTag.RMB","bRightMouseDown":true},"runId":"run1"}
{"sessionId":"cf25b3","id":"log_349741952546","timestamp":349741952546,"location":"AuraPlayerController.cpp:AbilityInputHeld","message":"Input held","data":{"InputTag":"InputTag.RMB","bRightMouseDown":true},"runId":"run1"}
{"sessionId":"cf25b3","id":"log_349742031281","timestamp":349742031281,"location":"AuraPlayerController.cpp:Look","message":"Look invoked","data":{"x":-0.21000,"y":0.00000,"bRightMouseDown":true,"hypothesisId":"A"},"runId":"run1"}
{"sessionId":"cf25b3","id":"log_349742035005","timestamp":349742035005,"location":"AuraPlayerController.cpp:AbilityInputHeld","message":"Input held","data":{"InputTag":"InputTag.RMB","bRightMouseDown":true},"runId":"run1"}
{"sessionId":"cf25b3","id":"log_349742038118","timestamp":349742038118,"location":"AuraPlayerController.cpp:AbilityInputHeld","message":"Input held","data":{"InputTag":"InputTag.RMB","bRightMouseDown":true},"runId":"run1"}
{"sessionId":"cf25b3","id":"log_349742111495","timestamp":349742111495,"location":"AuraPlayerController.cpp:Look","message":"Look invoked","data":{"x":-0.49000,"y":0.00000,"bRightMouseDown":true,"hypothesisId":"A"},"runId":"run1"}
{"sessionId":"cf25b3","id":"log_349742115208","timestamp":349742115208,"location":"AuraPlayerController.cpp:AbilityInputHeld","message":"Input held","data":{"InputTag":"InputTag.RMB","bRightMouseDown":true},"runId":"run1"}
{"sessionId":"cf25b3","id":"log_349742119009","timestamp":349742119009,"location":"AuraPlayerController.cpp:AbilityInputHeld","message":"Input held","data":{"InputTag":"InputTag.RMB","bRightMouseDown":true},"runId":"run1"}
{"sessionId":"cf25b3","id":"log_349742195443","timestamp":349742195443,"location":"AuraPlayerController.cpp:Look","message":"Look invoked","data":{"x":-0.28000,"y":0.00000,"bRightMouseDown":true,"hypothesisId":"A"},"runId":"run1"}
{"sessionId":"cf25b3","id":"log_349742199302","timestamp":349742199302,"location":"AuraPlayerController.cpp:AbilityInputHeld","message":"Input held","data":{"InputTag":"InputTag.RMB","bRightMouseDown":true},"runId":"run1"}
{"sessionId":"cf25b3","id":"log_349742202254","timestamp":349742202254,"location":"AuraPlayerController.cpp:AbilityInputHeld","message":"Input held","data":{"InputTag":"InputTag.RMB","bRightMouseDown":true},"runId":"run1"}
{"sessionId":"cf25b3","id":"log_349742277801","timestamp":349742277801,"location":"AuraPlayerController.cpp:Look","message":"Look invoked","data":{"x":-0.21000,"y":0.00000,"bRightMouseDown":true,"hypothesisId":"A"},"runId":"run1"}
{"sessionId":"cf25b3","id":"log_349742281356","timestamp":349742281356,"location":"AuraPlayerController.cpp:AbilityInputHeld","message":"Input held","data":{"InputTag":"InputTag.RMB","bRightMouseDown":true},"runId":"run1"}
{"sessionId":"cf25b3","id":"log_349742284388","timestamp":349742284388,"location":"AuraPlayerController.cpp:AbilityInputHeld","message":"Input held","data":{"InputTag":"InputTag.RMB","bRightMouseDown":true},"runId":"run1"}
{"sessionId":"cf25b3","id":"log_349742362852","timestamp":349742362852,"location":"AuraPlayerController.cpp:Look","message":"Look invoked","data":{"x":-0.56000,"y":0.00000,"bRightMouseDown":true,"hypothesisId":"A"},"runId":"run1"}
{"sessionId":"cf25b3","id":"log_349742366761","timestamp":349742366761,"location":"AuraPlayerController.cpp:AbilityInputHeld","message":"Input held","data":{"InputTag":"InputTag.RMB","bRightMouseDown":true},"runId":"run1"}
{"sessionId":"cf25b3","id":"log_349742370627","timestamp":349742370627,"location":"AuraPlayerController.cpp:AbilityInputHeld","message":"Input held","data":{"InputTag":"InputTag.RMB","bRightMouseDown":true},"runId":"run1"}
{"sessionId":"cf25b3","id":"log_349742444478","timestamp":349742444478,"location":"AuraPlayerController.cpp:Look","message":"Look invoked","data":{"x":-0.28000,"y":0.00000,"bRightMouseDown":true,"hypothesisId":"A"},"runId":"run1"}
{"sessionId":"cf25b3","id":"log_349742449094","timestamp":349742449094,"location":"AuraPlayerController.cpp:AbilityInputHeld","message":"Input held","data":{"InputTag":"InputTag.RMB","bRightMouseDown":true},"runId":"run1"}
{"sessionId":"cf25b3","id":"log_349742452826","timestamp":349742452826,"location":"AuraPlayerController.cpp:AbilityInputHeld","message":"Input held","data":{"InputTag":"InputTag.RMB","bRightMouseDown":true},"runId":"run1"}
{"sessionId":"cf25b3","id":"log_349742527765","timestamp":349742527765,"location":"AuraPlayerController.cpp:Look","message":"Look invoked","data":{"x":-0.28000,"y":0.00000,"bRightMouseDown":true,"hypothesisId":"A"},"runId":"run1"}
{"sessionId":"cf25b3","id":"log_349742531747","timestamp":349742531747,"location":"AuraPlayerController.cpp:AbilityInputHeld","message":"Input held","data":{"InputTag":"InputTag.RMB","bRightMouseDown":true},"runId":"run1"}
{"sessionId":"cf25b3","id":"log_349742535391","timestamp":349742535391,"location":"AuraPlayerController.cpp:AbilityInputHeld","message":"Input held","data":{"InputTag":"InputTag.RMB","bRightMouseDown":true},"runId":"run1"}
{"sessionId":"cf25b3","id":"log_349742611782","timestamp":349742611782,"location":"AuraPlayerController.cpp:Look","message":"Look invoked","data":{"x":-0.42000,"y":0.00000,"bRightMouseDown":true,"hypothesisId":"A"},"runId":"run1"}
{"sessionId":"cf25b3","id":"log_349742615953","timestamp":349742615953,"location":"AuraPlayerController.cpp:AbilityInputHeld","message":"Input held","data":{"InputTag":"InputTag.RMB","bRightMouseDown":true},"runId":"run1"}
{"sessionId":"cf25b3","id":"log_349742619449","timestamp":349742619449,"location":"AuraPlayerController.cpp:AbilityInputHeld","message":"Input held","data":{"InputTag":"InputTag.RMB","bRightMouseDown":true},"runId":"run1"}
{"sessionId":"cf25b3","id":"log_349742694884","timestamp":349742694884,"location":"AuraPlayerController.cpp:Look","message":"Look invoked","data":{"x":-0.28000,"y":0.00000,"bRightMouseDown":true,"hypothesisId":"A"},"runId":"run1"}
{"sessionId":"cf25b3","id":"log_349742698347","timestamp":349742698347,"location":"AuraPlayerController.cpp:AbilityInputHeld","message":"Input held","data":{"InputTag":"InputTag.RMB","bRightMouseDown":true},"runId":"run1"}
{"sessionId":"cf25b3","id":"log_349742701658","timestamp":349742701658,"location":"AuraPlayerController.cpp:AbilityInputHeld","message":"Input held","data":{"InputTag":"InputTag.RMB","bRightMouseDown":true},"runId":"run1"}
{"sessionId":"cf25b3","id":"log_349742778293","timestamp":349742778293,"location":"AuraPlayerController.cpp:Look","message":"Look invoked","data":{"x":-0.28000,"y":0.00000,"bRightMouseDown":true,"hypothesisId":"A"},"runId":"run1"}
{"sessionId":"cf25b3","id":"log_349742782245","timestamp":349742782245,"location":"AuraPlayerController.cpp:AbilityInputHeld","message":"Input held","data":{"InputTag":"InputTag.RMB","bRightMouseDown":true},"runId":"run1"}
{"sessionId":"cf25b3","id":"log_349742786089","timestamp":349742786089,"location":"AuraPlayerController.cpp:AbilityInputHeld","message":"Input held","data":{"InputTag":"InputTag.RMB","bRightMouseDown":true},"runId":"run1"}
{"sessionId":"cf25b3","id":"log_349742862112","timestamp":349742862112,"location":"AuraPlayerController.cpp:Look","message":"Look invoked","data":{"x":-0.49000,"y":0.00000,"bRightMouseDown":true,"hypothesisId":"A"},"runId":"run1"}
{"sessionId":"cf25b3","id":"log_349742866145","timestamp":349742866145,"location":"AuraPlayerController.cpp:AbilityInputHeld","message":"Input held","data":{"InputTag":"InputTag.RMB","bRightMouseDown":true},"runId":"run1"}
{"sessionId":"cf25b3","id":"log_349742869644","timestamp":349742869644,"location":"AuraPlayerController.cpp:AbilityInputHeld","message":"Input held","data":{"InputTag":"InputTag.RMB","bRightMouseDown":true},"runId":"run1"}
{"sessionId":"cf25b3","id":"log_349742944602","timestamp":349742944602,"location":"AuraPlayerController.cpp:Look","message":"Look invoked","data":{"x":-0.28000,"y":0.00000,"bRightMouseDown":true,"hypothesisId":"A"},"runId":"run1"}
{"sessionId":"cf25b3","id":"log_349742948540","timestamp":349742948540,"location":"AuraPlayerController.cpp:AbilityInputHeld","message":"Input held","data":{"InputTag":"InputTag.RMB","bRightMouseDown":true},"runId":"run1"}
{"sessionId":"cf25b3","id":"log_349742951352","timestamp":349742951352,"location":"AuraPlayerController.cpp:AbilityInputHeld","message":"Input held","data":{"InputTag":"InputTag.RMB","bRightMouseDown":true},"runId":"run1"}
{"sessionId":"cf25b3","id":"log_349743027595","timestamp":349743027595,"location":"AuraPlayerController.cpp:Look","message":"Look invoked","data":{"x":-0.35000,"y":0.00000,"bRightMouseDown":true,"hypothesisId":"A"},"runId":"run1"}
{"sessionId":"cf25b3","id":"log_349743031930","timestamp":349743031930,"location":"AuraPlayerController.cpp:AbilityInputHeld","message":"Input held","data":{"InputTag":"InputTag.RMB","bRightMouseDown":true},"runId":"run1"}
{"sessionId":"cf25b3","id":"log_349743035812","timestamp":349743035812,"location":"AuraPlayerController.cpp:AbilityInputHeld","message":"Input held","data":{"InputTag":"InputTag.RMB","bRightMouseDown":true},"runId":"run1"}
{"sessionId":"cf25b3","id":"log_349743111549","timestamp":349743111549,"location":"AuraPlayerController.cpp:Look","message":"Look invoked","data":{"x":-0.70000,"y":0.00000,"bRightMouseDown":true,"hypothesisId":"A"},"runId":"run1"}
{"sessionId":"cf25b3","id":"log_349743115611","timestamp":349743115611,"location":"AuraPlayerController.cpp:AbilityInputHeld","message":"Input held","data":{"InputTag":"InputTag.RMB","bRightMouseDown":true},"runId":"run1"}
{"sessionId":"cf25b3","id":"log_349743119045","timestamp":349743119045,"location":"AuraPlayerController.cpp:AbilityInputHeld","message":"Input held","data":{"InputTag":"InputTag.RMB","bRightMouseDown":true},"runId":"run1"}
{"sessionId":"cf25b3","id":"log_349743194767","timestamp":349743194767,"location":"AuraPlayerController.cpp:Look","message":"Look invoked","data":{"x":-0.35000,"y":0.00000,"bRightMouseDown":true,"hypothesisId":"A"},"runId":"run1"}
{"sessionId":"cf25b3","id":"log_349743198831","timestamp":349743198831,"location":"AuraPlayerController.cpp:AbilityInputHeld","message":"Input held","data":{"InputTag":"InputTag.RMB","bRightMouseDown":true},"runId":"run1"}
{"sessionId":"cf25b3","id":"log_349743202219","timestamp":349743202219,"location":"AuraPlayerController.cpp:AbilityInputHeld","message":"Input held","data":{"InputTag":"InputTag.RMB","bRightMouseDown":true},"runId":"run1"}
{"sessionId":"cf25b3","id":"log_349743278105","timestamp":349743278105,"location":"AuraPlayerController.cpp:Look","message":"Look invoked","data":{"x":-0.42000,"y":0.00000,"bRightMouseDown":true,"hypothesisId":"A"},"runId":"run1"}
{"sessionId":"cf25b3","id":"log_349743282940","timestamp":349743282940,"location":"AuraPlayerController.cpp:AbilityInputHeld","message":"Input held","data":{"InputTag":"InputTag.RMB","bRightMouseDown":true},"runId":"run1"}
{"sessionId":"cf25b3","id":"log_349743286448","timestamp":349743286448,"location":"AuraPlayerController.cpp:AbilityInputHeld","message":"Input held","data":{"InputTag":"InputTag.RMB","bRightMouseDown":true},"runId":"run1"}
{"sessionId":"cf25b3","id":"log_349743361736","timestamp":349743361736,"location":"AuraPlayerController.cpp:Look","message":"Look invoked","data":{"x":-0.77000,"y":0.00000,"bRightMouseDown":true,"hypothesisId":"A"},"runId":"run1"}
{"sessionId":"cf25b3","id":"log_349743366226","timestamp":349743366226,"location":"AuraPlayerController.cpp:AbilityInputHeld","message":"Input held","data":{"InputTag":"InputTag.RMB","bRightMouseDown":true},"runId":"run1"}
{"sessionId":"cf25b3","id":"log_349743369551","timestamp":349743369551,"location":"AuraPlayerController.cpp:AbilityInputHeld","message":"Input held","data":{"InputTag":"InputTag.RMB","bRightMouseDown":true},"runId":"run1"}
{"sessionId":"cf25b3","id":"log_349743444734","timestamp":349743444734,"location":"AuraPlayerController.cpp:Look","message":"Look invoked","data":{"x":-0.35000,"y":0.00000,"bRightMouseDown":true,"hypothesisId":"A"},"runId":"run1"}
{"sessionId":"cf25b3","id":"log_349743448225","timestamp":349743448225,"location":"AuraPlayerController.cpp:AbilityInputHeld","message":"Input held","data":{"InputTag":"InputTag.RMB","bRightMouseDown":true},"runId":"run1"}
{"sessionId":"cf25b3","id":"log_349743452196","timestamp":349743452196,"location":"AuraPlayerController.cpp:AbilityInputHeld","message":"Input held","data":{"InputTag":"InputTag.RMB","bRightMouseDown":true},"runId":"run1"}
{"sessionId":"cf25b3","id":"log_349743527739","timestamp":349743527739,"location":"AuraPlayerController.cpp:Look","message":"Look invoked","data":{"x":-0.42000,"y":0.00000,"bRightMouseDown":true,"hypothesisId":"A"},"runId":"run1"}
{"sessionId":"cf25b3","id":"log_349743531666","timestamp":349743531666,"location":"AuraPlayerController.cpp:AbilityInputHeld","message":"Input held","data":{"InputTag":"InputTag.RMB","bRightMouseDown":true},"runId":"run1"}
{"sessionId":"cf25b3","id":"log_349743535678","timestamp":349743535678,"location":"AuraPlayerController.cpp:AbilityInputHeld","message":"Input held","data":{"InputTag":"InputTag.RMB","bRightMouseDown":true},"runId":"run1"}
{"sessionId":"cf25b3","id":"log_349743611215","timestamp":349743611215,"location":"AuraPlayerController.cpp:Look","message":"Look invoked","data":{"x":-0.70000,"y":0.00000,"bRightMouseDown":true,"hypothesisId":"A"},"runId":"run1"}
{"sessionId":"cf25b3","id":"log_349743614614","timestamp":349743614614,"location":"AuraPlayerController.cpp:AbilityInputHeld","message":"Input held","data":{"InputTag":"InputTag.RMB","bRightMouseDown":true},"runId":"run1"}
{"sessionId":"cf25b3","id":"log_349743618385","timestamp":349743618385,"location":"AuraPlayerController.cpp:AbilityInputHeld","message":"Input held","data":{"InputTag":"InputTag.RMB","bRightMouseDown":true},"runId":"run1"}
{"sessionId":"cf25b3","id":"log_349743695187","timestamp":349743695187,"location":"AuraPlayerController.cpp:Look","message":"Look invoked","data":{"x":-0.42000,"y":0.00000,"bRightMouseDown":true,"hypothesisId":"A"},"runId":"run1"}
{"sessionId":"cf25b3","id":"log_349743698965","timestamp":349743698965,"location":"AuraPlayerController.cpp:AbilityInputHeld","message":"Input held","data":{"InputTag":"InputTag.RMB","bRightMouseDown":true},"runId":"run1"}
{"sessionId":"cf25b3","id":"log_349743701995","timestamp":349743701995,"location":"AuraPlayerController.cpp:AbilityInputHeld","message":"Input held","data":{"InputTag":"InputTag.RMB","bRightMouseDown":true},"runId":"run1"}
{"sessionId":"cf25b3","id":"log_349743777982","timestamp":349743777982,"location":"AuraPlayerController.cpp:Look","message":"Look invoked","data":{"x":-0.49000,"y":0.00000,"bRightMouseDown":true,"hypothesisId":"A"},"runId":"run1"}
{"sessionId":"cf25b3","id":"log_349743781260","timestamp":349743781260,"location":"AuraPlayerController.cpp:AbilityInputHeld","message":"Input held","data":{"InputTag":"InputTag.RMB","bRightMouseDown":true},"runId":"run1"}
{"sessionId":"cf25b3","id":"log_349743784476","timestamp":349743784476,"location":"AuraPlayerController.cpp:AbilityInputHeld","message":"Input held","data":{"InputTag":"InputTag.RMB","bRightMouseDown":true},"runId":"run1"}
{"sessionId":"cf25b3","id":"log_349743861740","timestamp":349743861740,"location":"AuraPlayerController.cpp:Look","message":"Look invoked","data":{"x":-0.98000,"y":0.00000,"bRightMouseDown":true,"hypothesisId":"A"},"runId":"run1"}
{"sessionId":"cf25b3","id":"log_349743865710","timestamp":349743865710,"location":"AuraPlayerController.cpp:AbilityInputHeld","message":"Input held","data":{"InputTag":"InputTag.RMB","bRightMouseDown":true},"runId":"run1"}
{"sessionId":"cf25b3","id":"log_349743869321","timestamp":349743869321,"location":"AuraPlayerController.cpp:AbilityInputHeld","message":"Input held","data":{"InputTag":"InputTag.RMB","bRightMouseDown":true},"runId":"run1"}
{"sessionId":"cf25b3","id":"log_349743944734","timestamp":349743944734,"location":"AuraPlayerController.cpp:Look","message":"Look invoked","data":{"x":-0.56000,"y":0.00000,"bRightMouseDown":true,"hypothesisId":"A"},"runId":"run1"}
{"sessionId":"cf25b3","id":"log_349743948731","timestamp":349743948731,"location":"AuraPlayerController.cpp:AbilityInputHeld","message":"Input held","data":{"InputTag":"InputTag.RMB","bRightMouseDown":true},"runId":"run1"}
{"sessionId":"cf25b3","id":"log_349743951755","timestamp":349743951755,"location":"AuraPlayerController.cpp:AbilityInputHeld","message":"Input held","data":{"InputTag":"InputTag.RMB","bRightMouseDown":true},"runId":"run1"}
{"sessionId":"cf25b3","id":"log_349744028413","timestamp":349744028413,"location":"AuraPlayerController.cpp:Look","message":"Look invoked","data":{"x":-0.49000,"y":0.00000,"bRightMouseDown":true,"hypothesisId":"A"},"runId":"run1"}
{"sessionId":"cf25b3","id":"log_349744032294","timestamp":349744032294,"location":"AuraPlayerController.cpp:AbilityInputHeld","message":"Input held","data":{"InputTag":"InputTag.RMB","bRightMouseDown":true},"runId":"run1"}
{"sessionId":"cf25b3","id":"log_349744036163","timestamp":349744036163,"location":"AuraPlayerController.cpp:AbilityInputHeld","message":"Input held","data":{"InputTag":"InputTag.RMB","bRightMouseDown":true},"runId":"run1"}
{"sessionId":"cf25b3","id":"log_349744111498","timestamp":349744111498,"location":"AuraPlayerController.cpp:Look","message":"Look invoked","data":{"x":-1.05000,"y":0.00000,"bRightMouseDown":true,"hypothesisId":"A"},"runId":"run1"}
{"sessionId":"cf25b3","id":"log_349744115034","timestamp":349744115034,"location":"AuraPlayerController.cpp:AbilityInputHeld","message":"Input held","data":{"InputTag":"InputTag.RMB","bRightMouseDown":true},"runId":"run1"}
{"sessionId":"cf25b3","id":"log_349744119345","timestamp":349744119345,"location":"AuraPlayerController.cpp:AbilityInputHeld","message":"Input held","data":{"InputTag":"InputTag.RMB","bRightMouseDown":true},"runId":"run1"}
{"sessionId":"cf25b3","id":"log_349744194739","timestamp":349744194739,"location":"AuraPlayerController.cpp:Look","message":"Look invoked","data":{"x":-0.49000,"y":0.00000,"bRightMouseDown":true,"hypothesisId":"A"},"runId":"run1"}
{"sessionId":"cf25b3","id":"log_349744199037","timestamp":349744199037,"location":"AuraPlayerController.cpp:AbilityInputHeld","message":"Input held","data":{"InputTag":"InputTag.RMB","bRightMouseDown":true},"runId":"run1"}
{"sessionId":"cf25b3","id":"log_349744202543","timestamp":349744202543,"location":"AuraPlayerController.cpp:AbilityInputHeld","message":"Input held","data":{"InputTag":"InputTag.RMB","bRightMouseDown":true},"runId":"run1"}
{"sessionId":"cf25b3","id":"log_349744277853","timestamp":349744277853,"location":"AuraPlayerController.cpp:Look","message":"Look invoked","data":{"x":-0.49000,"y":0.00000,"bRightMouseDown":true,"hypothesisId":"A"},"runId":"run1"}
{"sessionId":"cf25b3","id":"log_349744281343","timestamp":349744281343,"location":"AuraPlayerController.cpp:AbilityInputHeld","message":"Input held","data":{"InputTag":"InputTag.RMB","bRightMouseDown":true},"runId":"run1"}
{"sessionId":"cf25b3","id":"log_349744284542","timestamp":349744284542,"location":"AuraPlayerController.cpp:AbilityInputHeld","message":"Input held","data":{"InputTag":"InputTag.RMB","bRightMouseDown":true},"runId":"run1"}
{"sessionId":"cf25b3","id":"log_349744361914","timestamp":349744361914,"location":"AuraPlayerController.cpp:Look","message":"Look invoked","data":{"x":-0.84000,"y":0.00000,"bRightMouseDown":true,"hypothesisId":"A"},"runId":"run1"}
{"sessionId":"cf25b3","id":"log_349744364676","timestamp":349744364676,"location":"AuraPlayerController.cpp:AbilityInputHeld","message":"Input held","data":{"InputTag":"InputTag.RMB","bRightMouseDown":true},"runId":"run1"}
{"sessionId":"cf25b3","id":"log_349744367722","timestamp":349744367722,"location":"AuraPlayerController.cpp:AbilityInputHeld","message":"Input held","data":{"InputTag":"InputTag.RMB","bRightMouseDown":true},"runId":"run1"}
{"sessionId":"cf25b3","id":"log_349744444902","timestamp":349744444902,"location":"AuraPlayerController.cpp:Look","message":"Look invoked","data":{"x":-0.49000,"y":0.00000,"bRightMouseDown":true,"hypothesisId":"A"},"runId":"run1"}
{"sessionId":"cf25b3","id":"log_349744449214","timestamp":349744449214,"location":"AuraPlayerController.cpp:AbilityInputHeld","message":"Input held","data":{"InputTag":"InputTag.RMB","bRightMouseDown":true},"runId":"run1"}
{"sessionId":"cf25b3","id":"log_349744452093","timestamp":349744452093,"location":"AuraPlayerController.cpp:AbilityInputHeld","message":"Input held","data":{"InputTag":"InputTag.RMB","bRightMouseDown":true},"runId":"run1"}
{"sessionId":"cf25b3","id":"log_349744528897","timestamp":349744528897,"location":"AuraPlayerController.cpp:Look","message":"Look invoked","data":{"x":-0.35000,"y":0.00000,"bRightMouseDown":true,"hypothesisId":"A"},"runId":"run1"}
{"sessionId":"cf25b3","id":"log_349744534949","timestamp":349744534949,"location":"AuraPlayerController.cpp:AbilityInputHeld","message":"Input held","data":{"InputTag":"InputTag.RMB","bRightMouseDown":true},"runId":"run1"}
{"sessionId":"cf25b3","id":"log_349744538678","timestamp":349744538678,"location":"AuraPlayerController.cpp:AbilityInputHeld","message":"Input held","data":{"InputTag":"InputTag.RMB","bRightMouseDown":true},"runId":"run1"}
{"sessionId":"cf25b3","id":"log_349744611716","timestamp":349744611716,"location":"AuraPlayerController.cpp:Look","message":"Look invoked","data":{"x":-0.70000,"y":0.00000,"bRightMouseDown":true,"hypothesisId":"A"},"runId":"run1"}
{"sessionId":"cf25b3","id":"log_349744615404","timestamp":349744615404,"location":"AuraPlayerController.cpp:AbilityInputHeld","message":"Input held","data":{"InputTag":"InputTag.RMB","bRightMouseDown":true},"runId":"run1"}
{"sessionId":"cf25b3","id":"log_349744618842","timestamp":349744618842,"location":"AuraPlayerController.cpp:AbilityInputHeld","message":"Input held","data":{"InputTag":"InputTag.RMB","bRightMouseDown":true},"runId":"run1"}
{"sessionId":"cf25b3","id":"log_349744694995","timestamp":349744694995,"location":"AuraPlayerController.cpp:Look","message":"Look invoked","data":{"x":-0.42000,"y":0.00000,"bRightMouseDown":true,"hypothesisId":"A"},"runId":"run1"}
{"sessionId":"cf25b3","id":"log_349744698913","timestamp":349744698913,"location":"AuraPlayerController.cpp:AbilityInputHeld","message":"Input held","data":{"InputTag":"InputTag.RMB","bRightMouseDown":true},"runId":"run1"}
{"sessionId":"cf25b3","id":"log_349744702371","timestamp":349744702371,"location":"AuraPlayerController.cpp:AbilityInputHeld","message":"Input held","data":{"InputTag":"InputTag.RMB","bRightMouseDown":true},"runId":"run1"}
{"sessionId":"cf25b3","id":"log_349744778253","timestamp":349744778253,"location":"AuraPlayerController.cpp:Look","message":"Look invoked","data":{"x":-0.49000,"y":0.00000,"bRightMouseDown":true,"hypothesisId":"A"},"runId":"run1"}
{"sessionId":"cf25b3","id":"log_349744782368","timestamp":349744782368,"location":"AuraPlayerController.cpp:AbilityInputHeld","message":"Input held","data":{"InputTag":"InputTag.RMB","bRightMouseDown":true},"runId":"run1"}
{"sessionId":"cf25b3","id":"log_349744785353","timestamp":349744785353,"location":"AuraPlayerController.cpp:AbilityInputHeld","message":"Input held","data":{"InputTag":"InputTag.RMB","bRightMouseDown":true},"runId":"run1"}
{"sessionId":"cf25b3","id":"log_349744861465","timestamp":349744861465,"location":"AuraPlayerController.cpp:Look","message":"Look invoked","data":{"x":-0.98000,"y":0.00000,"bRightMouseDown":true,"hypothesisId":"A"},"runId":"run1"}
{"sessionId":"cf25b3","id":"log_349744865321","timestamp":349744865321,"location":"AuraPlayerController.cpp:AbilityInputHeld","message":"Input held","data":{"InputTag":"InputTag.RMB","bRightMouseDown":true},"runId":"run1"}
{"sessionId":"cf25b3","id":"log_349744868801","timestamp":349744868801,"location":"AuraPlayerController.cpp:AbilityInputHeld","message":"Input held","data":{"InputTag":"InputTag.RMB","bRightMouseDown":true},"runId":"run1"}
{"sessionId":"cf25b3","id":"log_349744945952","timestamp":349744945952,"location":"AuraPlayerController.cpp:Look","message":"Look invoked","data":{"x":-0.63000,"y":0.00000,"bRightMouseDown":true,"hypothesisId":"A"},"runId":"run1"}
{"sessionId":"cf25b3","id":"log_349744949473","timestamp":349744949473,"location":"AuraPlayerController.cpp:AbilityInputHeld","message":"Input held","data":{"InputTag":"InputTag.RMB","bRightMouseDown":true},"runId":"run1"}
{"sessionId":"cf25b3","id":"log_349744952008","timestamp":349744952008,"location":"AuraPlayerController.cpp:AbilityInputHeld","message":"Input held","data":{"InputTag":"InputTag.RMB","bRightMouseDown":true},"runId":"run1"}
{"sessionId":"cf25b3","id":"log_349745028269","timestamp":349745028269,"location":"AuraPlayerController.cpp:Look","message":"Look invoked","data":{"x":-0.49000,"y":0.00000,"bRightMouseDown":true,"hypothesisId":"A"},"runId":"run1"}
{"sessionId":"cf25b3","id":"log_349745034063","timestamp":349745034063,"location":"AuraPlayerController.cpp:AbilityInputHeld","message":"Input held","data":{"InputTag":"InputTag.RMB","bRightMouseDown":true},"runId":"run1"}
{"sessionId":"cf25b3","id":"log_349745037122","timestamp":349745037122,"location":"AuraPlayerController.cpp:AbilityInputHeld","message":"Input held","data":{"InputTag":"InputTag.RMB","bRightMouseDown":true},"runId":"run1"}
{"sessionId":"cf25b3","id":"log_349745111343","timestamp":349745111343,"location":"AuraPlayerController.cpp:Look","message":"Look invoked","data":{"x":-0.91000,"y":0.00000,"bRightMouseDown":true,"hypothesisId":"A"},"runId":"run1"}
{"sessionId":"cf25b3","id":"log_349745114726","timestamp":349745114726,"location":"AuraPlayerController.cpp:AbilityInputHeld","message":"Input held","data":{"InputTag":"InputTag.RMB","bRightMouseDown":true},"runId":"run1"}
{"sessionId":"cf25b3","id":"log_349745118615","timestamp":349745118615,"location":"AuraPlayerController.cpp:AbilityInputHeld","message":"Input held","data":{"InputTag":"InputTag.RMB","bRightMouseDown":true},"runId":"run1"}
{"sessionId":"cf25b3","id":"log_349745194902","timestamp":349745194902,"location":"AuraPlayerController.cpp:Look","message":"Look invoked","data":{"x":-0.49000,"y":0.00000,"bRightMouseDown":true,"hypothesisId":"A"},"runId":"run1"}
{"sessionId":"cf25b3","id":"log_349745199052","timestamp":349745199052,"location":"AuraPlayerController.cpp:AbilityInputHeld","message":"Input held","data":{"InputTag":"InputTag.RMB","bRightMouseDown":true},"runId":"run1"}
{"sessionId":"cf25b3","id":"log_349745201990","timestamp":349745201990,"location":"AuraPlayerController.cpp:AbilityInputHeld","message":"Input held","data":{"InputTag":"InputTag.RMB","bRightMouseDown":true},"runId":"run1"}
{"sessionId":"cf25b3","id":"log_349745278053","timestamp":349745278053,"location":"AuraPlayerController.cpp:Look","message":"Look invoked","data":{"x":-0.42000,"y":0.00000,"bRightMouseDown":true,"hypothesisId":"A"},"runId":"run1"}
{"sessionId":"cf25b3","id":"log_349745281848","timestamp":349745281848,"location":"AuraPlayerController.cpp:AbilityInputHeld","message":"Input held","data":{"InputTag":"InputTag.RMB","bRightMouseDown":true},"runId":"run1"}
{"sessionId":"cf25b3","id":"log_349745285654","timestamp":349745285654,"location":"AuraPlayerController.cpp:AbilityInputHeld","message":"Input held","data":{"InputTag":"InputTag.RMB","bRightMouseDown":true},"runId":"run1"}
{"sessionId":"cf25b3","id":"log_349745362005","timestamp":349745362005,"location":"AuraPlayerController.cpp:Look","message":"Look invoked","data":{"x":-0.56000,"y":0.00000,"bRightMouseDown":true,"hypothesisId":"A"},"runId":"run1"}
{"sessionId":"cf25b3","id":"log_349745365551","timestamp":349745365551,"location":"AuraPlayerController.cpp:AbilityInputHeld","message":"Input held","data":{"InputTag":"InputTag.RMB","bRightMouseDown":true},"runId":"run1"}
{"sessionId":"cf25b3","id":"log_349745369506","timestamp":349745369506,"location":"AuraPlayerController.cpp:AbilityInputHeld","message":"Input held","data":{"InputTag":"InputTag.RMB","bRightMouseDown":true},"runId":"run1"}
{"sessionId":"cf25b3","id":"log_349745444757","timestamp":349745444757,"location":"AuraPlayerController.cpp:Look","message":"Look invoked","data":{"x":0.35000,"y":0.00000,"bRightMouseDown":true,"hypothesisId":"A"},"runId":"run1"}
{"sessionId":"cf25b3","id":"log_349745448249","timestamp":349745448249,"location":"AuraPlayerController.cpp:AbilityInputHeld","message":"Input held","data":{"InputTag":"InputTag.RMB","bRightMouseDown":true},"runId":"run1"}
{"sessionId":"cf25b3","id":"log_349745452059","timestamp":349745452059,"location":"AuraPlayerController.cpp:AbilityInputHeld","message":"Input held","data":{"InputTag":"InputTag.RMB","bRightMouseDown":true},"runId":"run1"}
{"sessionId":"cf25b3","id":"log_349745527797","timestamp":349745527797,"location":"AuraPlayerController.cpp:Look","message":"Look invoked","data":{"x":-0.28000,"y":0.00000,"bRightMouseDown":true,"hypothesisId":"A"},"runId":"run1"}
{"sessionId":"cf25b3","id":"log_349745533073","timestamp":349745533073,"location":"AuraPlayerController.cpp:AbilityInputHeld","message":"Input held","data":{"InputTag":"InputTag.RMB","bRightMouseDown":true},"runId":"run1"}
{"sessionId":"cf25b3","id":"log_349745536013","timestamp":349745536013,"location":"AuraPlayerController.cpp:AbilityInputHeld","message":"Input held","data":{"InputTag":"InputTag.RMB","bRightMouseDown":true},"runId":"run1"}
{"sessionId":"cf25b3","id":"log_349745611938","timestamp":349745611938,"location":"AuraPlayerController.cpp:Look","message":"Look invoked","data":{"x":0.42000,"y":0.00000,"bRightMouseDown":true,"hypothesisId":"A"},"runId":"run1"}
{"sessionId":"cf25b3","id":"log_349745615163","timestamp":349745615163,"location":"AuraPlayerController.cpp:AbilityInputHeld","message":"Input held","data":{"InputTag":"InputTag.RMB","bRightMouseDown":true},"runId":"run1"}
{"sessionId":"cf25b3","id":"log_349745618689","timestamp":349745618689,"location":"AuraPlayerController.cpp:AbilityInputHeld","message":"Input held","data":{"InputTag":"InputTag.RMB","bRightMouseDown":true},"runId":"run1"}
{"sessionId":"cf25b3","id":"log_349745695679","timestamp":349745695679,"location":"AuraPlayerController.cpp:Look","message":"Look invoked","data":{"x":0.28000,"y":0.00000,"bRightMouseDown":true,"hypothesisId":"A"},"runId":"run1"}
{"sessionId":"cf25b3","id":"log_349745699221","timestamp":349745699221,"location":"AuraPlayerController.cpp:AbilityInputHeld","message":"Input held","data":{"InputTag":"InputTag.RMB","bRightMouseDown":true},"runId":"run1"}
{"sessionId":"cf25b3","id":"log_349745702557","timestamp":349745702557,"location":"AuraPlayerController.cpp:AbilityInputHeld","message":"Input held","data":{"InputTag":"InputTag.RMB","bRightMouseDown":true},"runId":"run1"}
{"sessionId":"cf25b3","id":"log_349745778661","timestamp":349745778661,"location":"AuraPlayerController.cpp:Look","message":"Look invoked","data":{"x":0.21000,"y":0.00000,"bRightMouseDown":true,"hypothesisId":"A"},"runId":"run1"}
{"sessionId":"cf25b3","id":"log_349745782609","timestamp":349745782609,"location":"AuraPlayerController.cpp:AbilityInputHeld","message":"Input held","data":{"InputTag":"InputTag.RMB","bRightMouseDown":true},"runId":"run1"}
{"sessionId":"cf25b3","id":"log_349745785637","timestamp":349745785637,"location":"AuraPlayerController.cpp:AbilityInputHeld","message":"Input held","data":{"InputTag":"InputTag.RMB","bRightMouseDown":true},"runId":"run1"}
{"sessionId":"cf25b3","id":"log_349745862442","timestamp":349745862442,"location":"AuraPlayerController.cpp:Look","message":"Look invoked","data":{"x":0.35000,"y":0.00000,"bRightMouseDown":true,"hypothesisId":"A"},"runId":"run1"}
{"sessionId":"cf25b3","id":"log_349745866649","timestamp":349745866649,"location":"AuraPlayerController.cpp:AbilityInputHeld","message":"Input held","data":{"InputTag":"InputTag.RMB","bRightMouseDown":true},"runId":"run1"}
{"sessionId":"cf25b3","id":"log_349745869579","timestamp":349745869579,"location":"AuraPlayerController.cpp:AbilityInputHeld","message":"Input held","data":{"InputTag":"InputTag.RMB","bRightMouseDown":true},"runId":"run1"}
{"sessionId":"cf25b3","id":"log_349745944624","timestamp":349745944624,"location":"AuraPlayerController.cpp:Look","message":"Look invoked","data":{"x":0.21000,"y":0.00000,"bRightMouseDown":true,"hypothesisId":"A"},"runId":"run1"}
{"sessionId":"cf25b3","id":"log_349745949160","timestamp":349745949160,"location":"AuraPlayerController.cpp:AbilityInputHeld","message":"Input held","data":{"InputTag":"InputTag.RMB","bRightMouseDown":true},"runId":"run1"}
{"sessionId":"cf25b3","id":"log_349745952256","timestamp":349745952256,"location":"AuraPlayerController.cpp:AbilityInputHeld","message":"Input held","data":{"InputTag":"InputTag.RMB","bRightMouseDown":true},"runId":"run1"}
{"sessionId":"cf25b3","id":"log_349746027927","timestamp":349746027927,"location":"AuraPlayerController.cpp:Look","message":"Look invoked","data":{"x":0.14000,"y":0.00000,"bRightMouseDown":true,"hypothesisId":"A"},"runId":"run1"}
{"sessionId":"cf25b3","id":"log_349746031397","timestamp":349746031397,"location":"AuraPlayerController.cpp:AbilityInputHeld","message":"Input held","data":{"InputTag":"InputTag.RMB","bRightMouseDown":true},"runId":"run1"}
{"sessionId":"cf25b3","id":"log_349746035579","timestamp":349746035579,"location":"AuraPlayerController.cpp:AbilityInputHeld","message":"Input held","data":{"InputTag":"InputTag.RMB","bRightMouseDown":true},"runId":"run1"}
{"sessionId":"cf25b3","id":"log_349746119422","timestamp":349746119422,"location":"AuraPlayerController.cpp:Look","message":"Look invoked","data":{"x":0.21000,"y":0.00000,"bRightMouseDown":true,"hypothesisId":"A"},"runId":"run1"}
{"sessionId":"cf25b3","id":"log_349746122782","timestamp":349746122782,"location":"AuraPlayerController.cpp:AbilityInputHeld","message":"Input held","data":{"InputTag":"InputTag.RMB","bRightMouseDown":true},"runId":"run1"}
{"sessionId":"cf25b3","id":"log_349746125946","timestamp":349746125946,"location":"AuraPlayerController.cpp:AbilityInputHeld","message":"Input held","data":{"InputTag":"InputTag.RMB","bRightMouseDown":true},"runId":"run1"}
{"sessionId":"cf25b3","id":"log_349746195101","timestamp":349746195101,"location":"AuraPlayerController.cpp:Look","message":"Look invoked","data":{"x":0.07000,"y":0.00000,"bRightMouseDown":true,"hypothesisId":"A"},"runId":"run1"}
{"sessionId":"cf25b3","id":"log_349746198553","timestamp":349746198553,"location":"AuraPlayerController.cpp:AbilityInputHeld","message":"Input held","data":{"InputTag":"InputTag.RMB","bRightMouseDown":true},"runId":"run1"}
{"sessionId":"cf25b3","id":"log_349746202109","timestamp":349746202109,"location":"AuraPlayerController.cpp:AbilityInputHeld","message":"Input held","data":{"InputTag":"InputTag.RMB","bRightMouseDown":true},"runId":"run1"}
{"sessionId":"cf25b3","id":"log_349746276530","timestamp":349746276530,"location":"AuraPlayerController.cpp:AbilityInputHeld","message":"Input held","data":{"InputTag":"InputTag.RMB","bRightMouseDown":true},"runId":"run1"}
{"sessionId":"cf25b3","id":"log_349746281075","timestamp":349746281075,"location":"AuraPlayerController.cpp:AbilityInputReleased","message":"Input released","data":{"InputTag":"InputTag.RMB","bRightMouseDown":true},"runId":"run1"}
{"sessionId":"cf25b3","id":"log_349746359559","timestamp":349746359559,"location":"AuraPlayerController.cpp:AbilityInputHeld","message":"Input held","data":{"InputTag":"InputTag.RMB","bRightMouseDown":false},"runId":"run1"}
{"sessionId":"cf25b3","id":"log_349746443228","timestamp":349746443228,"location":"AuraPlayerController.cpp:AbilityInputHeld","message":"Input held","data":{"InputTag":"InputTag.RMB","bRightMouseDown":true},"runId":"run1"}
{"sessionId":"cf25b3","id":"log_349746526315","timestamp":349746526315,"location":"AuraPlayerController.cpp:AbilityInputHeld","message":"Input held","data":{"InputTag":"InputTag.RMB","bRightMouseDown":true},"runId":"run1"}
{"sessionId":"cf25b3","id":"log_349746609908","timestamp":349746609908,"location":"AuraPlayerController.cpp:AbilityInputHeld","message":"Input held","data":{"InputTag":"InputTag.RMB","bRightMouseDown":true},"runId":"run1"}
{"sessionId":"cf25b3","id":"log_349746694722","timestamp":349746694722,"location":"AuraPlayerController.cpp:Look","message":"Look invoked","data":{"x":0.14000,"y":0.00000,"bRightMouseDown":true,"hypothesisId":"A"},"runId":"run1"}
{"sessionId":"cf25b3","id":"log_349746698480","timestamp":349746698480,"location":"AuraPlayerController.cpp:AbilityInputHeld","message":"Input held","data":{"InputTag":"InputTag.RMB","bRightMouseDown":true},"runId":"run1"}
{"sessionId":"cf25b3","id":"log_349746703769","timestamp":349746703769,"location":"AuraPlayerController.cpp:AbilityInputHeld","message":"Input held","data":{"InputTag":"InputTag.RMB","bRightMouseDown":true},"runId":"run1"}
{"sessionId":"cf25b3","id":"log_349746778902","timestamp":349746778902,"location":"AuraPlayerController.cpp:Look","message":"Look invoked","data":{"x":0.21000,"y":0.00000,"bRightMouseDown":true,"hypothesisId":"A"},"runId":"run1"}
{"sessionId":"cf25b3","id":"log_349746782773","timestamp":349746782773,"location":"AuraPlayerController.cpp:AbilityInputHeld","message":"Input held","data":{"InputTag":"InputTag.RMB","bRightMouseDown":true},"runId":"run1"}
{"sessionId":"cf25b3","id":"log_349746785873","timestamp":349746785873,"location":"AuraPlayerController.cpp:AbilityInputHeld","message":"Input held","data":{"InputTag":"InputTag.RMB","bRightMouseDown":true},"runId":"run1"}
{"sessionId":"cf25b3","id":"log_349746861520","timestamp":349746861520,"location":"AuraPlayerController.cpp:Look","message":"Look invoked","data":{"x":0.63000,"y":0.00000,"bRightMouseDown":true,"hypothesisId":"A"},"runId":"run1"}
{"sessionId":"cf25b3","id":"log_349746865676","timestamp":349746865676,"location":"AuraPlayerController.cpp:AbilityInputHeld","message":"Input held","data":{"InputTag":"InputTag.RMB","bRightMouseDown":true},"runId":"run1"}
{"sessionId":"cf25b3","id":"log_349746869700","timestamp":349746869700,"location":"AuraPlayerController.cpp:AbilityInputHeld","message":"Input held","data":{"InputTag":"InputTag.RMB","bRightMouseDown":true},"runId":"run1"}
{"sessionId":"cf25b3","id":"log_349746946102","timestamp":349746946102,"location":"AuraPlayerController.cpp:Look","message":"Look invoked","data":{"x":0.42000,"y":0.00000,"bRightMouseDown":true,"hypothesisId":"A"},"runId":"run1"}
{"sessionId":"cf25b3","id":"log_349746949596","timestamp":349746949596,"location":"AuraPlayerController.cpp:AbilityInputHeld","message":"Input held","data":{"InputTag":"InputTag.RMB","bRightMouseDown":true},"runId":"run1"}
{"sessionId":"cf25b3","id":"log_349746952831","timestamp":349746952831,"location":"AuraPlayerController.cpp:AbilityInputHeld","message":"Input held","data":{"InputTag":"InputTag.RMB","bRightMouseDown":true},"runId":"run1"}
{"sessionId":"cf25b3","id":"log_349747028108","timestamp":349747028108,"location":"AuraPlayerController.cpp:Look","message":"Look invoked","data":{"x":0.42000,"y":0.00000,"bRightMouseDown":true,"hypothesisId":"A"},"runId":"run1"}
{"sessionId":"cf25b3","id":"log_349747032238","timestamp":349747032238,"location":"AuraPlayerController.cpp:AbilityInputHeld","message":"Input held","data":{"InputTag":"InputTag.RMB","bRightMouseDown":true},"runId":"run1"}
{"sessionId":"cf25b3","id":"log_349747035026","timestamp":349747035026,"location":"AuraPlayerController.cpp:AbilityInputHeld","message":"Input held","data":{"InputTag":"InputTag.RMB","bRightMouseDown":true},"runId":"run1"}
{"sessionId":"cf25b3","id":"log_349747111354","timestamp":349747111354,"location":"AuraPlayerController.cpp:Look","message":"Look invoked","data":{"x":1.12000,"y":0.00000,"bRightMouseDown":true,"hypothesisId":"A"},"runId":"run1"}
{"sessionId":"cf25b3","id":"log_349747114768","timestamp":349747114768,"location":"AuraPlayerController.cpp:AbilityInputHeld","message":"Input held","data":{"InputTag":"InputTag.RMB","bRightMouseDown":true},"runId":"run1"}
{"sessionId":"cf25b3","id":"log_349747119564","timestamp":349747119564,"location":"AuraPlayerController.cpp:AbilityInputHeld","message":"Input held","data":{"InputTag":"InputTag.RMB","bRightMouseDown":true},"runId":"run1"}
{"sessionId":"cf25b3","id":"log_349747195327","timestamp":349747195327,"location":"AuraPlayerController.cpp:Look","message":"Look invoked","data":{"x":0.77000,"y":0.00000,"bRightMouseDown":true,"hypothesisId":"A"},"runId":"run1"}
{"sessionId":"cf25b3","id":"log_349747198883","timestamp":349747198883,"location":"AuraPlayerController.cpp:AbilityInputHeld","message":"Input held","data":{"InputTag":"InputTag.RMB","bRightMouseDown":true},"runId":"run1"}
{"sessionId":"cf25b3","id":"log_349747202578","timestamp":349747202578,"location":"AuraPlayerController.cpp:AbilityInputHeld","message":"Input held","data":{"InputTag":"InputTag.RMB","bRightMouseDown":true},"runId":"run1"}
{"sessionId":"cf25b3","id":"log_349747278098","timestamp":349747278098,"location":"AuraPlayerController.cpp:Look","message":"Look invoked","data":{"x":0.84000,"y":0.00000,"bRightMouseDown":true,"hypothesisId":"A"},"runId":"run1"}
{"sessionId":"cf25b3","id":"log_349747281581","timestamp":349747281581,"location":"AuraPlayerController.cpp:AbilityInputHeld","message":"Input held","data":{"InputTag":"InputTag.RMB","bRightMouseDown":true},"runId":"run1"}
{"sessionId":"cf25b3","id":"log_349747285171","timestamp":349747285171,"location":"AuraPlayerController.cpp:AbilityInputHeld","message":"Input held","data":{"InputTag":"InputTag.RMB","bRightMouseDown":true},"runId":"run1"}
{"sessionId":"cf25b3","id":"log_349747361605","timestamp":349747361605,"location":"AuraPlayerController.cpp:Look","message":"Look invoked","data":{"x":1.47000,"y":0.00000,"bRightMouseDown":true,"hypothesisId":"A"},"runId":"run1"}
{"sessionId":"cf25b3","id":"log_349747365286","timestamp":349747365286,"location":"AuraPlayerController.cpp:AbilityInputHeld","message":"Input held","data":{"InputTag":"InputTag.RMB","bRightMouseDown":true},"runId":"run1"}
{"sessionId":"cf25b3","id":"log_349747368902","timestamp":349747368902,"location":"AuraPlayerController.cpp:AbilityInputHeld","message":"Input held","data":{"InputTag":"InputTag.RMB","bRightMouseDown":true},"runId":"run1"}
{"sessionId":"cf25b3","id":"log_349747445042","timestamp":349747445042,"location":"AuraPlayerController.cpp:Look","message":"Look invoked","data":{"x":0.91000,"y":0.00000,"bRightMouseDown":true,"hypothesisId":"A"},"runId":"run1"}
{"sessionId":"cf25b3","id":"log_349747449032","timestamp":349747449032,"location":"AuraPlayerController.cpp:AbilityInputHeld","message":"Input held","data":{"InputTag":"InputTag.RMB","bRightMouseDown":true},"runId":"run1"}
{"sessionId":"cf25b3","id":"log_349747452586","timestamp":349747452586,"location":"AuraPlayerController.cpp:AbilityInputHeld","message":"Input held","data":{"InputTag":"InputTag.RMB","bRightMouseDown":true},"runId":"run1"}
{"sessionId":"cf25b3","id":"log_349747528648","timestamp":349747528648,"location":"AuraPlayerController.cpp:Look","message":"Look invoked","data":{"x":0.77000,"y":0.00000,"bRightMouseDown":true,"hypothesisId":"A"},"runId":"run1"}
{"sessionId":"cf25b3","id":"log_349747532463","timestamp":349747532463,"location":"AuraPlayerController.cpp:AbilityInputHeld","message":"Input held","data":{"InputTag":"InputTag.RMB","bRightMouseDown":true},"runId":"run1"}
{"sessionId":"cf25b3","id":"log_349747535215","timestamp":349747535215,"location":"AuraPlayerController.cpp:AbilityInputHeld","message":"Input held","data":{"InputTag":"InputTag.RMB","bRightMouseDown":true},"runId":"run1"}
{"sessionId":"cf25b3","id":"log_349747611484","timestamp":349747611484,"location":"AuraPlayerController.cpp:Look","message":"Look invoked","data":{"x":1.68000,"y":0.00000,"bRightMouseDown":true,"hypothesisId":"A"},"runId":"run1"}
{"sessionId":"cf25b3","id":"log_349747614915","timestamp":349747614915,"location":"AuraPlayerController.cpp:AbilityInputHeld","message":"Input held","data":{"InputTag":"InputTag.RMB","bRightMouseDown":true},"runId":"run1"}
{"sessionId":"cf25b3","id":"log_349747617975","timestamp":349747617975,"location":"AuraPlayerController.cpp:AbilityInputHeld","message":"Input held","data":{"InputTag":"InputTag.RMB","bRightMouseDown":true},"runId":"run1"}
{"sessionId":"cf25b3","id":"log_349747694942","timestamp":349747694942,"location":"AuraPlayerController.cpp:Look","message":"Look invoked","data":{"x":0.77000,"y":0.00000,"bRightMouseDown":true,"hypothesisId":"A"},"runId":"run1"}
{"sessionId":"cf25b3","id":"log_349747699238","timestamp":349747699238,"location":"AuraPlayerController.cpp:AbilityInputHeld","message":"Input held","data":{"InputTag":"InputTag.RMB","bRightMouseDown":true},"runId":"run1"}
{"sessionId":"cf25b3","id":"log_349747702562","timestamp":349747702562,"location":"AuraPlayerController.cpp:AbilityInputHeld","message":"Input held","data":{"InputTag":"InputTag.RMB","bRightMouseDown":true},"runId":"run1"}
{"sessionId":"cf25b3","id":"log_349747778076","timestamp":349747778076,"location":"AuraPlayerController.cpp:Look","message":"Look invoked","data":{"x":0.91000,"y":0.00000,"bRightMouseDown":true,"hypothesisId":"A"},"runId":"run1"}
{"sessionId":"cf25b3","id":"log_349747781438","timestamp":349747781438,"location":"AuraPlayerController.cpp:AbilityInputHeld","message":"Input held","data":{"InputTag":"InputTag.RMB","bRightMouseDown":true},"runId":"run1"}
{"sessionId":"cf25b3","id":"log_349747784546","timestamp":349747784546,"location":"AuraPlayerController.cpp:AbilityInputHeld","message":"Input held","data":{"InputTag":"InputTag.RMB","bRightMouseDown":true},"runId":"run1"}
{"sessionId":"cf25b3","id":"log_349747862897","timestamp":349747862897,"location":"AuraPlayerController.cpp:Look","message":"Look invoked","data":{"x":1.47000,"y":0.00000,"bRightMouseDown":true,"hypothesisId":"A"},"runId":"run1"}
{"sessionId":"cf25b3","id":"log_349747866442","timestamp":349747866442,"location":"AuraPlayerController.cpp:AbilityInputHeld","message":"Input held","data":{"InputTag":"InputTag.RMB","bRightMouseDown":true},"runId":"run1"}
{"sessionId":"cf25b3","id":"log_349747869488","timestamp":349747869488,"location":"AuraPlayerController.cpp:AbilityInputHeld","message":"Input held","data":{"InputTag":"InputTag.RMB","bRightMouseDown":true},"runId":"run1"}
{"sessionId":"cf25b3","id":"log_349747944346","timestamp":349747944346,"location":"AuraPlayerController.cpp:Look","message":"Look invoked","data":{"x":0.70000,"y":0.00000,"bRightMouseDown":true,"hypothesisId":"A"},"runId":"run1"}
{"sessionId":"cf25b3","id":"log_349747948802","timestamp":349747948802,"location":"AuraPlayerController.cpp:AbilityInputHeld","message":"Input held","data":{"InputTag":"InputTag.RMB","bRightMouseDown":true},"runId":"run1"}
{"sessionId":"cf25b3","id":"log_349747952727","timestamp":349747952727,"location":"AuraPlayerController.cpp:AbilityInputHeld","message":"Input held","data":{"InputTag":"InputTag.RMB","bRightMouseDown":true},"runId":"run1"}
{"sessionId":"cf25b3","id":"log_349748028069","timestamp":349748028069,"location":"AuraPlayerController.cpp:Look","message":"Look invoked","data":{"x":0.70000,"y":0.00000,"bRightMouseDown":true,"hypothesisId":"A"},"runId":"run1"}
{"sessionId":"cf25b3","id":"log_349748032337","timestamp":349748032337,"location":"AuraPlayerController.cpp:AbilityInputHeld","message":"Input held","data":{"InputTag":"InputTag.RMB","bRightMouseDown":true},"runId":"run1"}
{"sessionId":"cf25b3","id":"log_349748035428","timestamp":349748035428,"location":"AuraPlayerController.cpp:AbilityInputHeld","message":"Input held","data":{"InputTag":"InputTag.RMB","bRightMouseDown":true},"runId":"run1"}
{"sessionId":"cf25b3","id":"log_349748111528","timestamp":349748111528,"location":"AuraPlayerController.cpp:Look","message":"Look invoked","data":{"x":1.12000,"y":0.00000,"bRightMouseDown":true,"hypothesisId":"A"},"runId":"run1"}
{"sessionId":"cf25b3","id":"log_349748115354","timestamp":349748115354,"location":"AuraPlayerController.cpp:AbilityInputHeld","message":"Input held","data":{"InputTag":"InputTag.RMB","bRightMouseDown":true},"runId":"run1"}
{"sessionId":"cf25b3","id":"log_349748118662","timestamp":349748118662,"location":"AuraPlayerController.cpp:AbilityInputHeld","message":"Input held","data":{"InputTag":"InputTag.RMB","bRightMouseDown":true},"runId":"run1"}
{"sessionId":"cf25b3","id":"log_349748195686","timestamp":349748195686,"location":"AuraPlayerController.cpp:Look","message":"Look invoked","data":{"x":0.56000,"y":0.00000,"bRightMouseDown":true,"hypothesisId":"A"},"runId":"run1"}
{"sessionId":"cf25b3","id":"log_349748199156","timestamp":349748199156,"location":"AuraPlayerController.cpp:AbilityInputHeld","message":"Input held","data":{"InputTag":"InputTag.RMB","bRightMouseDown":true},"runId":"run1"}
{"sessionId":"cf25b3","id":"log_349748202290","timestamp":349748202290,"location":"AuraPlayerController.cpp:AbilityInputHeld","message":"Input held","data":{"InputTag":"InputTag.RMB","bRightMouseDown":true},"runId":"run1"}
{"sessionId":"cf25b3","id":"log_349748279190","timestamp":349748279190,"location":"AuraPlayerController.cpp:Look","message":"Look invoked","data":{"x":0.56000,"y":0.00000,"bRightMouseDown":true,"hypothesisId":"A"},"runId":"run1"}
{"sessionId":"cf25b3","id":"log_349748283474","timestamp":349748283474,"location":"AuraPlayerController.cpp:AbilityInputHeld","message":"Input held","data":{"InputTag":"InputTag.RMB","bRightMouseDown":true},"runId":"run1"}
{"sessionId":"cf25b3","id":"log_349748286825","timestamp":349748286825,"location":"AuraPlayerController.cpp:AbilityInputHeld","message":"Input held","data":{"InputTag":"InputTag.RMB","bRightMouseDown":true},"runId":"run1"}
{"sessionId":"cf25b3","id":"log_349748361992","timestamp":349748361992,"location":"AuraPlayerController.cpp:Look","message":"Look invoked","data":{"x":0.77000,"y":0.00000,"bRightMouseDown":true,"hypothesisId":"A"},"runId":"run1"}
{"sessionId":"cf25b3","id":"log_349748365483","timestamp":349748365483,"location":"AuraPlayerController.cpp:AbilityInputHeld","message":"Input held","data":{"InputTag":"InputTag.RMB","bRightMouseDown":true},"runId":"run1"}
{"sessionId":"cf25b3","id":"log_349748369266","timestamp":349748369266,"location":"AuraPlayerController.cpp:AbilityInputHeld","message":"Input held","data":{"InputTag":"InputTag.RMB","bRightMouseDown":true},"runId":"run1"}
{"sessionId":"cf25b3","id":"log_349748444469","timestamp":349748444469,"location":"AuraPlayerController.cpp:Look","message":"Look invoked","data":{"x":0.49000,"y":0.00000,"bRightMouseDown":true,"hypothesisId":"A"},"runId":"run1"}
{"sessionId":"cf25b3","id":"log_349748448353","timestamp":349748448353,"location":"AuraPlayerController.cpp:AbilityInputHeld","message":"Input held","data":{"InputTag":"InputTag.RMB","bRightMouseDown":true},"runId":"run1"}
{"sessionId":"cf25b3","id":"log_349748451515","timestamp":349748451515,"location":"AuraPlayerController.cpp:AbilityInputHeld","message":"Input held","data":{"InputTag":"InputTag.RMB","bRightMouseDown":true},"runId":"run1"}
{"sessionId":"cf25b3","id":"log_349748529012","timestamp":349748529012,"location":"AuraPlayerController.cpp:Look","message":"Look invoked","data":{"x":0.35000,"y":0.00000,"bRightMouseDown":true,"hypothesisId":"A"},"runId":"run1"}
{"sessionId":"cf25b3","id":"log_349748532462","timestamp":349748532462,"location":"AuraPlayerController.cpp:AbilityInputHeld","message":"Input held","data":{"InputTag":"InputTag.RMB","bRightMouseDown":true},"runId":"run1"}
{"sessionId":"cf25b3","id":"log_349748535627","timestamp":349748535627,"location":"AuraPlayerController.cpp:AbilityInputHeld","message":"Input held","data":{"InputTag":"InputTag.RMB","bRightMouseDown":true},"runId":"run1"}
{"sessionId":"cf25b3","id":"log_349748613840","timestamp":349748613840,"location":"AuraPlayerController.cpp:Look","message":"Look invoked","data":{"x":0.49000,"y":0.00000,"bRightMouseDown":true,"hypothesisId":"A"},"runId":"run1"}
{"sessionId":"cf25b3","id":"log_349748617458","timestamp":349748617458,"location":"AuraPlayerController.cpp:AbilityInputHeld","message":"Input held","data":{"InputTag":"InputTag.RMB","bRightMouseDown":true},"runId":"run1"}
{"sessionId":"cf25b3","id":"log_349748620819","timestamp":349748620819,"location":"AuraPlayerController.cpp:AbilityInputHeld","message":"Input held","data":{"InputTag":"InputTag.RMB","bRightMouseDown":true},"runId":"run1"}
{"sessionId":"cf25b3","id":"log_349748695537","timestamp":349748695537,"location":"AuraPlayerController.cpp:Look","message":"Look invoked","data":{"x":0.28000,"y":0.00000,"bRightMouseDown":true,"hypothesisId":"A"},"runId":"run1"}
{"sessionId":"cf25b3","id":"log_349748698966","timestamp":349748698966,"location":"AuraPlayerController.cpp:AbilityInputHeld","message":"Input held","data":{"InputTag":"InputTag.RMB","bRightMouseDown":true},"runId":"run1"}
{"sessionId":"cf25b3","id":"log_349748702496","timestamp":349748702496,"location":"AuraPlayerController.cpp:AbilityInputHeld","message":"Input held","data":{"InputTag":"InputTag.RMB","bRightMouseDown":true},"runId":"run1"}
{"sessionId":"cf25b3","id":"log_349748781712","timestamp":349748781712,"location":"AuraPlayerController.cpp:Look","message":"Look invoked","data":{"x":0.21000,"y":0.00000,"bRightMouseDown":true,"hypothesisId":"A"},"runId":"run1"}
{"sessionId":"cf25b3","id":"log_349748785371","timestamp":349748785371,"location":"AuraPlayerController.cpp:AbilityInputHeld","message":"Input held","data":{"InputTag":"InputTag.RMB","bRightMouseDown":true},"runId":"run1"}
{"sessionId":"cf25b3","id":"log_349748789723","timestamp":349748789723,"location":"AuraPlayerController.cpp:AbilityInputHeld","message":"Input held","data":{"InputTag":"InputTag.RMB","bRightMouseDown":true},"runId":"run1"}
{"sessionId":"cf25b3","id":"log_349748862661","timestamp":349748862661,"location":"AuraPlayerController.cpp:Look","message":"Look invoked","data":{"x":0.21000,"y":0.00000,"bRightMouseDown":true,"hypothesisId":"A"},"runId":"run1"}
{"sessionId":"cf25b3","id":"log_349748866397","timestamp":349748866397,"location":"AuraPlayerController.cpp:AbilityInputHeld","message":"Input held","data":{"InputTag":"InputTag.RMB","bRightMouseDown":true},"runId":"run1"}
{"sessionId":"cf25b3","id":"log_349748870413","timestamp":349748870413,"location":"AuraPlayerController.cpp:AbilityInputHeld","message":"Input held","data":{"InputTag":"InputTag.RMB","bRightMouseDown":true},"runId":"run1"}
{"sessionId":"cf25b3","id":"log_349748945227","timestamp":349748945227,"location":"AuraPlayerController.cpp:Look","message":"Look invoked","data":{"x":0.14000,"y":0.00000,"bRightMouseDown":true,"hypothesisId":"A"},"runId":"run1"}
{"sessionId":"cf25b3","id":"log_349748948540","timestamp":349748948540,"location":"AuraPlayerController.cpp:AbilityInputHeld","message":"Input held","data":{"InputTag":"InputTag.RMB","bRightMouseDown":true},"runId":"run1"}
{"sessionId":"cf25b3","id":"log_349748952003","timestamp":349748952003,"location":"AuraPlayerController.cpp:AbilityInputHeld","message":"Input held","data":{"InputTag":"InputTag.RMB","bRightMouseDown":true},"runId":"run1"}
{"sessionId":"cf25b3","id":"log_349749027593","timestamp":349749027593,"location":"AuraPlayerController.cpp:AbilityInputHeld","message":"Input held","data":{"InputTag":"InputTag.RMB","bRightMouseDown":true},"runId":"run1"}
{"sessionId":"cf25b3","id":"log_349749031960","timestamp":349749031960,"location":"AuraPlayerController.cpp:AbilityInputReleased","message":"Input released","data":{"InputTag":"InputTag.RMB","bRightMouseDown":true},"runId":"run1"}
{"sessionId":"cf25b3","id":"log_349749110297","timestamp":349749110297,"location":"AuraPlayerController.cpp:AbilityInputHeld","message":"Input held","data":{"InputTag":"InputTag.RMB","bRightMouseDown":false},"runId":"run1"}
{"sessionId":"cf25b3","id":"log_349749193534","timestamp":349749193534,"location":"AuraPlayerController.cpp:AbilityInputHeld","message":"Input held","data":{"InputTag":"InputTag.RMB","bRightMouseDown":true},"runId":"run1"}
{"sessionId":"cf25b3","id":"log_349749276877","timestamp":349749276877,"location":"AuraPlayerController.cpp:AbilityInputHeld","message":"Input held","data":{"InputTag":"InputTag.RMB","bRightMouseDown":true},"runId":"run1"}
{"sessionId":"cf25b3","id":"log_349749360575","timestamp":349749360575,"location":"AuraPlayerController.cpp:AbilityInputHeld","message":"Input held","data":{"InputTag":"InputTag.RMB","bRightMouseDown":true},"runId":"run1"}
{"sessionId":"cf25b3","id":"log_349749443568","timestamp":349749443568,"location":"AuraPlayerController.cpp:AbilityInputHeld","message":"Input held","data":{"InputTag":"InputTag.RMB","bRightMouseDown":true},"runId":"run1"}
{"sessionId":"cf25b3","id":"log_349749527424","timestamp":349749527424,"location":"AuraPlayerController.cpp:AbilityInputHeld","message":"Input held","data":{"InputTag":"InputTag.RMB","bRightMouseDown":true},"runId":"run1"}
{"sessionId":"cf25b3","id":"log_349749613109","timestamp":349749613109,"location":"AuraPlayerController.cpp:AbilityInputReleased","message":"Input released","data":{"InputTag":"InputTag.RMB","bRightMouseDown":true},"runId":"run1"}
{"sessionId":"cf25b3","id":"log_349752198487","timestamp":349752198487,"location":"AuraPlayerController.cpp:AbilityInputHeld","message":"Input held","data":{"InputTag":"InputTag.LMB","bRightMouseDown":false},"runId":"run1"}
{"sessionId":"cf25b3","id":"log_349752276984","timestamp":349752276984,"location":"AuraPlayerController.cpp:AbilityInputHeld","message":"Input held","data":{"InputTag":"InputTag.LMB","bRightMouseDown":false},"runId":"run1"}
{"sessionId":"cf25b3","id":"log_349752362946","timestamp":349752362946,"location":"AuraPlayerController.cpp:AbilityInputHeld","message":"Input held","data":{"InputTag":"InputTag.LMB","bRightMouseDown":false},"runId":"run1"}
{"sessionId":"cf25b3","id":"log_349752445000","timestamp":349752445000,"location":"AuraPlayerController.cpp:Look","message":"Look invoked","data":{"x":0.07000,"y":0.00000,"bRightMouseDown":false,"hypothesisId":"A"},"runId":"run1"}
{"sessionId":"cf25b3","id":"log_349752449210","timestamp":349752449210,"location":"AuraPlayerController.cpp:AbilityInputHeld","message":"Input held","data":{"InputTag":"InputTag.LMB","bRightMouseDown":false},"runId":"run1"}
{"sessionId":"cf25b3","id":"log_349752451723","timestamp":349752451723,"location":"AuraPlayerController.cpp:AbilityInputHeld","message":"Input held","data":{"InputTag":"InputTag.RMB","bRightMouseDown":false},"runId":"run1"}
{"sessionId":"cf25b3","id":"log_349752528499","timestamp":349752528499,"location":"AuraPlayerController.cpp:Look","message":"Look invoked","data":{"x":-0.14000,"y":0.00000,"bRightMouseDown":true,"hypothesisId":"A"},"runId":"run1"}
{"sessionId":"cf25b3","id":"log_349752532018","timestamp":349752532018,"location":"AuraPlayerController.cpp:AbilityInputHeld","message":"Input held","data":{"InputTag":"InputTag.LMB","bRightMouseDown":true},"runId":"run1"}
{"sessionId":"cf25b3","id":"log_349752535578","timestamp":349752535578,"location":"AuraPlayerController.cpp:AbilityInputHeld","message":"Input held","data":{"InputTag":"InputTag.RMB","bRightMouseDown":true},"runId":"run1"}
{"sessionId":"cf25b3","id":"log_349752611569","timestamp":349752611569,"location":"AuraPlayerController.cpp:Look","message":"Look invoked","data":{"x":-0.35000,"y":0.00000,"bRightMouseDown":true,"hypothesisId":"A"},"runId":"run1"}
{"sessionId":"cf25b3","id":"log_349752615045","timestamp":349752615045,"location":"AuraPlayerController.cpp:AbilityInputHeld","message":"Input held","data":{"InputTag":"InputTag.LMB","bRightMouseDown":true},"runId":"run1"}
{"sessionId":"cf25b3","id":"log_349752618473","timestamp":349752618473,"location":"AuraPlayerController.cpp:AbilityInputHeld","message":"Input held","data":{"InputTag":"InputTag.RMB","bRightMouseDown":true},"runId":"run1"}
{"sessionId":"cf25b3","id":"log_349752695311","timestamp":349752695311,"location":"AuraPlayerController.cpp:Look","message":"Look invoked","data":{"x":-0.28000,"y":0.00000,"bRightMouseDown":true,"hypothesisId":"A"},"runId":"run1"}
{"sessionId":"cf25b3","id":"log_349752699793","timestamp":349752699793,"location":"AuraPlayerController.cpp:AbilityInputHeld","message":"Input held","data":{"InputTag":"InputTag.LMB","bRightMouseDown":true},"runId":"run1"}
{"sessionId":"cf25b3","id":"log_349752701836","timestamp":349752701836,"location":"AuraPlayerController.cpp:AbilityInputHeld","message":"Input held","data":{"InputTag":"InputTag.RMB","bRightMouseDown":true},"runId":"run1"}
{"sessionId":"cf25b3","id":"log_349752778588","timestamp":349752778588,"location":"AuraPlayerController.cpp:Look","message":"Look invoked","data":{"x":-0.28000,"y":0.00000,"bRightMouseDown":true,"hypothesisId":"A"},"runId":"run1"}
{"sessionId":"cf25b3","id":"log_349752782169","timestamp":349752782169,"location":"AuraPlayerController.cpp:AbilityInputHeld","message":"Input held","data":{"InputTag":"InputTag.LMB","bRightMouseDown":true},"runId":"run1"}
{"sessionId":"cf25b3","id":"log_349752784814","timestamp":349752784814,"location":"AuraPlayerController.cpp:AbilityInputHeld","message":"Input held","data":{"InputTag":"InputTag.RMB","bRightMouseDown":true},"runId":"run1"}
{"sessionId":"cf25b3","id":"log_349752862498","timestamp":349752862498,"location":"AuraPlayerController.cpp:Look","message":"Look invoked","data":{"x":-0.63000,"y":0.00000,"bRightMouseDown":true,"hypothesisId":"A"},"runId":"run1"}
{"sessionId":"cf25b3","id":"log_349752866377","timestamp":349752866377,"location":"AuraPlayerController.cpp:AbilityInputHeld","message":"Input held","data":{"InputTag":"InputTag.LMB","bRightMouseDown":true},"runId":"run1"}
{"sessionId":"cf25b3","id":"log_349752868965","timestamp":349752868965,"location":"AuraPlayerController.cpp:AbilityInputHeld","message":"Input held","data":{"InputTag":"InputTag.RMB","bRightMouseDown":true},"runId":"run1"}
{"sessionId":"cf25b3","id":"log_349752944988","timestamp":349752944988,"location":"AuraPlayerController.cpp:Look","message":"Look invoked","data":{"x":-0.28000,"y":0.00000,"bRightMouseDown":true,"hypothesisId":"A"},"runId":"run1"}
{"sessionId":"cf25b3","id":"log_349752948683","timestamp":349752948683,"location":"AuraPlayerController.cpp:AbilityInputHeld","message":"Input held","data":{"InputTag":"InputTag.LMB","bRightMouseDown":true},"runId":"run1"}
{"sessionId":"cf25b3","id":"log_349752950696","timestamp":349752950696,"location":"AuraPlayerController.cpp:AbilityInputHeld","message":"Input held","data":{"InputTag":"InputTag.RMB","bRightMouseDown":true},"runId":"run1"}
{"sessionId":"cf25b3","id":"log_349753028687","timestamp":349753028687,"location":"AuraPlayerController.cpp:Look","message":"Look invoked","data":{"x":-0.35000,"y":0.00000,"bRightMouseDown":true,"hypothesisId":"A"},"runId":"run1"}
{"sessionId":"cf25b3","id":"log_349753031943","timestamp":349753031943,"location":"AuraPlayerController.cpp:AbilityInputHeld","message":"Input held","data":{"InputTag":"InputTag.LMB","bRightMouseDown":true},"runId":"run1"}
{"sessionId":"cf25b3","id":"log_349753034937","timestamp":349753034937,"location":"AuraPlayerController.cpp:AbilityInputHeld","message":"Input held","data":{"InputTag":"InputTag.RMB","bRightMouseDown":true},"runId":"run1"}
{"sessionId":"cf25b3","id":"log_349753111825","timestamp":349753111825,"location":"AuraPlayerController.cpp:Look","message":"Look invoked","data":{"x":-0.63000,"y":0.00000,"bRightMouseDown":true,"hypothesisId":"A"},"runId":"run1"}
{"sessionId":"cf25b3","id":"log_349753115262","timestamp":349753115262,"location":"AuraPlayerController.cpp:AbilityInputHeld","message":"Input held","data":{"InputTag":"InputTag.LMB","bRightMouseDown":true},"runId":"run1"}
{"sessionId":"cf25b3","id":"log_349753117722","timestamp":349753117722,"location":"AuraPlayerController.cpp:AbilityInputHeld","message":"Input held","data":{"InputTag":"InputTag.RMB","bRightMouseDown":true},"runId":"run1"}
{"sessionId":"cf25b3","id":"log_349753194988","timestamp":349753194988,"location":"AuraPlayerController.cpp:Look","message":"Look invoked","data":{"x":-0.28000,"y":0.00000,"bRightMouseDown":true,"hypothesisId":"A"},"runId":"run1"}
{"sessionId":"cf25b3","id":"log_349753199096","timestamp":349753199096,"location":"AuraPlayerController.cpp:AbilityInputHeld","message":"Input held","data":{"InputTag":"InputTag.LMB","bRightMouseDown":true},"runId":"run1"}
{"sessionId":"cf25b3","id":"log_349753201597","timestamp":349753201597,"location":"AuraPlayerController.cpp:AbilityInputHeld","message":"Input held","data":{"InputTag":"InputTag.RMB","bRightMouseDown":true},"runId":"run1"}
{"sessionId":"cf25b3","id":"log_349753278336","timestamp":349753278336,"location":"AuraPlayerController.cpp:Look","message":"Look invoked","data":{"x":-0.28000,"y":0.00000,"bRightMouseDown":true,"hypothesisId":"A"},"runId":"run1"}
{"sessionId":"cf25b3","id":"log_349753281989","timestamp":349753281989,"location":"AuraPlayerController.cpp:AbilityInputHeld","message":"Input held","data":{"InputTag":"InputTag.LMB","bRightMouseDown":true},"runId":"run1"}
{"sessionId":"cf25b3","id":"log_349753284991","timestamp":349753284991,"location":"AuraPlayerController.cpp:AbilityInputHeld","message":"Input held","data":{"InputTag":"InputTag.RMB","bRightMouseDown":true},"runId":"run1"}
{"sessionId":"cf25b3","id":"log_349753362280","timestamp":349753362280,"location":"AuraPlayerController.cpp:Look","message":"Look invoked","data":{"x":-0.70000,"y":0.00000,"bRightMouseDown":true,"hypothesisId":"A"},"runId":"run1"}
{"sessionId":"cf25b3","id":"log_349753366546","timestamp":349753366546,"location":"AuraPlayerController.cpp:AbilityInputHeld","message":"Input held","data":{"InputTag":"InputTag.LMB","bRightMouseDown":true},"runId":"run1"}
{"sessionId":"cf25b3","id":"log_349753369750","timestamp":349753369750,"location":"AuraPlayerController.cpp:AbilityInputHeld","message":"Input held","data":{"InputTag":"InputTag.RMB","bRightMouseDown":true},"runId":"run1"}
{"sessionId":"cf25b3","id":"log_349753447311","timestamp":349753447311,"location":"AuraPlayerController.cpp:Look","message":"Look invoked","data":{"x":-0.42000,"y":0.00000,"bRightMouseDown":true,"hypothesisId":"A"},"runId":"run1"}
{"sessionId":"cf25b3","id":"log_349753451325","timestamp":349753451325,"location":"AuraPlayerController.cpp:AbilityInputHeld","message":"Input held","data":{"InputTag":"InputTag.LMB","bRightMouseDown":true},"runId":"run1"}
{"sessionId":"cf25b3","id":"log_349753453730","timestamp":349753453730,"location":"AuraPlayerController.cpp:AbilityInputHeld","message":"Input held","data":{"InputTag":"InputTag.RMB","bRightMouseDown":true},"runId":"run1"}
{"sessionId":"cf25b3","id":"log_349753528396","timestamp":349753528396,"location":"AuraPlayerController.cpp:Look","message":"Look invoked","data":{"x":-0.42000,"y":0.00000,"bRightMouseDown":true,"hypothesisId":"A"},"runId":"run1"}
{"sessionId":"cf25b3","id":"log_349753531835","timestamp":349753531835,"location":"AuraPlayerController.cpp:AbilityInputHeld","message":"Input held","data":{"InputTag":"InputTag.LMB","bRightMouseDown":true},"runId":"run1"}
{"sessionId":"cf25b3","id":"log_349753534492","timestamp":349753534492,"location":"AuraPlayerController.cpp:AbilityInputHeld","message":"Input held","data":{"InputTag":"InputTag.RMB","bRightMouseDown":true},"runId":"run1"}
{"sessionId":"cf25b3","id":"log_349753612848","timestamp":349753612848,"location":"AuraPlayerController.cpp:Look","message":"Look invoked","data":{"x":-0.70000,"y":0.00000,"bRightMouseDown":true,"hypothesisId":"A"},"runId":"run1"}
{"sessionId":"cf25b3","id":"log_349753616592","timestamp":349753616592,"location":"AuraPlayerController.cpp:AbilityInputHeld","message":"Input held","data":{"InputTag":"InputTag.LMB","bRightMouseDown":true},"runId":"run1"}
{"sessionId":"cf25b3","id":"log_349753619133","timestamp":349753619133,"location":"AuraPlayerController.cpp:AbilityInputHeld","message":"Input held","data":{"InputTag":"InputTag.RMB","bRightMouseDown":true},"runId":"run1"}
{"sessionId":"cf25b3","id":"log_349753695436","timestamp":349753695436,"location":"AuraPlayerController.cpp:Look","message":"Look invoked","data":{"x":-0.42000,"y":0.00000,"bRightMouseDown":true,"hypothesisId":"A"},"runId":"run1"}
{"sessionId":"cf25b3","id":"log_349753698879","timestamp":349753698879,"location":"AuraPlayerController.cpp:AbilityInputHeld","message":"Input held","data":{"InputTag":"InputTag.LMB","bRightMouseDown":true},"runId":"run1"}
{"sessionId":"cf25b3","id":"log_349753701728","timestamp":349753701728,"location":"AuraPlayerController.cpp:AbilityInputHeld","message":"Input held","data":{"InputTag":"InputTag.RMB","bRightMouseDown":true},"runId":"run1"}
{"sessionId":"cf25b3","id":"log_349753778340","timestamp":349753778340,"location":"AuraPlayerController.cpp:Look","message":"Look invoked","data":{"x":-0.35000,"y":0.00000,"bRightMouseDown":true,"hypothesisId":"A"},"runId":"run1"}
{"sessionId":"cf25b3","id":"log_349753782402","timestamp":349753782402,"location":"AuraPlayerController.cpp:AbilityInputHeld","message":"Input held","data":{"InputTag":"InputTag.LMB","bRightMouseDown":true},"runId":"run1"}
{"sessionId":"cf25b3","id":"log_349753785269","timestamp":349753785269,"location":"AuraPlayerController.cpp:AbilityInputHeld","message":"Input held","data":{"InputTag":"InputTag.RMB","bRightMouseDown":true},"runId":"run1"}
{"sessionId":"cf25b3","id":"log_349753861754","timestamp":349753861754,"location":"AuraPlayerController.cpp:Look","message":"Look invoked","data":{"x":-0.70000,"y":0.00000,"bRightMouseDown":true,"hypothesisId":"A"},"runId":"run1"}
{"sessionId":"cf25b3","id":"log_349753865539","timestamp":349753865539,"location":"AuraPlayerController.cpp:AbilityInputHeld","message":"Input held","data":{"InputTag":"InputTag.LMB","bRightMouseDown":true},"runId":"run1"}
{"sessionId":"cf25b3","id":"log_349753868399","timestamp":349753868399,"location":"AuraPlayerController.cpp:AbilityInputHeld","message":"Input held","data":{"InputTag":"InputTag.RMB","bRightMouseDown":true},"runId":"run1"}
{"sessionId":"cf25b3","id":"log_349753944844","timestamp":349753944844,"location":"AuraPlayerController.cpp:Look","message":"Look invoked","data":{"x":-0.28000,"y":0.00000,"bRightMouseDown":true,"hypothesisId":"A"},"runId":"run1"}
{"sessionId":"cf25b3","id":"log_349753947999","timestamp":349753947999,"location":"AuraPlayerController.cpp:AbilityInputHeld","message":"Input held","data":{"InputTag":"InputTag.LMB","bRightMouseDown":true},"runId":"run1"}
{"sessionId":"cf25b3","id":"log_349753950313","timestamp":349753950313,"location":"AuraPlayerController.cpp:AbilityInputHeld","message":"Input held","data":{"InputTag":"InputTag.RMB","bRightMouseDown":true},"runId":"run1"}
{"sessionId":"cf25b3","id":"log_349754028611","timestamp":349754028611,"location":"AuraPlayerController.cpp:Look","message":"Look invoked","data":{"x":-0.35000,"y":0.00000,"bRightMouseDown":true,"hypothesisId":"A"},"runId":"run1"}
{"sessionId":"cf25b3","id":"log_349754031901","timestamp":349754031901,"location":"AuraPlayerController.cpp:AbilityInputHeld","message":"Input held","data":{"InputTag":"InputTag.LMB","bRightMouseDown":true},"runId":"run1"}
{"sessionId":"cf25b3","id":"log_349754034314","timestamp":349754034314,"location":"AuraPlayerController.cpp:AbilityInputHeld","message":"Input held","data":{"InputTag":"InputTag.RMB","bRightMouseDown":true},"runId":"run1"}
{"sessionId":"cf25b3","id":"log_349754112044","timestamp":349754112044,"location":"AuraPlayerController.cpp:Look","message":"Look invoked","data":{"x":-0.49000,"y":0.00000,"bRightMouseDown":true,"hypothesisId":"A"},"runId":"run1"}
{"sessionId":"cf25b3","id":"log_349754116319","timestamp":349754116319,"location":"AuraPlayerController.cpp:AbilityInputHeld","message":"Input held","data":{"InputTag":"InputTag.LMB","bRightMouseDown":true},"runId":"run1"}
{"sessionId":"cf25b3","id":"log_349754118544","timestamp":349754118544,"location":"AuraPlayerController.cpp:AbilityInputHeld","message":"Input held","data":{"InputTag":"InputTag.RMB","bRightMouseDown":true},"runId":"run1"}
{"sessionId":"cf25b3","id":"log_349754195280","timestamp":349754195280,"location":"AuraPlayerController.cpp:Look","message":"Look invoked","data":{"x":-0.28000,"y":0.00000,"bRightMouseDown":true,"hypothesisId":"A"},"runId":"run1"}
{"sessionId":"cf25b3","id":"log_349754199167","timestamp":349754199167,"location":"AuraPlayerController.cpp:AbilityInputHeld","message":"Input held","data":{"InputTag":"InputTag.LMB","bRightMouseDown":true},"runId":"run1"}
{"sessionId":"cf25b3","id":"log_349754202662","timestamp":349754202662,"location":"AuraPlayerController.cpp:AbilityInputHeld","message":"Input held","data":{"InputTag":"InputTag.RMB","bRightMouseDown":true},"runId":"run1"}
{"sessionId":"cf25b3","id":"log_349754279339","timestamp":349754279339,"location":"AuraPlayerController.cpp:Look","message":"Look invoked","data":{"x":-0.21000,"y":0.00000,"bRightMouseDown":true,"hypothesisId":"A"},"runId":"run1"}
{"sessionId":"cf25b3","id":"log_349754283627","timestamp":349754283627,"location":"AuraPlayerController.cpp:AbilityInputHeld","message":"Input held","data":{"InputTag":"InputTag.LMB","bRightMouseDown":true},"runId":"run1"}
{"sessionId":"cf25b3","id":"log_349754286209","timestamp":349754286209,"location":"AuraPlayerController.cpp:AbilityInputHeld","message":"Input held","data":{"InputTag":"InputTag.RMB","bRightMouseDown":true},"runId":"run1"}
{"sessionId":"cf25b3","id":"log_349754497228","timestamp":349754497228,"location":"AuraPlayerController.cpp:Look","message":"Look invoked","data":{"x":-1.19000,"y":0.00000,"bRightMouseDown":true,"hypothesisId":"A"},"runId":"run1"}
{"sessionId":"cf25b3","id":"log_349754501049","timestamp":349754501049,"location":"AuraPlayerController.cpp:AbilityInputHeld","message":"Input held","data":{"InputTag":"InputTag.LMB","bRightMouseDown":true},"runId":"run1"}
{"sessionId":"cf25b3","id":"log_349754504349","timestamp":349754504349,"location":"AuraPlayerController.cpp:AbilityInputHeld","message":"Input held","data":{"InputTag":"InputTag.RMB","bRightMouseDown":true},"runId":"run1"}
{"sessionId":"cf25b3","id":"log_349754579579","timestamp":349754579579,"location":"AuraPlayerController.cpp:Look","message":"Look invoked","data":{"x":-0.21000,"y":0.00000,"bRightMouseDown":true,"hypothesisId":"A"},"runId":"run1"}
{"sessionId":"cf25b3","id":"log_349754583553","timestamp":349754583553,"location":"AuraPlayerController.cpp:AbilityInputHeld","message":"Input held","data":{"InputTag":"InputTag.LMB","bRightMouseDown":true},"runId":"run1"}
{"sessionId":"cf25b3","id":"log_349754586544","timestamp":349754586544,"location":"AuraPlayerController.cpp:AbilityInputHeld","message":"Input held","data":{"InputTag":"InputTag.RMB","bRightMouseDown":true},"runId":"run1"}
{"sessionId":"cf25b3","id":"log_349754664669","timestamp":349754664669,"location":"AuraPlayerController.cpp:Look","message":"Look invoked","data":{"x":-0.35000,"y":0.00000,"bRightMouseDown":true,"hypothesisId":"A"},"runId":"run1"}
{"sessionId":"cf25b3","id":"log_349754668686","timestamp":349754668686,"location":"AuraPlayerController.cpp:AbilityInputHeld","message":"Input held","data":{"InputTag":"InputTag.LMB","bRightMouseDown":true},"runId":"run1"}
{"sessionId":"cf25b3","id":"log_349754673372","timestamp":349754673372,"location":"AuraPlayerController.cpp:AbilityInputHeld","message":"Input held","data":{"InputTag":"InputTag.RMB","bRightMouseDown":true},"runId":"run1"}
{"sessionId":"cf25b3","id":"log_349754745675","timestamp":349754745675,"location":"AuraPlayerController.cpp:Look","message":"Look invoked","data":{"x":-0.49000,"y":0.00000,"bRightMouseDown":true,"hypothesisId":"A"},"runId":"run1"}
{"sessionId":"cf25b3","id":"log_349754749400","timestamp":349754749400,"location":"AuraPlayerController.cpp:AbilityInputHeld","message":"Input held","data":{"InputTag":"InputTag.LMB","bRightMouseDown":true},"runId":"run1"}
{"sessionId":"cf25b3","id":"log_349754752289","timestamp":349754752289,"location":"AuraPlayerController.cpp:AbilityInputHeld","message":"Input held","data":{"InputTag":"InputTag.RMB","bRightMouseDown":true},"runId":"run1"}
{"sessionId":"cf25b3","id":"log_349754828798","timestamp":349754828798,"location":"AuraPlayerController.cpp:Look","message":"Look invoked","data":{"x":-0.28000,"y":0.00000,"bRightMouseDown":true,"hypothesisId":"A"},"runId":"run1"}
{"sessionId":"cf25b3","id":"log_349754832481","timestamp":349754832481,"location":"AuraPlayerController.cpp:AbilityInputHeld","message":"Input held","data":{"InputTag":"InputTag.LMB","bRightMouseDown":true},"runId":"run1"}
{"sessionId":"cf25b3","id":"log_349754834797","timestamp":349754834797,"location":"AuraPlayerController.cpp:AbilityInputHeld","message":"Input held","data":{"InputTag":"InputTag.RMB","bRightMouseDown":true},"runId":"run1"}
{"sessionId":"cf25b3","id":"log_349754912310","timestamp":349754912310,"location":"AuraPlayerController.cpp:Look","message":"Look invoked","data":{"x":-0.35000,"y":0.00000,"bRightMouseDown":true,"hypothesisId":"A"},"runId":"run1"}
{"sessionId":"cf25b3","id":"log_349754915772","timestamp":349754915772,"location":"AuraPlayerController.cpp:AbilityInputHeld","message":"Input held","data":{"InputTag":"InputTag.LMB","bRightMouseDown":true},"runId":"run1"}
{"sessionId":"cf25b3","id":"log_349754919529","timestamp":349754919529,"location":"AuraPlayerController.cpp:AbilityInputHeld","message":"Input held","data":{"InputTag":"InputTag.RMB","bRightMouseDown":true},"runId":"run1"}
{"sessionId":"cf25b3","id":"log_349754995331","timestamp":349754995331,"location":"AuraPlayerController.cpp:Look","message":"Look invoked","data":{"x":-0.42000,"y":0.00000,"bRightMouseDown":true,"hypothesisId":"A"},"runId":"run1"}
{"sessionId":"cf25b3","id":"log_349754998646","timestamp":349754998646,"location":"AuraPlayerController.cpp:AbilityInputHeld","message":"Input held","data":{"InputTag":"InputTag.LMB","bRightMouseDown":true},"runId":"run1"}
{"sessionId":"cf25b3","id":"log_349755001724","timestamp":349755001724,"location":"AuraPlayerController.cpp:AbilityInputHeld","message":"Input held","data":{"InputTag":"InputTag.RMB","bRightMouseDown":true},"runId":"run1"}
{"sessionId":"cf25b3","id":"log_349755078688","timestamp":349755078688,"location":"AuraPlayerController.cpp:Look","message":"Look invoked","data":{"x":-0.14000,"y":0.00000,"bRightMouseDown":true,"hypothesisId":"A"},"runId":"run1"}
{"sessionId":"cf25b3","id":"log_349755082730","timestamp":349755082730,"location":"AuraPlayerController.cpp:AbilityInputHeld","message":"Input held","data":{"InputTag":"InputTag.LMB","bRightMouseDown":true},"runId":"run1"}
{"sessionId":"cf25b3","id":"log_349755085540","timestamp":349755085540,"location":"AuraPlayerController.cpp:AbilityInputHeld","message":"Input held","data":{"InputTag":"InputTag.RMB","bRightMouseDown":true},"runId":"run1"}
{"sessionId":"cf25b3","id":"log_349755166123","timestamp":349755166123,"location":"AuraPlayerController.cpp:Look","message":"Look invoked","data":{"x":-0.21000,"y":0.00000,"bRightMouseDown":true,"hypothesisId":"A"},"runId":"run1"}
{"sessionId":"cf25b3","id":"log_349755169605","timestamp":349755169605,"location":"AuraPlayerController.cpp:AbilityInputHeld","message":"Input held","data":{"InputTag":"InputTag.LMB","bRightMouseDown":true},"runId":"run1"}
{"sessionId":"cf25b3","id":"log_349755173139","timestamp":349755173139,"location":"AuraPlayerController.cpp:AbilityInputHeld","message":"Input held","data":{"InputTag":"InputTag.RMB","bRightMouseDown":true},"runId":"run1"}
{"sessionId":"cf25b3","id":"log_349755245758","timestamp":349755245758,"location":"AuraPlayerController.cpp:Look","message":"Look invoked","data":{"x":-0.35000,"y":0.00000,"bRightMouseDown":true,"hypothesisId":"A"},"runId":"run1"}
{"sessionId":"cf25b3","id":"log_349755249831","timestamp":349755249831,"location":"AuraPlayerController.cpp:AbilityInputHeld","message":"Input held","data":{"InputTag":"InputTag.LMB","bRightMouseDown":true},"runId":"run1"}
{"sessionId":"cf25b3","id":"log_349755252822","timestamp":349755252822,"location":"AuraPlayerController.cpp:AbilityInputHeld","message":"Input held","data":{"InputTag":"InputTag.RMB","bRightMouseDown":true},"runId":"run1"}
{"sessionId":"cf25b3","id":"log_349755328963","timestamp":349755328963,"location":"AuraPlayerController.cpp:Look","message":"Look invoked","data":{"x":-0.21000,"y":0.00000,"bRightMouseDown":true,"hypothesisId":"A"},"runId":"run1"}
{"sessionId":"cf25b3","id":"log_349755333045","timestamp":349755333045,"location":"AuraPlayerController.cpp:AbilityInputHeld","message":"Input held","data":{"InputTag":"InputTag.LMB","bRightMouseDown":true},"runId":"run1"}
{"sessionId":"cf25b3","id":"log_349755335831","timestamp":349755335831,"location":"AuraPlayerController.cpp:AbilityInputHeld","message":"Input held","data":{"InputTag":"InputTag.RMB","bRightMouseDown":true},"runId":"run1"}
{"sessionId":"cf25b3","id":"log_349755412001","timestamp":349755412001,"location":"AuraPlayerController.cpp:Look","message":"Look invoked","data":{"x":-0.21000,"y":0.00000,"bRightMouseDown":true,"hypothesisId":"A"},"runId":"run1"}
{"sessionId":"cf25b3","id":"log_349755415477","timestamp":349755415477,"location":"AuraPlayerController.cpp:AbilityInputHeld","message":"Input held","data":{"InputTag":"InputTag.LMB","bRightMouseDown":true},"runId":"run1"}
{"sessionId":"cf25b3","id":"log_349755418251","timestamp":349755418251,"location":"AuraPlayerController.cpp:AbilityInputHeld","message":"Input held","data":{"InputTag":"InputTag.RMB","bRightMouseDown":true},"runId":"run1"}
{"sessionId":"cf25b3","id":"log_349755495830","timestamp":349755495830,"location":"AuraPlayerController.cpp:Look","message":"Look invoked","data":{"x":-0.28000,"y":0.00000,"bRightMouseDown":true,"hypothesisId":"A"},"runId":"run1"}
{"sessionId":"cf25b3","id":"log_349755499976","timestamp":349755499976,"location":"AuraPlayerController.cpp:AbilityInputHeld","message":"Input held","data":{"InputTag":"InputTag.LMB","bRightMouseDown":true},"runId":"run1"}
{"sessionId":"cf25b3","id":"log_349755504477","timestamp":349755504477,"location":"AuraPlayerController.cpp:AbilityInputHeld","message":"Input held","data":{"InputTag":"InputTag.RMB","bRightMouseDown":true},"runId":"run1"}
{"sessionId":"cf25b3","id":"log_349755578455","timestamp":349755578455,"location":"AuraPlayerController.cpp:Look","message":"Look invoked","data":{"x":-0.14000,"y":0.00000,"bRightMouseDown":true,"hypothesisId":"A"},"runId":"run1"}
{"sessionId":"cf25b3","id":"log_349755582692","timestamp":349755582692,"location":"AuraPlayerController.cpp:AbilityInputHeld","message":"Input held","data":{"InputTag":"InputTag.LMB","bRightMouseDown":true},"runId":"run1"}
{"sessionId":"cf25b3","id":"log_349755585828","timestamp":349755585828,"location":"AuraPlayerController.cpp:AbilityInputHeld","message":"Input held","data":{"InputTag":"InputTag.RMB","bRightMouseDown":true},"runId":"run1"}
{"sessionId":"cf25b3","id":"log_349755662247","timestamp":349755662247,"location":"AuraPlayerController.cpp:Look","message":"Look invoked","data":{"x":-0.21000,"y":0.00000,"bRightMouseDown":true,"hypothesisId":"A"},"runId":"run1"}
{"sessionId":"cf25b3","id":"log_349755666113","timestamp":349755666113,"location":"AuraPlayerController.cpp:AbilityInputHeld","message":"Input held","data":{"InputTag":"InputTag.LMB","bRightMouseDown":true},"runId":"run1"}
{"sessionId":"cf25b3","id":"log_349755668463","timestamp":349755668463,"location":"AuraPlayerController.cpp:AbilityInputHeld","message":"Input held","data":{"InputTag":"InputTag.RMB","bRightMouseDown":true},"runId":"run1"}
{"sessionId":"cf25b3","id":"log_349755745692","timestamp":349755745692,"location":"AuraPlayerController.cpp:Look","message":"Look invoked","data":{"x":-0.21000,"y":0.00000,"bRightMouseDown":true,"hypothesisId":"A"},"runId":"run1"}
{"sessionId":"cf25b3","id":"log_349755749649","timestamp":349755749649,"location":"AuraPlayerController.cpp:AbilityInputHeld","message":"Input held","data":{"InputTag":"InputTag.LMB","bRightMouseDown":true},"runId":"run1"}
{"sessionId":"cf25b3","id":"log_349755752396","timestamp":349755752396,"location":"AuraPlayerController.cpp:AbilityInputHeld","message":"Input held","data":{"InputTag":"InputTag.RMB","bRightMouseDown":true},"runId":"run1"}
{"sessionId":"cf25b3","id":"log_349755828962","timestamp":349755828962,"location":"AuraPlayerController.cpp:Look","message":"Look invoked","data":{"x":-0.07000,"y":0.00000,"bRightMouseDown":true,"hypothesisId":"A"},"runId":"run1"}
{"sessionId":"cf25b3","id":"log_349755832296","timestamp":349755832296,"location":"AuraPlayerController.cpp:AbilityInputHeld","message":"Input held","data":{"InputTag":"InputTag.LMB","bRightMouseDown":true},"runId":"run1"}
{"sessionId":"cf25b3","id":"log_349755834962","timestamp":349755834962,"location":"AuraPlayerController.cpp:AbilityInputHeld","message":"Input held","data":{"InputTag":"InputTag.RMB","bRightMouseDown":true},"runId":"run1"}
{"sessionId":"cf25b3","id":"log_349755911022","timestamp":349755911022,"location":"AuraPlayerController.cpp:AbilityInputHeld","message":"Input held","data":{"InputTag":"InputTag.LMB","bRightMouseDown":true},"runId":"run1"}
{"sessionId":"cf25b3","id":"log_349755915407","timestamp":349755915407,"location":"AuraPlayerController.cpp:AbilityInputReleased","message":"Input released","data":{"InputTag":"InputTag.RMB","bRightMouseDown":true},"runId":"run1"}
{"sessionId":"cf25b3","id":"log_349755993997","timestamp":349755993997,"location":"AuraPlayerController.cpp:AbilityInputHeld","message":"Input held","data":{"InputTag":"InputTag.LMB","bRightMouseDown":false},"runId":"run1"}
{"sessionId":"cf25b3","id":"log_349756077343","timestamp":349756077343,"location":"AuraPlayerController.cpp:AbilityInputHeld","message":"Input held","data":{"InputTag":"InputTag.LMB","bRightMouseDown":false},"runId":"run1"}
{"sessionId":"cf25b3","id":"log_349756161390","timestamp":349756161390,"location":"AuraPlayerController.cpp:AbilityInputHeld","message":"Input held","data":{"InputTag":"InputTag.LMB","bRightMouseDown":false},"runId":"run1"}
{"sessionId":"cf25b3","id":"log_349756243864","timestamp":349756243864,"location":"AuraPlayerController.cpp:AbilityInputHeld","message":"Input held","data":{"InputTag":"InputTag.LMB","bRightMouseDown":false},"runId":"run1"}
{"sessionId":"cf25b3","id":"log_349756327062","timestamp":349756327062,"location":"AuraPlayerController.cpp:AbilityInputHeld","message":"Input held","data":{"InputTag":"InputTag.LMB","bRightMouseDown":false},"runId":"run1"}
{"sessionId":"cf25b3","id":"log_349756410855","timestamp":349756410855,"location":"AuraPlayerController.cpp:AbilityInputHeld","message":"Input held","data":{"InputTag":"InputTag.LMB","bRightMouseDown":false},"runId":"run1"}
{"sessionId":"cf25b3","id":"log_349756493801","timestamp":349756493801,"location":"AuraPlayerController.cpp:AbilityInputHeld","message":"Input held","data":{"InputTag":"InputTag.LMB","bRightMouseDown":false},"runId":"run1"}
{"sessionId":"cf25b3","id":"log_349756577441","timestamp":349756577441,"location":"AuraPlayerController.cpp:AbilityInputHeld","message":"Input held","data":{"InputTag":"InputTag.LMB","bRightMouseDown":false},"runId":"run1"}
{"sessionId":"cf25b3","id":"log_349756660631","timestamp":349756660631,"location":"AuraPlayerController.cpp:AbilityInputHeld","message":"Input held","data":{"InputTag":"InputTag.LMB","bRightMouseDown":false},"runId":"run1"}
{"sessionId":"cf25b3","id":"log_349756743977","timestamp":349756743977,"location":"AuraPlayerController.cpp:AbilityInputHeld","message":"Input held","data":{"InputTag":"InputTag.LMB","bRightMouseDown":false},"runId":"run1"}
{"sessionId":"cf25b3","id":"log_349756826960","timestamp":349756826960,"location":"AuraPlayerController.cpp:AbilityInputHeld","message":"Input held","data":{"InputTag":"InputTag.LMB","bRightMouseDown":false},"runId":"run1"}
{"sessionId":"cf25b3","id":"log_349756910565","timestamp":349756910565,"location":"AuraPlayerController.cpp:AbilityInputHeld","message":"Input held","data":{"InputTag":"InputTag.LMB","bRightMouseDown":false},"runId":"run1"}
{"sessionId":"cf25b3","id":"log_349756993928","timestamp":349756993928,"location":"AuraPlayerController.cpp:AbilityInputHeld","message":"Input held","data":{"InputTag":"InputTag.LMB","bRightMouseDown":false},"runId":"run1"}
{"sessionId":"cf25b3","id":"log_349757077065","timestamp":349757077065,"location":"AuraPlayerController.cpp:AbilityInputHeld","message":"Input held","data":{"InputTag":"InputTag.LMB","bRightMouseDown":false},"runId":"run1"}
{"sessionId":"cf25b3","id":"log_349757160710","timestamp":349757160710,"location":"AuraPlayerController.cpp:AbilityInputHeld","message":"Input held","data":{"InputTag":"InputTag.LMB","bRightMouseDown":false},"runId":"run1"}
{"sessionId":"cf25b3","id":"log_349757244061","timestamp":349757244061,"location":"AuraPlayerController.cpp:AbilityInputHeld","message":"Input held","data":{"InputTag":"InputTag.LMB","bRightMouseDown":false},"runId":"run1"}
{"sessionId":"cf25b3","id":"log_349757330174","timestamp":349757330174,"location":"AuraPlayerController.cpp:AbilityInputReleased","message":"Input released","data":{"InputTag":"InputTag.LMB","bRightMouseDown":false},"runId":"run1"}
{"sessionId":"cf25b3","id":"log_349761919474","timestamp":349761919474,"location":"AuraPlayerController.cpp:AbilityInputHeld","message":"Input held","data":{"InputTag":"InputTag.LMB","bRightMouseDown":false},"runId":"run1"}
{"sessionId":"cf25b3","id":"log_349761995717","timestamp":349761995717,"location":"AuraPlayerController.cpp:Look","message":"Look invoked","data":{"x":-0.07000,"y":0.00000,"bRightMouseDown":false,"hypothesisId":"A"},"runId":"run1"}
{"sessionId":"cf25b3","id":"log_349761999676","timestamp":349761999676,"location":"AuraPlayerController.cpp:AbilityInputHeld","message":"Input held","data":{"InputTag":"InputTag.LMB","bRightMouseDown":false},"runId":"run1"}
{"sessionId":"cf25b3","id":"log_349762002943","timestamp":349762002943,"location":"AuraPlayerController.cpp:AbilityInputHeld","message":"Input held","data":{"InputTag":"InputTag.RMB","bRightMouseDown":false},"runId":"run1"}
{"sessionId":"cf25b3","id":"log_349762079302","timestamp":349762079302,"location":"AuraPlayerController.cpp:Look","message":"Look invoked","data":{"x":0.07000,"y":0.00000,"bRightMouseDown":true,"hypothesisId":"A"},"runId":"run1"}
{"sessionId":"cf25b3","id":"log_349762083511","timestamp":349762083511,"location":"AuraPlayerController.cpp:AbilityInputHeld","message":"Input held","data":{"InputTag":"InputTag.LMB","bRightMouseDown":true},"runId":"run1"}
{"sessionId":"cf25b3","id":"log_349762091742","timestamp":349762091742,"location":"AuraPlayerController.cpp:AbilityInputHeld","message":"Input held","data":{"InputTag":"InputTag.RMB","bRightMouseDown":true},"runId":"run1"}
{"sessionId":"cf25b3","id":"log_349762163202","timestamp":349762163202,"location":"AuraPlayerController.cpp:Look","message":"Look invoked","data":{"x":-0.14000,"y":0.00000,"bRightMouseDown":true,"hypothesisId":"A"},"runId":"run1"}
{"sessionId":"cf25b3","id":"log_349762166880","timestamp":349762166880,"location":"AuraPlayerController.cpp:AbilityInputHeld","message":"Input held","data":{"InputTag":"InputTag.LMB","bRightMouseDown":true},"runId":"run1"}
{"sessionId":"cf25b3","id":"log_349762170819","timestamp":349762170819,"location":"AuraPlayerController.cpp:AbilityInputHeld","message":"Input held","data":{"InputTag":"InputTag.RMB","bRightMouseDown":true},"runId":"run1"}
{"sessionId":"cf25b3","id":"log_349762245619","timestamp":349762245619,"location":"AuraPlayerController.cpp:Look","message":"Look invoked","data":{"x":-0.28000,"y":0.00000,"bRightMouseDown":true,"hypothesisId":"A"},"runId":"run1"}
{"sessionId":"cf25b3","id":"log_349762248927","timestamp":349762248927,"location":"AuraPlayerController.cpp:AbilityInputHeld","message":"Input held","data":{"InputTag":"InputTag.LMB","bRightMouseDown":true},"runId":"run1"}
{"sessionId":"cf25b3","id":"log_349762251859","timestamp":349762251859,"location":"AuraPlayerController.cpp:AbilityInputHeld","message":"Input held","data":{"InputTag":"InputTag.RMB","bRightMouseDown":true},"runId":"run1"}
{"sessionId":"cf25b3","id":"log_349762329415","timestamp":349762329415,"location":"AuraPlayerController.cpp:Look","message":"Look invoked","data":{"x":-0.28000,"y":0.00000,"bRightMouseDown":true,"hypothesisId":"A"},"runId":"run1"}
{"sessionId":"cf25b3","id":"log_349762333523","timestamp":349762333523,"location":"AuraPlayerController.cpp:AbilityInputHeld","message":"Input held","data":{"InputTag":"InputTag.LMB","bRightMouseDown":true},"runId":"run1"}
{"sessionId":"cf25b3","id":"log_349762335906","timestamp":349762335906,"location":"AuraPlayerController.cpp:AbilityInputHeld","message":"Input held","data":{"InputTag":"InputTag.RMB","bRightMouseDown":true},"runId":"run1"}
{"sessionId":"cf25b3","id":"log_349762412160","timestamp":349762412160,"location":"AuraPlayerController.cpp:Look","message":"Look invoked","data":{"x":-0.28000,"y":0.00000,"bRightMouseDown":true,"hypothesisId":"A"},"runId":"run1"}
{"sessionId":"cf25b3","id":"log_349762416102","timestamp":349762416102,"location":"AuraPlayerController.cpp:AbilityInputHeld","message":"Input held","data":{"InputTag":"InputTag.LMB","bRightMouseDown":true},"runId":"run1"}
{"sessionId":"cf25b3","id":"log_349762419243","timestamp":349762419243,"location":"AuraPlayerController.cpp:AbilityInputHeld","message":"Input held","data":{"InputTag":"InputTag.RMB","bRightMouseDown":true},"runId":"run1"}
{"sessionId":"cf25b3","id":"log_349762496309","timestamp":349762496309,"location":"AuraPlayerController.cpp:Look","message":"Look invoked","data":{"x":-0.56000,"y":0.00000,"bRightMouseDown":true,"hypothesisId":"A"},"runId":"run1"}
{"sessionId":"cf25b3","id":"log_349762500553","timestamp":349762500553,"location":"AuraPlayerController.cpp:AbilityInputHeld","message":"Input held","data":{"InputTag":"InputTag.LMB","bRightMouseDown":true},"runId":"run1"}
{"sessionId":"cf25b3","id":"log_349762503004","timestamp":349762503004,"location":"AuraPlayerController.cpp:AbilityInputHeld","message":"Input held","data":{"InputTag":"InputTag.RMB","bRightMouseDown":true},"runId":"run1"}
{"sessionId":"cf25b3","id":"log_349762578683","timestamp":349762578683,"location":"AuraPlayerController.cpp:Look","message":"Look invoked","data":{"x":-0.42000,"y":0.00000,"bRightMouseDown":true,"hypothesisId":"A"},"runId":"run1"}
{"sessionId":"cf25b3","id":"log_349762582861","timestamp":349762582861,"location":"AuraPlayerController.cpp:AbilityInputHeld","message":"Input held","data":{"InputTag":"InputTag.LMB","bRightMouseDown":true},"runId":"run1"}
{"sessionId":"cf25b3","id":"log_349762586674","timestamp":349762586674,"location":"AuraPlayerController.cpp:AbilityInputHeld","message":"Input held","data":{"InputTag":"InputTag.RMB","bRightMouseDown":true},"runId":"run1"}
{"sessionId":"cf25b3","id":"log_349762662892","timestamp":349762662892,"location":"AuraPlayerController.cpp:Look","message":"Look invoked","data":{"x":-0.49000,"y":0.00000,"bRightMouseDown":true,"hypothesisId":"A"},"runId":"run1"}
{"sessionId":"cf25b3","id":"log_349762667319","timestamp":349762667319,"location":"AuraPlayerController.cpp:AbilityInputHeld","message":"Input held","data":{"InputTag":"InputTag.LMB","bRightMouseDown":true},"runId":"run1"}
{"sessionId":"cf25b3","id":"log_349762670769","timestamp":349762670769,"location":"AuraPlayerController.cpp:AbilityInputHeld","message":"Input held","data":{"InputTag":"InputTag.RMB","bRightMouseDown":true},"runId":"run1"}
{"sessionId":"cf25b3","id":"log_349762746298","timestamp":349762746298,"location":"AuraPlayerController.cpp:Look","message":"Look invoked","data":{"x":-0.84000,"y":0.00000,"bRightMouseDown":true,"hypothesisId":"A"},"runId":"run1"}
{"sessionId":"cf25b3","id":"log_349762749593","timestamp":349762749593,"location":"AuraPlayerController.cpp:AbilityInputHeld","message":"Input held","data":{"InputTag":"InputTag.LMB","bRightMouseDown":true},"runId":"run1"}
{"sessionId":"cf25b3","id":"log_349762752349","timestamp":349762752349,"location":"AuraPlayerController.cpp:AbilityInputHeld","message":"Input held","data":{"InputTag":"InputTag.RMB","bRightMouseDown":true},"runId":"run1"}
{"sessionId":"cf25b3","id":"log_349762828510","timestamp":349762828510,"location":"AuraPlayerController.cpp:Look","message":"Look invoked","data":{"x":-0.56000,"y":0.00000,"bRightMouseDown":true,"hypothesisId":"A"},"runId":"run1"}
{"sessionId":"cf25b3","id":"log_349762831847","timestamp":349762831847,"location":"AuraPlayerController.cpp:AbilityInputHeld","message":"Input held","data":{"InputTag":"InputTag.LMB","bRightMouseDown":true},"runId":"run1"}
{"sessionId":"cf25b3","id":"log_349762835688","timestamp":349762835688,"location":"AuraPlayerController.cpp:AbilityInputHeld","message":"Input held","data":{"InputTag":"InputTag.RMB","bRightMouseDown":true},"runId":"run1"}
{"sessionId":"cf25b3","id":"log_349762912145","timestamp":349762912145,"location":"AuraPlayerController.cpp:Look","message":"Look invoked","data":{"x":-0.42000,"y":0.00000,"bRightMouseDown":true,"hypothesisId":"A"},"runId":"run1"}
{"sessionId":"cf25b3","id":"log_349762916145","timestamp":349762916145,"location":"AuraPlayerController.cpp:AbilityInputHeld","message":"Input held","data":{"InputTag":"InputTag.LMB","bRightMouseDown":true},"runId":"run1"}
{"sessionId":"cf25b3","id":"log_349762918456","timestamp":349762918456,"location":"AuraPlayerController.cpp:AbilityInputHeld","message":"Input held","data":{"InputTag":"InputTag.RMB","bRightMouseDown":true},"runId":"run1"}
{"sessionId":"cf25b3","id":"log_349762995594","timestamp":349762995594,"location":"AuraPlayerController.cpp:Look","message":"Look invoked","data":{"x":-0.84000,"y":0.00000,"bRightMouseDown":true,"hypothesisId":"A"},"runId":"run1"}
{"sessionId":"cf25b3","id":"log_349762999218","timestamp":349762999218,"location":"AuraPlayerController.cpp:AbilityInputHeld","message":"Input held","data":{"InputTag":"InputTag.LMB","bRightMouseDown":true},"runId":"run1"}
{"sessionId":"cf25b3","id":"log_349763002202","timestamp":349763002202,"location":"AuraPlayerController.cpp:AbilityInputHeld","message":"Input held","data":{"InputTag":"InputTag.RMB","bRightMouseDown":true},"runId":"run1"}
{"sessionId":"cf25b3","id":"log_349763078705","timestamp":349763078705,"location":"AuraPlayerController.cpp:Look","message":"Look invoked","data":{"x":-0.49000,"y":0.00000,"bRightMouseDown":true,"hypothesisId":"A"},"runId":"run1"}
{"sessionId":"cf25b3","id":"log_349763083072","timestamp":349763083072,"location":"AuraPlayerController.cpp:AbilityInputHeld","message":"Input held","data":{"InputTag":"InputTag.LMB","bRightMouseDown":true},"runId":"run1"}
{"sessionId":"cf25b3","id":"log_349763091119","timestamp":349763091119,"location":"AuraPlayerController.cpp:AbilityInputHeld","message":"Input held","data":{"InputTag":"InputTag.RMB","bRightMouseDown":true},"runId":"run1"}
{"sessionId":"cf25b3","id":"log_349763161975","timestamp":349763161975,"location":"AuraPlayerController.cpp:Look","message":"Look invoked","data":{"x":-0.56000,"y":0.00000,"bRightMouseDown":true,"hypothesisId":"A"},"runId":"run1"}
{"sessionId":"cf25b3","id":"log_349763165414","timestamp":349763165414,"location":"AuraPlayerController.cpp:AbilityInputHeld","message":"Input held","data":{"InputTag":"InputTag.LMB","bRightMouseDown":true},"runId":"run1"}
{"sessionId":"cf25b3","id":"log_349763169081","timestamp":349763169081,"location":"AuraPlayerController.cpp:AbilityInputHeld","message":"Input held","data":{"InputTag":"InputTag.RMB","bRightMouseDown":true},"runId":"run1"}
{"sessionId":"cf25b3","id":"log_349763245661","timestamp":349763245661,"location":"AuraPlayerController.cpp:Look","message":"Look invoked","data":{"x":-0.84000,"y":0.00000,"bRightMouseDown":true,"hypothesisId":"A"},"runId":"run1"}
{"sessionId":"cf25b3","id":"log_349763249659","timestamp":349763249659,"location":"AuraPlayerController.cpp:AbilityInputHeld","message":"Input held","data":{"InputTag":"InputTag.LMB","bRightMouseDown":true},"runId":"run1"}
{"sessionId":"cf25b3","id":"log_349763253593","timestamp":349763253593,"location":"AuraPlayerController.cpp:AbilityInputHeld","message":"Input held","data":{"InputTag":"InputTag.RMB","bRightMouseDown":true},"runId":"run1"}
{"sessionId":"cf25b3","id":"log_349763329137","timestamp":349763329137,"location":"AuraPlayerController.cpp:Look","message":"Look invoked","data":{"x":-0.49000,"y":0.00000,"bRightMouseDown":true,"hypothesisId":"A"},"runId":"run1"}
{"sessionId":"cf25b3","id":"log_349763332875","timestamp":349763332875,"location":"AuraPlayerController.cpp:AbilityInputHeld","message":"Input held","data":{"InputTag":"InputTag.LMB","bRightMouseDown":true},"runId":"run1"}
{"sessionId":"cf25b3","id":"log_349763336369","timestamp":349763336369,"location":"AuraPlayerController.cpp:AbilityInputHeld","message":"Input held","data":{"InputTag":"InputTag.RMB","bRightMouseDown":true},"runId":"run1"}
{"sessionId":"cf25b3","id":"log_349763412382","timestamp":349763412382,"location":"AuraPlayerController.cpp:Look","message":"Look invoked","data":{"x":-0.56000,"y":0.00000,"bRightMouseDown":true,"hypothesisId":"A"},"runId":"run1"}
{"sessionId":"cf25b3","id":"log_349763416878","timestamp":349763416878,"location":"AuraPlayerController.cpp:AbilityInputHeld","message":"Input held","data":{"InputTag":"InputTag.LMB","bRightMouseDown":true},"runId":"run1"}
{"sessionId":"cf25b3","id":"log_349763419017","timestamp":349763419017,"location":"AuraPlayerController.cpp:AbilityInputHeld","message":"Input held","data":{"InputTag":"InputTag.RMB","bRightMouseDown":true},"runId":"run1"}
{"sessionId":"cf25b3","id":"log_349763495646","timestamp":349763495646,"location":"AuraPlayerController.cpp:Look","message":"Look invoked","data":{"x":-0.98000,"y":0.00000,"bRightMouseDown":true,"hypothesisId":"A"},"runId":"run1"}
{"sessionId":"cf25b3","id":"log_349763499316","timestamp":349763499316,"location":"AuraPlayerController.cpp:AbilityInputHeld","message":"Input held","data":{"InputTag":"InputTag.LMB","bRightMouseDown":true},"runId":"run1"}
{"sessionId":"cf25b3","id":"log_349763502344","timestamp":349763502344,"location":"AuraPlayerController.cpp:AbilityInputHeld","message":"Input held","data":{"InputTag":"InputTag.RMB","bRightMouseDown":true},"runId":"run1"}
{"sessionId":"cf25b3","id":"log_349763585343","timestamp":349763585343,"location":"AuraPlayerController.cpp:Look","message":"Look invoked","data":{"x":-0.63000,"y":0.00000,"bRightMouseDown":true,"hypothesisId":"A"},"runId":"run1"}
{"sessionId":"cf25b3","id":"log_349763588715","timestamp":349763588715,"location":"AuraPlayerController.cpp:AbilityInputHeld","message":"Input held","data":{"InputTag":"InputTag.LMB","bRightMouseDown":true},"runId":"run1"}
{"sessionId":"cf25b3","id":"log_349763590774","timestamp":349763590774,"location":"AuraPlayerController.cpp:AbilityInputHeld","message":"Input held","data":{"InputTag":"InputTag.RMB","bRightMouseDown":true},"runId":"run1"}
{"sessionId":"cf25b3","id":"log_349763662063","timestamp":349763662063,"location":"AuraPlayerController.cpp:Look","message":"Look invoked","data":{"x":-0.35000,"y":0.00000,"bRightMouseDown":true,"hypothesisId":"A"},"runId":"run1"}
{"sessionId":"cf25b3","id":"log_349763666377","timestamp":349763666377,"location":"AuraPlayerController.cpp:AbilityInputHeld","message":"Input held","data":{"InputTag":"InputTag.LMB","bRightMouseDown":true},"runId":"run1"}
{"sessionId":"cf25b3","id":"log_349763669078","timestamp":349763669078,"location":"AuraPlayerController.cpp:AbilityInputHeld","message":"Input held","data":{"InputTag":"InputTag.RMB","bRightMouseDown":true},"runId":"run1"}
{"sessionId":"cf25b3","id":"log_349763745794","timestamp":349763745794,"location":"AuraPlayerController.cpp:Look","message":"Look invoked","data":{"x":-0.77000,"y":0.00000,"bRightMouseDown":true,"hypothesisId":"A"},"runId":"run1"}
{"sessionId":"cf25b3","id":"log_349763749531","timestamp":349763749531,"location":"AuraPlayerController.cpp:AbilityInputHeld","message":"Input held","data":{"InputTag":"InputTag.LMB","bRightMouseDown":true},"runId":"run1"}
{"sessionId":"cf25b3","id":"log_349763752235","timestamp":349763752235,"location":"AuraPlayerController.cpp:AbilityInputHeld","message":"Input held","data":{"InputTag":"InputTag.RMB","bRightMouseDown":true},"runId":"run1"}
{"sessionId":"cf25b3","id":"log_349763828953","timestamp":349763828953,"location":"AuraPlayerController.cpp:Look","message":"Look invoked","data":{"x":-0.42000,"y":0.00000,"bRightMouseDown":true,"hypothesisId":"A"},"runId":"run1"}
{"sessionId":"cf25b3","id":"log_349763832434","timestamp":349763832434,"location":"AuraPlayerController.cpp:AbilityInputHeld","message":"Input held","data":{"InputTag":"InputTag.LMB","bRightMouseDown":true},"runId":"run1"}
{"sessionId":"cf25b3","id":"log_349763834280","timestamp":349763834280,"location":"AuraPlayerController.cpp:AbilityInputHeld","message":"Input held","data":{"InputTag":"InputTag.RMB","bRightMouseDown":true},"runId":"run1"}
{"sessionId":"cf25b3","id":"log_349763913148","timestamp":349763913148,"location":"AuraPlayerController.cpp:Look","message":"Look invoked","data":{"x":-0.42000,"y":0.00000,"bRightMouseDown":true,"hypothesisId":"A"},"runId":"run1"}
{"sessionId":"cf25b3","id":"log_349763916492","timestamp":349763916492,"location":"AuraPlayerController.cpp:AbilityInputHeld","message":"Input held","data":{"InputTag":"InputTag.LMB","bRightMouseDown":true},"runId":"run1"}
{"sessionId":"cf25b3","id":"log_349763918992","timestamp":349763918992,"location":"AuraPlayerController.cpp:AbilityInputHeld","message":"Input held","data":{"InputTag":"InputTag.RMB","bRightMouseDown":true},"runId":"run1"}
{"sessionId":"cf25b3","id":"log_349763995421","timestamp":349763995421,"location":"AuraPlayerController.cpp:Look","message":"Look invoked","data":{"x":-0.63000,"y":0.00000,"bRightMouseDown":true,"hypothesisId":"A"},"runId":"run1"}
{"sessionId":"cf25b3","id":"log_349763998864","timestamp":349763998864,"location":"AuraPlayerController.cpp:AbilityInputHeld","message":"Input held","data":{"InputTag":"InputTag.LMB","bRightMouseDown":true},"runId":"run1"}
{"sessionId":"cf25b3","id":"log_349764001400","timestamp":349764001400,"location":"AuraPlayerController.cpp:AbilityInputHeld","message":"Input held","data":{"InputTag":"InputTag.RMB","bRightMouseDown":true},"runId":"run1"}
{"sessionId":"cf25b3","id":"log_349764078629","timestamp":349764078629,"location":"AuraPlayerController.cpp:Look","message":"Look invoked","data":{"x":-0.35000,"y":0.00000,"bRightMouseDown":true,"hypothesisId":"A"},"runId":"run1"}
{"sessionId":"cf25b3","id":"log_349764082296","timestamp":349764082296,"location":"AuraPlayerController.cpp:AbilityInputHeld","message":"Input held","data":{"InputTag":"InputTag.LMB","bRightMouseDown":true},"runId":"run1"}
{"sessionId":"cf25b3","id":"log_349764084921","timestamp":349764084921,"location":"AuraPlayerController.cpp:AbilityInputHeld","message":"Input held","data":{"InputTag":"InputTag.RMB","bRightMouseDown":true},"runId":"run1"}
{"sessionId":"cf25b3","id":"log_349764162385","timestamp":349764162385,"location":"AuraPlayerController.cpp:Look","message":"Look invoked","data":{"x":-0.35000,"y":0.00000,"bRightMouseDown":true,"hypothesisId":"A"},"runId":"run1"}
{"sessionId":"cf25b3","id":"log_349764166075","timestamp":349764166075,"location":"AuraPlayerController.cpp:AbilityInputHeld","message":"Input held","data":{"InputTag":"InputTag.LMB","bRightMouseDown":true},"runId":"run1"}
{"sessionId":"cf25b3","id":"log_349764168218","timestamp":349764168218,"location":"AuraPlayerController.cpp:AbilityInputHeld","message":"Input held","data":{"InputTag":"InputTag.RMB","bRightMouseDown":true},"runId":"run1"}
{"sessionId":"cf25b3","id":"log_349764245747","timestamp":349764245747,"location":"AuraPlayerController.cpp:Look","message":"Look invoked","data":{"x":-0.56000,"y":0.00000,"bRightMouseDown":true,"hypothesisId":"A"},"runId":"run1"}
{"sessionId":"cf25b3","id":"log_349764248904","timestamp":349764248904,"location":"AuraPlayerController.cpp:AbilityInputHeld","message":"Input held","data":{"InputTag":"InputTag.LMB","bRightMouseDown":true},"runId":"run1"}
{"sessionId":"cf25b3","id":"log_349764251399","timestamp":349764251399,"location":"AuraPlayerController.cpp:AbilityInputHeld","message":"Input held","data":{"InputTag":"InputTag.RMB","bRightMouseDown":true},"runId":"run1"}
{"sessionId":"cf25b3","id":"log_349764329929","timestamp":349764329929,"location":"AuraPlayerController.cpp:Look","message":"Look invoked","data":{"x":-0.35000,"y":0.00000,"bRightMouseDown":true,"hypothesisId":"A"},"runId":"run1"}
{"sessionId":"cf25b3","id":"log_349764333624","timestamp":349764333624,"location":"AuraPlayerController.cpp:AbilityInputHeld","message":"Input held","data":{"InputTag":"InputTag.LMB","bRightMouseDown":true},"runId":"run1"}
{"sessionId":"cf25b3","id":"log_349764336208","timestamp":349764336208,"location":"AuraPlayerController.cpp:AbilityInputHeld","message":"Input held","data":{"InputTag":"InputTag.RMB","bRightMouseDown":true},"runId":"run1"}
{"sessionId":"cf25b3","id":"log_349764412315","timestamp":349764412315,"location":"AuraPlayerController.cpp:Look","message":"Look invoked","data":{"x":-0.35000,"y":0.00000,"bRightMouseDown":true,"hypothesisId":"A"},"runId":"run1"}
{"sessionId":"cf25b3","id":"log_349764416589","timestamp":349764416589,"location":"AuraPlayerController.cpp:AbilityInputHeld","message":"Input held","data":{"InputTag":"InputTag.LMB","bRightMouseDown":true},"runId":"run1"}
{"sessionId":"cf25b3","id":"log_349764419387","timestamp":349764419387,"location":"AuraPlayerController.cpp:AbilityInputHeld","message":"Input held","data":{"InputTag":"InputTag.RMB","bRightMouseDown":true},"runId":"run1"}
{"sessionId":"cf25b3","id":"log_349764495718","timestamp":349764495718,"location":"AuraPlayerController.cpp:Look","message":"Look invoked","data":{"x":-0.63000,"y":0.00000,"bRightMouseDown":true,"hypothesisId":"A"},"runId":"run1"}
{"sessionId":"cf25b3","id":"log_349764499073","timestamp":349764499073,"location":"AuraPlayerController.cpp:AbilityInputHeld","message":"Input held","data":{"InputTag":"InputTag.LMB","bRightMouseDown":true},"runId":"run1"}
{"sessionId":"cf25b3","id":"log_349764501978","timestamp":349764501978,"location":"AuraPlayerController.cpp:AbilityInputHeld","message":"Input held","data":{"InputTag":"InputTag.RMB","bRightMouseDown":true},"runId":"run1"}
{"sessionId":"cf25b3","id":"log_349764580953","timestamp":349764580953,"location":"AuraPlayerController.cpp:Look","message":"Look invoked","data":{"x":-0.35000,"y":0.00000,"bRightMouseDown":true,"hypothesisId":"A"},"runId":"run1"}
{"sessionId":"cf25b3","id":"log_349764584420","timestamp":349764584420,"location":"AuraPlayerController.cpp:AbilityInputHeld","message":"Input held","data":{"InputTag":"InputTag.LMB","bRightMouseDown":true},"runId":"run1"}
{"sessionId":"cf25b3","id":"log_349764588086","timestamp":349764588086,"location":"AuraPlayerController.cpp:AbilityInputHeld","message":"Input held","data":{"InputTag":"InputTag.RMB","bRightMouseDown":true},"runId":"run1"}
{"sessionId":"cf25b3","id":"log_349764664041","timestamp":349764664041,"location":"AuraPlayerController.cpp:Look","message":"Look invoked","data":{"x":-0.21000,"y":0.00000,"bRightMouseDown":true,"hypothesisId":"A"},"runId":"run1"}
{"sessionId":"cf25b3","id":"log_349764668462","timestamp":349764668462,"location":"AuraPlayerController.cpp:AbilityInputHeld","message":"Input held","data":{"InputTag":"InputTag.LMB","bRightMouseDown":true},"runId":"run1"}
{"sessionId":"cf25b3","id":"log_349764670572","timestamp":349764670572,"location":"AuraPlayerController.cpp:AbilityInputHeld","message":"Input held","data":{"InputTag":"InputTag.RMB","bRightMouseDown":true},"runId":"run1"}
{"sessionId":"cf25b3","id":"log_349764746144","timestamp":349764746144,"location":"AuraPlayerController.cpp:Look","message":"Look invoked","data":{"x":-0.35000,"y":0.00000,"bRightMouseDown":true,"hypothesisId":"A"},"runId":"run1"}
{"sessionId":"cf25b3","id":"log_349764750238","timestamp":349764750238,"location":"AuraPlayerController.cpp:AbilityInputHeld","message":"Input held","data":{"InputTag":"InputTag.LMB","bRightMouseDown":true},"runId":"run1"}
{"sessionId":"cf25b3","id":"log_349764753315","timestamp":349764753315,"location":"AuraPlayerController.cpp:AbilityInputHeld","message":"Input held","data":{"InputTag":"InputTag.RMB","bRightMouseDown":true},"runId":"run1"}
{"sessionId":"cf25b3","id":"log_349764828476","timestamp":349764828476,"location":"AuraPlayerController.cpp:AbilityInputHeld","message":"Input held","data":{"InputTag":"InputTag.LMB","bRightMouseDown":true},"runId":"run1"}
{"sessionId":"cf25b3","id":"log_349764831918","timestamp":349764831918,"location":"AuraPlayerController.cpp:AbilityInputReleased","message":"Input released","data":{"InputTag":"InputTag.RMB","bRightMouseDown":true},"runId":"run1"}
{"sessionId":"cf25b3","id":"log_349764911170","timestamp":349764911170,"location":"AuraPlayerController.cpp:AbilityInputHeld","message":"Input held","data":{"InputTag":"InputTag.LMB","bRightMouseDown":false},"runId":"run1"}
{"sessionId":"cf25b3","id":"log_349764994044","timestamp":349764994044,"location":"AuraPlayerController.cpp:AbilityInputHeld","message":"Input held","data":{"InputTag":"InputTag.LMB","bRightMouseDown":false},"runId":"run1"}
{"sessionId":"cf25b3","id":"log_349765077532","timestamp":349765077532,"location":"AuraPlayerController.cpp:AbilityInputHeld","message":"Input held","data":{"InputTag":"InputTag.LMB","bRightMouseDown":false},"runId":"run1"}
{"sessionId":"cf25b3","id":"log_349765160613","timestamp":349765160613,"location":"AuraPlayerController.cpp:AbilityInputHeld","message":"Input held","data":{"InputTag":"InputTag.LMB","bRightMouseDown":false},"runId":"run1"}
{"sessionId":"cf25b3","id":"log_349765243837","timestamp":349765243837,"location":"AuraPlayerController.cpp:AbilityInputHeld","message":"Input held","data":{"InputTag":"InputTag.LMB","bRightMouseDown":false},"runId":"run1"}
{"sessionId":"cf25b3","id":"log_349765327507","timestamp":349765327507,"location":"AuraPlayerController.cpp:AbilityInputHeld","message":"Input held","data":{"InputTag":"InputTag.LMB","bRightMouseDown":false},"runId":"run1"}
{"sessionId":"cf25b3","id":"log_349765411082","timestamp":349765411082,"location":"AuraPlayerController.cpp:AbilityInputHeld","message":"Input held","data":{"InputTag":"InputTag.LMB","bRightMouseDown":false},"runId":"run1"}
{"sessionId":"cf25b3","id":"log_349765494548","timestamp":349765494548,"location":"AuraPlayerController.cpp:AbilityInputHeld","message":"Input held","data":{"InputTag":"InputTag.LMB","bRightMouseDown":false},"runId":"run1"}
{"sessionId":"cf25b3","id":"log_349765578203","timestamp":349765578203,"location":"AuraPlayerController.cpp:AbilityInputHeld","message":"Input held","data":{"InputTag":"InputTag.LMB","bRightMouseDown":false},"runId":"run1"}
{"sessionId":"cf25b3","id":"log_349765660796","timestamp":349765660796,"location":"AuraPlayerController.cpp:AbilityInputHeld","message":"Input held","data":{"InputTag":"InputTag.LMB","bRightMouseDown":false},"runId":"run1"}
{"sessionId":"cf25b3","id":"log_349765744119","timestamp":349765744119,"location":"AuraPlayerController.cpp:AbilityInputHeld","message":"Input held","data":{"InputTag":"InputTag.LMB","bRightMouseDown":false},"runId":"run1"}
{"sessionId":"cf25b3","id":"log_349765828988","timestamp":349765828988,"location":"AuraPlayerController.cpp:Look","message":"Look invoked","data":{"x":0.07000,"y":0.00000,"bRightMouseDown":false,"hypothesisId":"A"},"runId":"run1"}
{"sessionId":"cf25b3","id":"log_349765832578","timestamp":349765832578,"location":"AuraPlayerController.cpp:AbilityInputHeld","message":"Input held","data":{"InputTag":"InputTag.LMB","bRightMouseDown":false},"runId":"run1"}
{"sessionId":"cf25b3","id":"log_349765835976","timestamp":349765835976,"location":"AuraPlayerController.cpp:AbilityInputHeld","message":"Input held","data":{"InputTag":"InputTag.RMB","bRightMouseDown":false},"runId":"run1"}
{"sessionId":"cf25b3","id":"log_349765913946","timestamp":349765913946,"location":"AuraPlayerController.cpp:Look","message":"Look invoked","data":{"x":0.21000,"y":0.00000,"bRightMouseDown":true,"hypothesisId":"A"},"runId":"run1"}
{"sessionId":"cf25b3","id":"log_349765919111","timestamp":349765919111,"location":"AuraPlayerController.cpp:AbilityInputHeld","message":"Input held","data":{"InputTag":"InputTag.LMB","bRightMouseDown":true},"runId":"run1"}
{"sessionId":"cf25b3","id":"log_349765921680","timestamp":349765921680,"location":"AuraPlayerController.cpp:AbilityInputHeld","message":"Input held","data":{"InputTag":"InputTag.RMB","bRightMouseDown":true},"runId":"run1"}
{"sessionId":"cf25b3","id":"log_349765995812","timestamp":349765995812,"location":"AuraPlayerController.cpp:Look","message":"Look invoked","data":{"x":0.56000,"y":0.00000,"bRightMouseDown":true,"hypothesisId":"A"},"runId":"run1"}
{"sessionId":"cf25b3","id":"log_349766000156","timestamp":349766000156,"location":"AuraPlayerController.cpp:AbilityInputHeld","message":"Input held","data":{"InputTag":"InputTag.LMB","bRightMouseDown":true},"runId":"run1"}
{"sessionId":"cf25b3","id":"log_349766003016","timestamp":349766003016,"location":"AuraPlayerController.cpp:AbilityInputHeld","message":"Input held","data":{"InputTag":"InputTag.RMB","bRightMouseDown":true},"runId":"run1"}
{"sessionId":"cf25b3","id":"log_349766078991","timestamp":349766078991,"location":"AuraPlayerController.cpp:Look","message":"Look invoked","data":{"x":0.42000,"y":0.00000,"bRightMouseDown":true,"hypothesisId":"A"},"runId":"run1"}
{"sessionId":"cf25b3","id":"log_349766082514","timestamp":349766082514,"location":"AuraPlayerController.cpp:AbilityInputHeld","message":"Input held","data":{"InputTag":"InputTag.LMB","bRightMouseDown":true},"runId":"run1"}
{"sessionId":"cf25b3","id":"log_349766085417","timestamp":349766085417,"location":"AuraPlayerController.cpp:AbilityInputHeld","message":"Input held","data":{"InputTag":"InputTag.RMB","bRightMouseDown":true},"runId":"run1"}
{"sessionId":"cf25b3","id":"log_349766162613","timestamp":349766162613,"location":"AuraPlayerController.cpp:Look","message":"Look invoked","data":{"x":0.56000,"y":0.00000,"bRightMouseDown":true,"hypothesisId":"A"},"runId":"run1"}
{"sessionId":"cf25b3","id":"log_349766166183","timestamp":349766166183,"location":"AuraPlayerController.cpp:AbilityInputHeld","message":"Input held","data":{"InputTag":"InputTag.LMB","bRightMouseDown":true},"runId":"run1"}
{"sessionId":"cf25b3","id":"log_349766168295","timestamp":349766168295,"location":"AuraPlayerController.cpp:AbilityInputHeld","message":"Input held","data":{"InputTag":"InputTag.RMB","bRightMouseDown":true},"runId":"run1"}
{"sessionId":"cf25b3","id":"log_349766246566","timestamp":349766246566,"location":"AuraPlayerController.cpp:Look","message":"Look invoked","data":{"x":0.91000,"y":0.00000,"bRightMouseDown":true,"hypothesisId":"A"},"runId":"run1"}
{"sessionId":"cf25b3","id":"log_349766250846","timestamp":349766250846,"location":"AuraPlayerController.cpp:AbilityInputHeld","message":"Input held","data":{"InputTag":"InputTag.LMB","bRightMouseDown":true},"runId":"run1"}
{"sessionId":"cf25b3","id":"log_349766255327","timestamp":349766255327,"location":"AuraPlayerController.cpp:AbilityInputHeld","message":"Input held","data":{"InputTag":"InputTag.RMB","bRightMouseDown":true},"runId":"run1"}
{"sessionId":"cf25b3","id":"log_349766329071","timestamp":349766329071,"location":"AuraPlayerController.cpp:Look","message":"Look invoked","data":{"x":0.56000,"y":0.00000,"bRightMouseDown":true,"hypothesisId":"A"},"runId":"run1"}
{"sessionId":"cf25b3","id":"log_349766333412","timestamp":349766333412,"location":"AuraPlayerController.cpp:AbilityInputHeld","message":"Input held","data":{"InputTag":"InputTag.LMB","bRightMouseDown":true},"runId":"run1"}
{"sessionId":"cf25b3","id":"log_349766336117","timestamp":349766336117,"location":"AuraPlayerController.cpp:AbilityInputHeld","message":"Input held","data":{"InputTag":"InputTag.RMB","bRightMouseDown":true},"runId":"run1"}
{"sessionId":"cf25b3","id":"log_349766415717","timestamp":349766415717,"location":"AuraPlayerController.cpp:Look","message":"Look invoked","data":{"x":0.56000,"y":0.00000,"bRightMouseDown":true,"hypothesisId":"A"},"runId":"run1"}
{"sessionId":"cf25b3","id":"log_349766419738","timestamp":349766419738,"location":"AuraPlayerController.cpp:AbilityInputHeld","message":"Input held","data":{"InputTag":"InputTag.LMB","bRightMouseDown":true},"runId":"run1"}
{"sessionId":"cf25b3","id":"log_349766422364","timestamp":349766422364,"location":"AuraPlayerController.cpp:AbilityInputHeld","message":"Input held","data":{"InputTag":"InputTag.RMB","bRightMouseDown":true},"runId":"run1"}
{"sessionId":"cf25b3","id":"log_349766495974","timestamp":349766495974,"location":"AuraPlayerController.cpp:Look","message":"Look invoked","data":{"x":1.12000,"y":0.00000,"bRightMouseDown":true,"hypothesisId":"A"},"runId":"run1"}
{"sessionId":"cf25b3","id":"log_349766499693","timestamp":349766499693,"location":"AuraPlayerController.cpp:AbilityInputHeld","message":"Input held","data":{"InputTag":"InputTag.LMB","bRightMouseDown":true},"runId":"run1"}
{"sessionId":"cf25b3","id":"log_349766502870","timestamp":349766502870,"location":"AuraPlayerController.cpp:AbilityInputHeld","message":"Input held","data":{"InputTag":"InputTag.RMB","bRightMouseDown":true},"runId":"run1"}
{"sessionId":"cf25b3","id":"log_349766579263","timestamp":349766579263,"location":"AuraPlayerController.cpp:Look","message":"Look invoked","data":{"x":0.56000,"y":0.00000,"bRightMouseDown":true,"hypothesisId":"A"},"runId":"run1"}
{"sessionId":"cf25b3","id":"log_349766583346","timestamp":349766583346,"location":"AuraPlayerController.cpp:AbilityInputHeld","message":"Input held","data":{"InputTag":"InputTag.LMB","bRightMouseDown":true},"runId":"run1"}
{"sessionId":"cf25b3","id":"log_349766586057","timestamp":349766586057,"location":"AuraPlayerController.cpp:AbilityInputHeld","message":"Input held","data":{"InputTag":"InputTag.RMB","bRightMouseDown":true},"runId":"run1"}
{"sessionId":"cf25b3","id":"log_349766662408","timestamp":349766662408,"location":"AuraPlayerController.cpp:Look","message":"Look invoked","data":{"x":0.70000,"y":0.00000,"bRightMouseDown":true,"hypothesisId":"A"},"runId":"run1"}
{"sessionId":"cf25b3","id":"log_349766667632","timestamp":349766667632,"location":"AuraPlayerController.cpp:AbilityInputHeld","message":"Input held","data":{"InputTag":"InputTag.LMB","bRightMouseDown":true},"runId":"run1"}
{"sessionId":"cf25b3","id":"log_349766670307","timestamp":349766670307,"location":"AuraPlayerController.cpp:AbilityInputHeld","message":"Input held","data":{"InputTag":"InputTag.RMB","bRightMouseDown":true},"runId":"run1"}
{"sessionId":"cf25b3","id":"log_349766745800","timestamp":349766745800,"location":"AuraPlayerController.cpp:Look","message":"Look invoked","data":{"x":1.33000,"y":0.00000,"bRightMouseDown":true,"hypothesisId":"A"},"runId":"run1"}
{"sessionId":"cf25b3","id":"log_349766749117","timestamp":349766749117,"location":"AuraPlayerController.cpp:AbilityInputHeld","message":"Input held","data":{"InputTag":"InputTag.LMB","bRightMouseDown":true},"runId":"run1"}
{"sessionId":"cf25b3","id":"log_349766753431","timestamp":349766753431,"location":"AuraPlayerController.cpp:AbilityInputHeld","message":"Input held","data":{"InputTag":"InputTag.RMB","bRightMouseDown":true},"runId":"run1"}
{"sessionId":"cf25b3","id":"log_349766828691","timestamp":349766828691,"location":"AuraPlayerController.cpp:Look","message":"Look invoked","data":{"x":0.49000,"y":0.00000,"bRightMouseDown":true,"hypothesisId":"A"},"runId":"run1"}
{"sessionId":"cf25b3","id":"log_349766832050","timestamp":349766832050,"location":"AuraPlayerController.cpp:AbilityInputHeld","message":"Input held","data":{"InputTag":"InputTag.LMB","bRightMouseDown":true},"runId":"run1"}
{"sessionId":"cf25b3","id":"log_349766834540","timestamp":349766834540,"location":"AuraPlayerController.cpp:AbilityInputHeld","message":"Input held","data":{"InputTag":"InputTag.RMB","bRightMouseDown":true},"runId":"run1"}
{"sessionId":"cf25b3","id":"log_349766912424","timestamp":349766912424,"location":"AuraPlayerController.cpp:Look","message":"Look invoked","data":{"x":0.63000,"y":0.00000,"bRightMouseDown":true,"hypothesisId":"A"},"runId":"run1"}
{"sessionId":"cf25b3","id":"log_349766916377","timestamp":349766916377,"location":"AuraPlayerController.cpp:AbilityInputHeld","message":"Input held","data":{"InputTag":"InputTag.LMB","bRightMouseDown":true},"runId":"run1"}
{"sessionId":"cf25b3","id":"log_349766918521","timestamp":349766918521,"location":"AuraPlayerController.cpp:AbilityInputHeld","message":"Input held","data":{"InputTag":"InputTag.RMB","bRightMouseDown":true},"runId":"run1"}
{"sessionId":"cf25b3","id":"log_349766995800","timestamp":349766995800,"location":"AuraPlayerController.cpp:Look","message":"Look invoked","data":{"x":1.12000,"y":0.00000,"bRightMouseDown":true,"hypothesisId":"A"},"runId":"run1"}
{"sessionId":"cf25b3","id":"log_349767000665","timestamp":349767000665,"location":"AuraPlayerController.cpp:AbilityInputHeld","message":"Input held","data":{"InputTag":"InputTag.LMB","bRightMouseDown":true},"runId":"run1"}
{"sessionId":"cf25b3","id":"log_349767004226","timestamp":349767004226,"location":"AuraPlayerController.cpp:AbilityInputHeld","message":"Input held","data":{"InputTag":"InputTag.RMB","bRightMouseDown":true},"runId":"run1"}
{"sessionId":"cf25b3","id":"log_349767078999","timestamp":349767078999,"location":"AuraPlayerController.cpp:Look","message":"Look invoked","data":{"x":0.49000,"y":0.00000,"bRightMouseDown":true,"hypothesisId":"A"},"runId":"run1"}
{"sessionId":"cf25b3","id":"log_349767082984","timestamp":349767082984,"location":"AuraPlayerController.cpp:AbilityInputHeld","message":"Input held","data":{"InputTag":"InputTag.LMB","bRightMouseDown":true},"runId":"run1"}
{"sessionId":"cf25b3","id":"log_349767085573","timestamp":349767085573,"location":"AuraPlayerController.cpp:AbilityInputHeld","message":"Input held","data":{"InputTag":"InputTag.RMB","bRightMouseDown":true},"runId":"run1"}
{"sessionId":"cf25b3","id":"log_349767162634","timestamp":349767162634,"location":"AuraPlayerController.cpp:Look","message":"Look invoked","data":{"x":0.56000,"y":0.00000,"bRightMouseDown":true,"hypothesisId":"A"},"runId":"run1"}
{"sessionId":"cf25b3","id":"log_349767166490","timestamp":349767166490,"location":"AuraPlayerController.cpp:AbilityInputHeld","message":"Input held","data":{"InputTag":"InputTag.LMB","bRightMouseDown":true},"runId":"run1"}
{"sessionId":"cf25b3","id":"log_349767169331","timestamp":349767169331,"location":"AuraPlayerController.cpp:AbilityInputHeld","message":"Input held","data":{"InputTag":"InputTag.RMB","bRightMouseDown":true},"runId":"run1"}
{"sessionId":"cf25b3","id":"log_349767246123","timestamp":349767246123,"location":"AuraPlayerController.cpp:Look","message":"Look invoked","data":{"x":0.77000,"y":0.00000,"bRightMouseDown":true,"hypothesisId":"A"},"runId":"run1"}
{"sessionId":"cf25b3","id":"log_349767249449","timestamp":349767249449,"location":"AuraPlayerController.cpp:AbilityInputHeld","message":"Input held","data":{"InputTag":"InputTag.LMB","bRightMouseDown":true},"runId":"run1"}
{"sessionId":"cf25b3","id":"log_349767253250","timestamp":349767253250,"location":"AuraPlayerController.cpp:AbilityInputHeld","message":"Input held","data":{"InputTag":"InputTag.RMB","bRightMouseDown":true},"runId":"run1"}
{"sessionId":"cf25b3","id":"log_349767329322","timestamp":349767329322,"location":"AuraPlayerController.cpp:Look","message":"Look invoked","data":{"x":0.28000,"y":0.00000,"bRightMouseDown":true,"hypothesisId":"A"},"runId":"run1"}
{"sessionId":"cf25b3","id":"log_349767333630","timestamp":349767333630,"location":"AuraPlayerController.cpp:AbilityInputHeld","message":"Input held","data":{"InputTag":"InputTag.LMB","bRightMouseDown":true},"runId":"run1"}
{"sessionId":"cf25b3","id":"log_349767336714","timestamp":349767336714,"location":"AuraPlayerController.cpp:AbilityInputHeld","message":"Input held","data":{"InputTag":"InputTag.RMB","bRightMouseDown":true},"runId":"run1"}
{"sessionId":"cf25b3","id":"log_349767412064","timestamp":349767412064,"location":"AuraPlayerController.cpp:Look","message":"Look invoked","data":{"x":0.21000,"y":0.00000,"bRightMouseDown":true,"hypothesisId":"A"},"runId":"run1"}
{"sessionId":"cf25b3","id":"log_349767416223","timestamp":349767416223,"location":"AuraPlayerController.cpp:AbilityInputHeld","message":"Input held","data":{"InputTag":"InputTag.LMB","bRightMouseDown":true},"runId":"run1"}
{"sessionId":"cf25b3","id":"log_349767419440","timestamp":349767419440,"location":"AuraPlayerController.cpp:AbilityInputHeld","message":"Input held","data":{"InputTag":"InputTag.RMB","bRightMouseDown":true},"runId":"run1"}
{"sessionId":"cf25b3","id":"log_349767495847","timestamp":349767495847,"location":"AuraPlayerController.cpp:Look","message":"Look invoked","data":{"x":0.28000,"y":0.00000,"bRightMouseDown":true,"hypothesisId":"A"},"runId":"run1"}
{"sessionId":"cf25b3","id":"log_349767499098","timestamp":349767499098,"location":"AuraPlayerController.cpp:AbilityInputHeld","message":"Input held","data":{"InputTag":"InputTag.LMB","bRightMouseDown":true},"runId":"run1"}
{"sessionId":"cf25b3","id":"log_349767502680","timestamp":349767502680,"location":"AuraPlayerController.cpp:AbilityInputHeld","message":"Input held","data":{"InputTag":"InputTag.RMB","bRightMouseDown":true},"runId":"run1"}
{"sessionId":"cf25b3","id":"log_349767578853","timestamp":349767578853,"location":"AuraPlayerController.cpp:Look","message":"Look invoked","data":{"x":0.07000,"y":0.00000,"bRightMouseDown":true,"hypothesisId":"A"},"runId":"run1"}
{"sessionId":"cf25b3","id":"log_349767582530","timestamp":349767582530,"location":"AuraPlayerController.cpp:AbilityInputHeld","message":"Input held","data":{"InputTag":"InputTag.LMB","bRightMouseDown":true},"runId":"run1"}
{"sessionId":"cf25b3","id":"log_349767584951","timestamp":349767584951,"location":"AuraPlayerController.cpp:AbilityInputHeld","message":"Input held","data":{"InputTag":"InputTag.RMB","bRightMouseDown":true},"runId":"run1"}
{"sessionId":"cf25b3","id":"log_349767660695","timestamp":349767660695,"location":"AuraPlayerController.cpp:AbilityInputHeld","message":"Input held","data":{"InputTag":"InputTag.LMB","bRightMouseDown":true},"runId":"run1"}
{"sessionId":"cf25b3","id":"log_349767664775","timestamp":349767664775,"location":"AuraPlayerController.cpp:AbilityInputReleased","message":"Input released","data":{"InputTag":"InputTag.RMB","bRightMouseDown":true},"runId":"run1"}
{"sessionId":"cf25b3","id":"log_349767743843","timestamp":349767743843,"location":"AuraPlayerController.cpp:AbilityInputHeld","message":"Input held","data":{"InputTag":"InputTag.LMB","bRightMouseDown":false},"runId":"run1"}
{"sessionId":"cf25b3","id":"log_349767827312","timestamp":349767827312,"location":"AuraPlayerController.cpp:AbilityInputHeld","message":"Input held","data":{"InputTag":"InputTag.LMB","bRightMouseDown":false},"runId":"run1"}
{"sessionId":"cf25b3","id":"log_349767910702","timestamp":349767910702,"location":"AuraPlayerController.cpp:AbilityInputHeld","message":"Input held","data":{"InputTag":"InputTag.LMB","bRightMouseDown":false},"runId":"run1"}
{"sessionId":"cf25b3","id":"log_349767993937","timestamp":349767993937,"location":"AuraPlayerController.cpp:AbilityInputHeld","message":"Input held","data":{"InputTag":"InputTag.LMB","bRightMouseDown":false},"runId":"run1"}
{"sessionId":"cf25b3","id":"log_349768077411","timestamp":349768077411,"location":"AuraPlayerController.cpp:AbilityInputHeld","message":"Input held","data":{"InputTag":"InputTag.LMB","bRightMouseDown":false},"runId":"run1"}
{"sessionId":"cf25b3","id":"log_349768160965","timestamp":349768160965,"location":"AuraPlayerController.cpp:AbilityInputHeld","message":"Input held","data":{"InputTag":"InputTag.LMB","bRightMouseDown":false},"runId":"run1"}
{"sessionId":"cf25b3","id":"log_349768246866","timestamp":349768246866,"location":"AuraPlayerController.cpp:AbilityInputHeld","message":"Input held","data":{"InputTag":"InputTag.LMB","bRightMouseDown":false},"runId":"run1"}
{"sessionId":"cf25b3","id":"log_349768327647","timestamp":349768327647,"location":"AuraPlayerController.cpp:AbilityInputHeld","message":"Input held","data":{"InputTag":"InputTag.LMB","bRightMouseDown":false},"runId":"run1"}
{"sessionId":"cf25b3","id":"log_349768413761","timestamp":349768413761,"location":"AuraPlayerController.cpp:Look","message":"Look invoked","data":{"x":-0.07000,"y":0.00000,"bRightMouseDown":false,"hypothesisId":"A"},"runId":"run1"}
{"sessionId":"cf25b3","id":"log_349768417129","timestamp":349768417129,"location":"AuraPlayerController.cpp:AbilityInputHeld","message":"Input held","data":{"InputTag":"InputTag.LMB","bRightMouseDown":false},"runId":"run1"}
{"sessionId":"cf25b3","id":"log_349768420118","timestamp":349768420118,"location":"AuraPlayerController.cpp:AbilityInputHeld","message":"Input held","data":{"InputTag":"InputTag.RMB","bRightMouseDown":false},"runId":"run1"}
{"sessionId":"cf25b3","id":"log_349768495489","timestamp":349768495489,"location":"AuraPlayerController.cpp:Look","message":"Look invoked","data":{"x":-0.21000,"y":0.00000,"bRightMouseDown":true,"hypothesisId":"A"},"runId":"run1"}
{"sessionId":"cf25b3","id":"log_349768498800","timestamp":349768498800,"location":"AuraPlayerController.cpp:AbilityInputHeld","message":"Input held","data":{"InputTag":"InputTag.LMB","bRightMouseDown":true},"runId":"run1"}
{"sessionId":"cf25b3","id":"log_349768501541","timestamp":349768501541,"location":"AuraPlayerController.cpp:AbilityInputHeld","message":"Input held","data":{"InputTag":"InputTag.RMB","bRightMouseDown":true},"runId":"run1"}
{"sessionId":"cf25b3","id":"log_349768579197","timestamp":349768579197,"location":"AuraPlayerController.cpp:Look","message":"Look invoked","data":{"x":-0.28000,"y":0.00000,"bRightMouseDown":true,"hypothesisId":"A"},"runId":"run1"}
{"sessionId":"cf25b3","id":"log_349768583312","timestamp":349768583312,"location":"AuraPlayerController.cpp:AbilityInputHeld","message":"Input held","data":{"InputTag":"InputTag.LMB","bRightMouseDown":true},"runId":"run1"}
{"sessionId":"cf25b3","id":"log_349768586158","timestamp":349768586158,"location":"AuraPlayerController.cpp:AbilityInputHeld","message":"Input held","data":{"InputTag":"InputTag.RMB","bRightMouseDown":true},"runId":"run1"}
{"sessionId":"cf25b3","id":"log_349768662495","timestamp":349768662495,"location":"AuraPlayerController.cpp:Look","message":"Look invoked","data":{"x":-0.49000,"y":0.00000,"bRightMouseDown":true,"hypothesisId":"A"},"runId":"run1"}
{"sessionId":"cf25b3","id":"log_349768666589","timestamp":349768666589,"location":"AuraPlayerController.cpp:AbilityInputHeld","message":"Input held","data":{"InputTag":"InputTag.LMB","bRightMouseDown":true},"runId":"run1"}
{"sessionId":"cf25b3","id":"log_349768669062","timestamp":349768669062,"location":"AuraPlayerController.cpp:AbilityInputHeld","message":"Input held","data":{"InputTag":"InputTag.RMB","bRightMouseDown":true},"runId":"run1"}
{"sessionId":"cf25b3","id":"log_349768745731","timestamp":349768745731,"location":"AuraPlayerController.cpp:Look","message":"Look invoked","data":{"x":-0.63000,"y":0.00000,"bRightMouseDown":true,"hypothesisId":"A"},"runId":"run1"}
{"sessionId":"cf25b3","id":"log_349768749329","timestamp":349768749329,"location":"AuraPlayerController.cpp:AbilityInputHeld","message":"Input held","data":{"InputTag":"InputTag.LMB","bRightMouseDown":true},"runId":"run1"}
{"sessionId":"cf25b3","id":"log_349768751964","timestamp":349768751964,"location":"AuraPlayerController.cpp:AbilityInputHeld","message":"Input held","data":{"InputTag":"InputTag.RMB","bRightMouseDown":true},"runId":"run1"}
{"sessionId":"cf25b3","id":"log_349768829033","timestamp":349768829033,"location":"AuraPlayerController.cpp:Look","message":"Look invoked","data":{"x":-0.35000,"y":0.00000,"bRightMouseDown":true,"hypothesisId":"A"},"runId":"run1"}
{"sessionId":"cf25b3","id":"log_349768832330","timestamp":349768832330,"location":"AuraPlayerController.cpp:AbilityInputHeld","message":"Input held","data":{"InputTag":"InputTag.LMB","bRightMouseDown":true},"runId":"run1"}
{"sessionId":"cf25b3","id":"log_349768835099","timestamp":349768835099,"location":"AuraPlayerController.cpp:AbilityInputHeld","message":"Input held","data":{"InputTag":"InputTag.RMB","bRightMouseDown":true},"runId":"run1"}
{"sessionId":"cf25b3","id":"log_349768912920","timestamp":349768912920,"location":"AuraPlayerController.cpp:Look","message":"Look invoked","data":{"x":-0.77000,"y":0.00000,"bRightMouseDown":true,"hypothesisId":"A"},"runId":"run1"}
{"sessionId":"cf25b3","id":"log_349768916278","timestamp":349768916278,"location":"AuraPlayerController.cpp:AbilityInputHeld","message":"Input held","data":{"InputTag":"InputTag.LMB","bRightMouseDown":true},"runId":"run1"}
{"sessionId":"cf25b3","id":"log_349768919480","timestamp":349768919480,"location":"AuraPlayerController.cpp:AbilityInputHeld","message":"Input held","data":{"InputTag":"InputTag.RMB","bRightMouseDown":true},"runId":"run1"}
{"sessionId":"cf25b3","id":"log_349768996446","timestamp":349768996446,"location":"AuraPlayerController.cpp:Look","message":"Look invoked","data":{"x":-0.98000,"y":0.00000,"bRightMouseDown":true,"hypothesisId":"A"},"runId":"run1"}
{"sessionId":"cf25b3","id":"log_349769000036","timestamp":349769000036,"location":"AuraPlayerController.cpp:AbilityInputHeld","message":"Input held","data":{"InputTag":"InputTag.LMB","bRightMouseDown":true},"runId":"run1"}
{"sessionId":"cf25b3","id":"log_349769002716","timestamp":349769002716,"location":"AuraPlayerController.cpp:AbilityInputHeld","message":"Input held","data":{"InputTag":"InputTag.RMB","bRightMouseDown":true},"runId":"run1"}
{"sessionId":"cf25b3","id":"log_349769079072","timestamp":349769079072,"location":"AuraPlayerController.cpp:Look","message":"Look invoked","data":{"x":-0.63000,"y":0.00000,"bRightMouseDown":true,"hypothesisId":"A"},"runId":"run1"}
{"sessionId":"cf25b3","id":"log_349769082694","timestamp":349769082694,"location":"AuraPlayerController.cpp:AbilityInputHeld","message":"Input held","data":{"InputTag":"InputTag.LMB","bRightMouseDown":true},"runId":"run1"}
{"sessionId":"cf25b3","id":"log_349769085590","timestamp":349769085590,"location":"AuraPlayerController.cpp:AbilityInputHeld","message":"Input held","data":{"InputTag":"InputTag.RMB","bRightMouseDown":true},"runId":"run1"}
{"sessionId":"cf25b3","id":"log_349769162539","timestamp":349769162539,"location":"AuraPlayerController.cpp:Look","message":"Look invoked","data":{"x":-0.77000,"y":0.00000,"bRightMouseDown":true,"hypothesisId":"A"},"runId":"run1"}
{"sessionId":"cf25b3","id":"log_349769166481","timestamp":349769166481,"location":"AuraPlayerController.cpp:AbilityInputHeld","message":"Input held","data":{"InputTag":"InputTag.LMB","bRightMouseDown":true},"runId":"run1"}
{"sessionId":"cf25b3","id":"log_349769169673","timestamp":349769169673,"location":"AuraPlayerController.cpp:AbilityInputHeld","message":"Input held","data":{"InputTag":"InputTag.RMB","bRightMouseDown":true},"runId":"run1"}
{"sessionId":"cf25b3","id":"log_349769246153","timestamp":349769246153,"location":"AuraPlayerController.cpp:Look","message":"Look invoked","data":{"x":-0.98000,"y":0.00000,"bRightMouseDown":true,"hypothesisId":"A"},"runId":"run1"}
{"sessionId":"cf25b3","id":"log_349769249453","timestamp":349769249453,"location":"AuraPlayerController.cpp:AbilityInputHeld","message":"Input held","data":{"InputTag":"InputTag.LMB","bRightMouseDown":true},"runId":"run1"}
{"sessionId":"cf25b3","id":"log_349769252293","timestamp":349769252293,"location":"AuraPlayerController.cpp:AbilityInputHeld","message":"Input held","data":{"InputTag":"InputTag.RMB","bRightMouseDown":true},"runId":"run1"}
{"sessionId":"cf25b3","id":"log_349769331640","timestamp":349769331640,"location":"AuraPlayerController.cpp:Look","message":"Look invoked","data":{"x":-0.49000,"y":0.00000,"bRightMouseDown":true,"hypothesisId":"A"},"runId":"run1"}
{"sessionId":"cf25b3","id":"log_349769335258","timestamp":349769335258,"location":"AuraPlayerController.cpp:AbilityInputHeld","message":"Input held","data":{"InputTag":"InputTag.LMB","bRightMouseDown":true},"runId":"run1"}
{"sessionId":"cf25b3","id":"log_349769338359","timestamp":349769338359,"location":"AuraPlayerController.cpp:AbilityInputHeld","message":"Input held","data":{"InputTag":"InputTag.RMB","bRightMouseDown":true},"runId":"run1"}
{"sessionId":"cf25b3","id":"log_349769412523","timestamp":349769412523,"location":"AuraPlayerController.cpp:Look","message":"Look invoked","data":{"x":-0.42000,"y":0.00000,"bRightMouseDown":true,"hypothesisId":"A"},"runId":"run1"}
{"sessionId":"cf25b3","id":"log_349769415731","timestamp":349769415731,"location":"AuraPlayerController.cpp:AbilityInputHeld","message":"Input held","data":{"InputTag":"InputTag.LMB","bRightMouseDown":true},"runId":"run1"}
{"sessionId":"cf25b3","id":"log_349769418359","timestamp":349769418359,"location":"AuraPlayerController.cpp:AbilityInputHeld","message":"Input held","data":{"InputTag":"InputTag.RMB","bRightMouseDown":true},"runId":"run1"}
{"sessionId":"cf25b3","id":"log_349769496400","timestamp":349769496400,"location":"AuraPlayerController.cpp:Look","message":"Look invoked","data":{"x":-0.56000,"y":0.00000,"bRightMouseDown":true,"hypothesisId":"A"},"runId":"run1"}
{"sessionId":"cf25b3","id":"log_349769500181","timestamp":349769500181,"location":"AuraPlayerController.cpp:AbilityInputHeld","message":"Input held","data":{"InputTag":"InputTag.LMB","bRightMouseDown":true},"runId":"run1"}
{"sessionId":"cf25b3","id":"log_349769503011","timestamp":349769503011,"location":"AuraPlayerController.cpp:AbilityInputHeld","message":"Input held","data":{"InputTag":"InputTag.RMB","bRightMouseDown":true},"runId":"run1"}
{"sessionId":"cf25b3","id":"log_349769580215","timestamp":349769580215,"location":"AuraPlayerController.cpp:Look","message":"Look invoked","data":{"x":-0.21000,"y":0.00000,"bRightMouseDown":true,"hypothesisId":"A"},"runId":"run1"}
{"sessionId":"cf25b3","id":"log_349769583833","timestamp":349769583833,"location":"AuraPlayerController.cpp:AbilityInputHeld","message":"Input held","data":{"InputTag":"InputTag.LMB","bRightMouseDown":true},"runId":"run1"}
{"sessionId":"cf25b3","id":"log_349769586576","timestamp":349769586576,"location":"AuraPlayerController.cpp:AbilityInputHeld","message":"Input held","data":{"InputTag":"InputTag.RMB","bRightMouseDown":true},"runId":"run1"}
{"sessionId":"cf25b3","id":"log_349769663066","timestamp":349769663066,"location":"AuraPlayerController.cpp:Look","message":"Look invoked","data":{"x":-0.14000,"y":0.00000,"bRightMouseDown":true,"hypothesisId":"A"},"runId":"run1"}
{"sessionId":"cf25b3","id":"log_349769666774","timestamp":349769666774,"location":"AuraPlayerController.cpp:AbilityInputHeld","message":"Input held","data":{"InputTag":"InputTag.LMB","bRightMouseDown":true},"runId":"run1"}
{"sessionId":"cf25b3","id":"log_349769669269","timestamp":349769669269,"location":"AuraPlayerController.cpp:AbilityInputHeld","message":"Input held","data":{"InputTag":"InputTag.RMB","bRightMouseDown":true},"runId":"run1"}
{"sessionId":"cf25b3","id":"log_349769745533","timestamp":349769745533,"location":"AuraPlayerController.cpp:Look","message":"Look invoked","data":{"x":-0.07000,"y":0.00000,"bRightMouseDown":true,"hypothesisId":"A"},"runId":"run1"}
{"sessionId":"cf25b3","id":"log_349769750143","timestamp":349769750143,"location":"AuraPlayerController.cpp:AbilityInputHeld","message":"Input held","data":{"InputTag":"InputTag.LMB","bRightMouseDown":true},"runId":"run1"}
{"sessionId":"cf25b3","id":"log_349769752849","timestamp":349769752849,"location":"AuraPlayerController.cpp:AbilityInputHeld","message":"Input held","data":{"InputTag":"InputTag.RMB","bRightMouseDown":true},"runId":"run1"}
{"sessionId":"cf25b3","id":"log_349769827895","timestamp":349769827895,"location":"AuraPlayerController.cpp:AbilityInputHeld","message":"Input held","data":{"InputTag":"InputTag.LMB","bRightMouseDown":true},"runId":"run1"}
{"sessionId":"cf25b3","id":"log_349769831582","timestamp":349769831582,"location":"AuraPlayerController.cpp:AbilityInputReleased","message":"Input released","data":{"InputTag":"InputTag.RMB","bRightMouseDown":true},"runId":"run1"}
{"sessionId":"cf25b3","id":"log_349769912137","timestamp":349769912137,"location":"AuraPlayerController.cpp:AbilityInputHeld","message":"Input held","data":{"InputTag":"InputTag.LMB","bRightMouseDown":false},"runId":"run1"}
{"sessionId":"cf25b3","id":"log_349769994650","timestamp":349769994650,"location":"AuraPlayerController.cpp:AbilityInputHeld","message":"Input held","data":{"InputTag":"InputTag.LMB","bRightMouseDown":false},"runId":"run1"}
{"sessionId":"cf25b3","id":"log_349770077794","timestamp":349770077794,"location":"AuraPlayerController.cpp:AbilityInputHeld","message":"Input held","data":{"InputTag":"InputTag.LMB","bRightMouseDown":false},"runId":"run1"}
{"sessionId":"cf25b3","id":"log_349770161028","timestamp":349770161028,"location":"AuraPlayerController.cpp:AbilityInputHeld","message":"Input held","data":{"InputTag":"InputTag.LMB","bRightMouseDown":false},"runId":"run1"}
{"sessionId":"cf25b3","id":"log_349770245722","timestamp":349770245722,"location":"AuraPlayerController.cpp:Look","message":"Look invoked","data":{"x":0.07000,"y":0.00000,"bRightMouseDown":false,"hypothesisId":"A"},"runId":"run1"}
{"sessionId":"cf25b3","id":"log_349770249296","timestamp":349770249296,"location":"AuraPlayerController.cpp:AbilityInputHeld","message":"Input held","data":{"InputTag":"InputTag.LMB","bRightMouseDown":false},"runId":"run1"}
{"sessionId":"cf25b3","id":"log_349770251528","timestamp":349770251528,"location":"AuraPlayerController.cpp:AbilityInputHeld","message":"Input held","data":{"InputTag":"InputTag.RMB","bRightMouseDown":false},"runId":"run1"}
{"sessionId":"cf25b3","id":"log_349770328824","timestamp":349770328824,"location":"AuraPlayerController.cpp:Look","message":"Look invoked","data":{"x":0.14000,"y":0.00000,"bRightMouseDown":true,"hypothesisId":"A"},"runId":"run1"}
{"sessionId":"cf25b3","id":"log_349770332163","timestamp":349770332163,"location":"AuraPlayerController.cpp:AbilityInputHeld","message":"Input held","data":{"InputTag":"InputTag.LMB","bRightMouseDown":true},"runId":"run1"}
{"sessionId":"cf25b3","id":"log_349770334909","timestamp":349770334909,"location":"AuraPlayerController.cpp:AbilityInputHeld","message":"Input held","data":{"InputTag":"InputTag.RMB","bRightMouseDown":true},"runId":"run1"}
{"sessionId":"cf25b3","id":"log_349770413568","timestamp":349770413568,"location":"AuraPlayerController.cpp:Look","message":"Look invoked","data":{"x":0.28000,"y":0.00000,"bRightMouseDown":true,"hypothesisId":"A"},"runId":"run1"}
{"sessionId":"cf25b3","id":"log_349770417149","timestamp":349770417149,"location":"AuraPlayerController.cpp:AbilityInputHeld","message":"Input held","data":{"InputTag":"InputTag.LMB","bRightMouseDown":true},"runId":"run1"}
{"sessionId":"cf25b3","id":"log_349770419838","timestamp":349770419838,"location":"AuraPlayerController.cpp:AbilityInputHeld","message":"Input held","data":{"InputTag":"InputTag.RMB","bRightMouseDown":true},"runId":"run1"}
{"sessionId":"cf25b3","id":"log_349770495929","timestamp":349770495929,"location":"AuraPlayerController.cpp:Look","message":"Look invoked","data":{"x":0.49000,"y":0.00000,"bRightMouseDown":true,"hypothesisId":"A"},"runId":"run1"}
{"sessionId":"cf25b3","id":"log_349770499170","timestamp":349770499170,"location":"AuraPlayerController.cpp:AbilityInputHeld","message":"Input held","data":{"InputTag":"InputTag.LMB","bRightMouseDown":true},"runId":"run1"}
{"sessionId":"cf25b3","id":"log_349770502466","timestamp":349770502466,"location":"AuraPlayerController.cpp:AbilityInputHeld","message":"Input held","data":{"InputTag":"InputTag.RMB","bRightMouseDown":true},"runId":"run1"}
{"sessionId":"cf25b3","id":"log_349770579214","timestamp":349770579214,"location":"AuraPlayerController.cpp:Look","message":"Look invoked","data":{"x":0.42000,"y":0.00000,"bRightMouseDown":true,"hypothesisId":"A"},"runId":"run1"}
{"sessionId":"cf25b3","id":"log_349770583000","timestamp":349770583000,"location":"AuraPlayerController.cpp:AbilityInputHeld","message":"Input held","data":{"InputTag":"InputTag.LMB","bRightMouseDown":true},"runId":"run1"}
{"sessionId":"cf25b3","id":"log_349770585706","timestamp":349770585706,"location":"AuraPlayerController.cpp:AbilityInputHeld","message":"Input held","data":{"InputTag":"InputTag.RMB","bRightMouseDown":true},"runId":"run1"}
{"sessionId":"cf25b3","id":"log_349770662617","timestamp":349770662617,"location":"AuraPlayerController.cpp:Look","message":"Look invoked","data":{"x":0.42000,"y":0.00000,"bRightMouseDown":true,"hypothesisId":"A"},"runId":"run1"}
{"sessionId":"cf25b3","id":"log_349770666146","timestamp":349770666146,"location":"AuraPlayerController.cpp:AbilityInputHeld","message":"Input held","data":{"InputTag":"InputTag.LMB","bRightMouseDown":true},"runId":"run1"}
{"sessionId":"cf25b3","id":"log_349770669764","timestamp":349770669764,"location":"AuraPlayerController.cpp:AbilityInputHeld","message":"Input held","data":{"InputTag":"InputTag.RMB","bRightMouseDown":true},"runId":"run1"}
{"sessionId":"cf25b3","id":"log_349770746951","timestamp":349770746951,"location":"AuraPlayerController.cpp:Look","message":"Look invoked","data":{"x":0.84000,"y":0.00000,"bRightMouseDown":true,"hypothesisId":"A"},"runId":"run1"}
{"sessionId":"cf25b3","id":"log_349770750528","timestamp":349770750528,"location":"AuraPlayerController.cpp:AbilityInputHeld","message":"Input held","data":{"InputTag":"InputTag.LMB","bRightMouseDown":true},"runId":"run1"}
{"sessionId":"cf25b3","id":"log_349770753523","timestamp":349770753523,"location":"AuraPlayerController.cpp:AbilityInputHeld","message":"Input held","data":{"InputTag":"InputTag.RMB","bRightMouseDown":true},"runId":"run1"}
{"sessionId":"cf25b3","id":"log_349770829009","timestamp":349770829009,"location":"AuraPlayerController.cpp:Look","message":"Look invoked","data":{"x":0.42000,"y":0.00000,"bRightMouseDown":true,"hypothesisId":"A"},"runId":"run1"}
{"sessionId":"cf25b3","id":"log_349770833454","timestamp":349770833454,"location":"AuraPlayerController.cpp:AbilityInputHeld","message":"Input held","data":{"InputTag":"InputTag.LMB","bRightMouseDown":true},"runId":"run1"}
{"sessionId":"cf25b3","id":"log_349770836103","timestamp":349770836103,"location":"AuraPlayerController.cpp:AbilityInputHeld","message":"Input held","data":{"InputTag":"InputTag.RMB","bRightMouseDown":true},"runId":"run1"}
{"sessionId":"cf25b3","id":"log_349770912747","timestamp":349770912747,"location":"AuraPlayerController.cpp:Look","message":"Look invoked","data":{"x":0.63000,"y":0.00000,"bRightMouseDown":true,"hypothesisId":"A"},"runId":"run1"}
{"sessionId":"cf25b3","id":"log_349770915984","timestamp":349770915984,"location":"AuraPlayerController.cpp:AbilityInputHeld","message":"Input held","data":{"InputTag":"InputTag.LMB","bRightMouseDown":true},"runId":"run1"}
{"sessionId":"cf25b3","id":"log_349770919095","timestamp":349770919095,"location":"AuraPlayerController.cpp:AbilityInputHeld","message":"Input held","data":{"InputTag":"InputTag.RMB","bRightMouseDown":true},"runId":"run1"}
{"sessionId":"cf25b3","id":"log_349770996063","timestamp":349770996063,"location":"AuraPlayerController.cpp:Look","message":"Look invoked","data":{"x":0.91000,"y":0.00000,"bRightMouseDown":true,"hypothesisId":"A"},"runId":"run1"}
{"sessionId":"cf25b3","id":"log_349770999498","timestamp":349770999498,"location":"AuraPlayerController.cpp:AbilityInputHeld","message":"Input held","data":{"InputTag":"InputTag.LMB","bRightMouseDown":true},"runId":"run1"}
{"sessionId":"cf25b3","id":"log_349771002645","timestamp":349771002645,"location":"AuraPlayerController.cpp:AbilityInputHeld","message":"Input held","data":{"InputTag":"InputTag.RMB","bRightMouseDown":true},"runId":"run1"}
{"sessionId":"cf25b3","id":"log_349771079863","timestamp":349771079863,"location":"AuraPlayerController.cpp:Look","message":"Look invoked","data":{"x":0.63000,"y":0.00000,"bRightMouseDown":true,"hypothesisId":"A"},"runId":"run1"}
{"sessionId":"cf25b3","id":"log_349771083689","timestamp":349771083689,"location":"AuraPlayerController.cpp:AbilityInputHeld","message":"Input held","data":{"InputTag":"InputTag.LMB","bRightMouseDown":true},"runId":"run1"}
{"sessionId":"cf25b3","id":"log_349771086842","timestamp":349771086842,"location":"AuraPlayerController.cpp:AbilityInputHeld","message":"Input held","data":{"InputTag":"InputTag.RMB","bRightMouseDown":true},"runId":"run1"}
{"sessionId":"cf25b3","id":"log_349771166918","timestamp":349771166918,"location":"AuraPlayerController.cpp:Look","message":"Look invoked","data":{"x":0.63000,"y":0.00000,"bRightMouseDown":true,"hypothesisId":"A"},"runId":"run1"}
{"sessionId":"cf25b3","id":"log_349771171345","timestamp":349771171345,"location":"AuraPlayerController.cpp:AbilityInputReleased","message":"Input released","data":{"InputTag":"InputTag.LMB","bRightMouseDown":true},"runId":"run1"}
{"sessionId":"cf25b3","id":"log_349771174150","timestamp":349771174150,"location":"AuraPlayerController.cpp:AbilityInputHeld","message":"Input held","data":{"InputTag":"InputTag.RMB","bRightMouseDown":true},"runId":"run1"}
{"sessionId":"cf25b3","id":"log_349771247675","timestamp":349771247675,"location":"AuraPlayerController.cpp:AbilityInputReleased","message":"Input released","data":{"InputTag":"InputTag.RMB","bRightMouseDown":true},"runId":"run1"}
{"sessionId":"cf25b3","id":"log_349775243413","timestamp":349775243413,"location":"AuraPlayerController.cpp:Look","message":"Look invoked","data":{"x":-0.07000,"y":0.00000,"bRightMouseDown":false,"hypothesisId":"A"},"runId":"run1"}
{"sessionId":"cf25b3","id":"log_349775248477","timestamp":349775248477,"location":"AuraPlayerController.cpp:AbilityInputHeld","message":"Input held","data":{"InputTag":"InputTag.LMB","bRightMouseDown":false},"runId":"run1"}
{"sessionId":"cf25b3","id":"log_349775253254","timestamp":349775253254,"location":"AuraPlayerController.cpp:AbilityInputHeld","message":"Input held","data":{"InputTag":"InputTag.RMB","bRightMouseDown":false},"runId":"run1"}
{"sessionId":"cf25b3","id":"log_349775321394","timestamp":349775321394,"location":"AuraPlayerController.cpp:Look","message":"Look invoked","data":{"x":-0.14000,"y":0.00000,"bRightMouseDown":true,"hypothesisId":"A"},"runId":"run1"}
{"sessionId":"cf25b3","id":"log_349775325197","timestamp":349775325197,"location":"AuraPlayerController.cpp:AbilityInputHeld","message":"Input held","data":{"InputTag":"InputTag.LMB","bRightMouseDown":true},"runId":"run1"}
{"sessionId":"cf25b3","id":"log_349775329456","timestamp":349775329456,"location":"AuraPlayerController.cpp:AbilityInputHeld","message":"Input held","data":{"InputTag":"InputTag.RMB","bRightMouseDown":true},"runId":"run1"}
{"sessionId":"cf25b3","id":"log_349775404728","timestamp":349775404728,"location":"AuraPlayerController.cpp:Look","message":"Look invoked","data":{"x":-0.21000,"y":0.00000,"bRightMouseDown":true,"hypothesisId":"A"},"runId":"run1"}
{"sessionId":"cf25b3","id":"log_349775408480","timestamp":349775408480,"location":"AuraPlayerController.cpp:AbilityInputHeld","message":"Input held","data":{"InputTag":"InputTag.LMB","bRightMouseDown":true},"runId":"run1"}
{"sessionId":"cf25b3","id":"log_349775411009","timestamp":349775411009,"location":"AuraPlayerController.cpp:AbilityInputHeld","message":"Input held","data":{"InputTag":"InputTag.RMB","bRightMouseDown":true},"runId":"run1"}
{"sessionId":"cf25b3","id":"log_349775488664","timestamp":349775488664,"location":"AuraPlayerController.cpp:Look","message":"Look invoked","data":{"x":-0.28000,"y":0.00000,"bRightMouseDown":true,"hypothesisId":"A"},"runId":"run1"}
{"sessionId":"cf25b3","id":"log_349775492151","timestamp":349775492151,"location":"AuraPlayerController.cpp:AbilityInputHeld","message":"Input held","data":{"InputTag":"InputTag.LMB","bRightMouseDown":true},"runId":"run1"}
{"sessionId":"cf25b3","id":"log_349775495763","timestamp":349775495763,"location":"AuraPlayerController.cpp:AbilityInputHeld","message":"Input held","data":{"InputTag":"InputTag.RMB","bRightMouseDown":true},"runId":"run1"}
{"sessionId":"cf25b3","id":"log_349775571661","timestamp":349775571661,"location":"AuraPlayerController.cpp:Look","message":"Look invoked","data":{"x":-0.63000,"y":0.00000,"bRightMouseDown":true,"hypothesisId":"A"},"runId":"run1"}
{"sessionId":"cf25b3","id":"log_349775576082","timestamp":349775576082,"location":"AuraPlayerController.cpp:AbilityInputHeld","message":"Input held","data":{"InputTag":"InputTag.LMB","bRightMouseDown":true},"runId":"run1"}
{"sessionId":"cf25b3","id":"log_349775579230","timestamp":349775579230,"location":"AuraPlayerController.cpp:AbilityInputHeld","message":"Input held","data":{"InputTag":"InputTag.RMB","bRightMouseDown":true},"runId":"run1"}
{"sessionId":"cf25b3","id":"log_349775654767","timestamp":349775654767,"location":"AuraPlayerController.cpp:Look","message":"Look invoked","data":{"x":-0.63000,"y":0.00000,"bRightMouseDown":true,"hypothesisId":"A"},"runId":"run1"}
{"sessionId":"cf25b3","id":"log_349775658226","timestamp":349775658226,"location":"AuraPlayerController.cpp:AbilityInputHeld","message":"Input held","data":{"InputTag":"InputTag.LMB","bRightMouseDown":true},"runId":"run1"}
{"sessionId":"cf25b3","id":"log_349775661202","timestamp":349775661202,"location":"AuraPlayerController.cpp:AbilityInputHeld","message":"Input held","data":{"InputTag":"InputTag.RMB","bRightMouseDown":true},"runId":"run1"}
{"sessionId":"cf25b3","id":"log_349775738668","timestamp":349775738668,"location":"AuraPlayerController.cpp:Look","message":"Look invoked","data":{"x":-0.63000,"y":0.00000,"bRightMouseDown":true,"hypothesisId":"A"},"runId":"run1"}
{"sessionId":"cf25b3","id":"log_349775742028","timestamp":349775742028,"location":"AuraPlayerController.cpp:AbilityInputHeld","message":"Input held","data":{"InputTag":"InputTag.LMB","bRightMouseDown":true},"runId":"run1"}
{"sessionId":"cf25b3","id":"log_349775744922","timestamp":349775744922,"location":"AuraPlayerController.cpp:AbilityInputHeld","message":"Input held","data":{"InputTag":"InputTag.RMB","bRightMouseDown":true},"runId":"run1"}
{"sessionId":"cf25b3","id":"log_349775821202","timestamp":349775821202,"location":"AuraPlayerController.cpp:Look","message":"Look invoked","data":{"x":-1.12000,"y":0.00000,"bRightMouseDown":true,"hypothesisId":"A"},"runId":"run1"}
{"sessionId":"cf25b3","id":"log_349775825087","timestamp":349775825087,"location":"AuraPlayerController.cpp:AbilityInputHeld","message":"Input held","data":{"InputTag":"InputTag.LMB","bRightMouseDown":true},"runId":"run1"}
{"sessionId":"cf25b3","id":"log_349775827382","timestamp":349775827382,"location":"AuraPlayerController.cpp:AbilityInputHeld","message":"Input held","data":{"InputTag":"InputTag.RMB","bRightMouseDown":true},"runId":"run1"}
{"sessionId":"cf25b3","id":"log_349775904920","timestamp":349775904920,"location":"AuraPlayerController.cpp:Look","message":"Look invoked","data":{"x":-0.70000,"y":0.00000,"bRightMouseDown":true,"hypothesisId":"A"},"runId":"run1"}
{"sessionId":"cf25b3","id":"log_349775908571","timestamp":349775908571,"location":"AuraPlayerController.cpp:AbilityInputHeld","message":"Input held","data":{"InputTag":"InputTag.LMB","bRightMouseDown":true},"runId":"run1"}
{"sessionId":"cf25b3","id":"log_349775911546","timestamp":349775911546,"location":"AuraPlayerController.cpp:AbilityInputHeld","message":"Input held","data":{"InputTag":"InputTag.RMB","bRightMouseDown":true},"runId":"run1"}
{"sessionId":"cf25b3","id":"log_349775987900","timestamp":349775987900,"location":"AuraPlayerController.cpp:Look","message":"Look invoked","data":{"x":-0.56000,"y":0.00000,"bRightMouseDown":true,"hypothesisId":"A"},"runId":"run1"}
{"sessionId":"cf25b3","id":"log_349775991597","timestamp":349775991597,"location":"AuraPlayerController.cpp:AbilityInputHeld","message":"Input held","data":{"InputTag":"InputTag.LMB","bRightMouseDown":true},"runId":"run1"}
{"sessionId":"cf25b3","id":"log_349775994261","timestamp":349775994261,"location":"AuraPlayerController.cpp:AbilityInputHeld","message":"Input held","data":{"InputTag":"InputTag.RMB","bRightMouseDown":true},"runId":"run1"}
{"sessionId":"cf25b3","id":"log_349776071148","timestamp":349776071148,"location":"AuraPlayerController.cpp:Look","message":"Look invoked","data":{"x":-1.26000,"y":0.00000,"bRightMouseDown":true,"hypothesisId":"A"},"runId":"run1"}
{"sessionId":"cf25b3","id":"log_349776074721","timestamp":349776074721,"location":"AuraPlayerController.cpp:AbilityInputHeld","message":"Input held","data":{"InputTag":"InputTag.LMB","bRightMouseDown":true},"runId":"run1"}
{"sessionId":"cf25b3","id":"log_349776077710","timestamp":349776077710,"location":"AuraPlayerController.cpp:AbilityInputHeld","message":"Input held","data":{"InputTag":"InputTag.RMB","bRightMouseDown":true},"runId":"run1"}
{"sessionId":"cf25b3","id":"log_349776154491","timestamp":349776154491,"location":"AuraPlayerController.cpp:Look","message":"Look invoked","data":{"x":-0.56000,"y":0.00000,"bRightMouseDown":true,"hypothesisId":"A"},"runId":"run1"}
{"sessionId":"cf25b3","id":"log_349776158365","timestamp":349776158365,"location":"AuraPlayerController.cpp:AbilityInputHeld","message":"Input held","data":{"InputTag":"InputTag.LMB","bRightMouseDown":true},"runId":"run1"}
{"sessionId":"cf25b3","id":"log_349776160773","timestamp":349776160773,"location":"AuraPlayerController.cpp:AbilityInputHeld","message":"Input held","data":{"InputTag":"InputTag.RMB","bRightMouseDown":true},"runId":"run1"}
{"sessionId":"cf25b3","id":"log_349776238511","timestamp":349776238511,"location":"AuraPlayerController.cpp:Look","message":"Look invoked","data":{"x":-0.35000,"y":0.00000,"bRightMouseDown":true,"hypothesisId":"A"},"runId":"run1"}
{"sessionId":"cf25b3","id":"log_349776242221","timestamp":349776242221,"location":"AuraPlayerController.cpp:AbilityInputHeld","message":"Input held","data":{"InputTag":"InputTag.LMB","bRightMouseDown":true},"runId":"run1"}
{"sessionId":"cf25b3","id":"log_349776244814","timestamp":349776244814,"location":"AuraPlayerController.cpp:AbilityInputHeld","message":"Input held","data":{"InputTag":"InputTag.RMB","bRightMouseDown":true},"runId":"run1"}
{"sessionId":"cf25b3","id":"log_349776323028","timestamp":349776323028,"location":"AuraPlayerController.cpp:Look","message":"Look invoked","data":{"x":-0.56000,"y":0.00000,"bRightMouseDown":true,"hypothesisId":"A"},"runId":"run1"}
{"sessionId":"cf25b3","id":"log_349776326713","timestamp":349776326713,"location":"AuraPlayerController.cpp:AbilityInputHeld","message":"Input held","data":{"InputTag":"InputTag.LMB","bRightMouseDown":true},"runId":"run1"}
{"sessionId":"cf25b3","id":"log_349776329422","timestamp":349776329422,"location":"AuraPlayerController.cpp:AbilityInputHeld","message":"Input held","data":{"InputTag":"InputTag.RMB","bRightMouseDown":true},"runId":"run1"}
{"sessionId":"cf25b3","id":"log_349776404499","timestamp":349776404499,"location":"AuraPlayerController.cpp:Look","message":"Look invoked","data":{"x":-0.21000,"y":0.00000,"bRightMouseDown":true,"hypothesisId":"A"},"runId":"run1"}
{"sessionId":"cf25b3","id":"log_349776408845","timestamp":349776408845,"location":"AuraPlayerController.cpp:AbilityInputHeld","message":"Input held","data":{"InputTag":"InputTag.LMB","bRightMouseDown":true},"runId":"run1"}
{"sessionId":"cf25b3","id":"log_349776411773","timestamp":349776411773,"location":"AuraPlayerController.cpp:AbilityInputHeld","message":"Input held","data":{"InputTag":"InputTag.RMB","bRightMouseDown":true},"runId":"run1"}
{"sessionId":"cf25b3","id":"log_349776490415","timestamp":349776490415,"location":"AuraPlayerController.cpp:Look","message":"Look invoked","data":{"x":-0.14000,"y":0.00000,"bRightMouseDown":true,"hypothesisId":"A"},"runId":"run1"}
{"sessionId":"cf25b3","id":"log_349776493829","timestamp":349776493829,"location":"AuraPlayerController.cpp:AbilityInputHeld","message":"Input held","data":{"InputTag":"InputTag.LMB","bRightMouseDown":true},"runId":"run1"}
{"sessionId":"cf25b3","id":"log_349776497437","timestamp":349776497437,"location":"AuraPlayerController.cpp:AbilityInputHeld","message":"Input held","data":{"InputTag":"InputTag.RMB","bRightMouseDown":true},"runId":"run1"}
{"sessionId":"cf25b3","id":"log_349776571729","timestamp":349776571729,"location":"AuraPlayerController.cpp:Look","message":"Look invoked","data":{"x":-0.14000,"y":0.00000,"bRightMouseDown":true,"hypothesisId":"A"},"runId":"run1"}
{"sessionId":"cf25b3","id":"log_349776575019","timestamp":349776575019,"location":"AuraPlayerController.cpp:AbilityInputHeld","message":"Input held","data":{"InputTag":"InputTag.LMB","bRightMouseDown":true},"runId":"run1"}
{"sessionId":"cf25b3","id":"log_349776577586","timestamp":349776577586,"location":"AuraPlayerController.cpp:AbilityInputHeld","message":"Input held","data":{"InputTag":"InputTag.RMB","bRightMouseDown":true},"runId":"run1"}
{"sessionId":"cf25b3","id":"log_349776654006","timestamp":349776654006,"location":"AuraPlayerController.cpp:AbilityInputHeld","message":"Input held","data":{"InputTag":"InputTag.LMB","bRightMouseDown":true},"runId":"run1"}
{"sessionId":"cf25b3","id":"log_349776657714","timestamp":349776657714,"location":"AuraPlayerController.cpp:AbilityInputReleased","message":"Input released","data":{"InputTag":"InputTag.RMB","bRightMouseDown":true},"runId":"run1"}
{"sessionId":"cf25b3","id":"log_349776736399","timestamp":349776736399,"location":"AuraPlayerController.cpp:AbilityInputHeld","message":"Input held","data":{"InputTag":"InputTag.LMB","bRightMouseDown":false},"runId":"run1"}
{"sessionId":"cf25b3","id":"log_349776819967","timestamp":349776819967,"location":"AuraPlayerController.cpp:AbilityInputHeld","message":"Input held","data":{"InputTag":"InputTag.LMB","bRightMouseDown":false},"runId":"run1"}
{"sessionId":"cf25b3","id":"log_349776902889","timestamp":349776902889,"location":"AuraPlayerController.cpp:AbilityInputHeld","message":"Input held","data":{"InputTag":"InputTag.LMB","bRightMouseDown":false},"runId":"run1"}
{"sessionId":"cf25b3","id":"log_349776986314","timestamp":349776986314,"location":"AuraPlayerController.cpp:AbilityInputHeld","message":"Input held","data":{"InputTag":"InputTag.LMB","bRightMouseDown":false},"runId":"run1"}
{"sessionId":"cf25b3","id":"log_349777069839","timestamp":349777069839,"location":"AuraPlayerController.cpp:AbilityInputHeld","message":"Input held","data":{"InputTag":"InputTag.LMB","bRightMouseDown":false},"runId":"run1"}
{"sessionId":"cf25b3","id":"log_349777153266","timestamp":349777153266,"location":"AuraPlayerController.cpp:AbilityInputHeld","message":"Input held","data":{"InputTag":"InputTag.LMB","bRightMouseDown":false},"runId":"run1"}
{"sessionId":"cf25b3","id":"log_349777236670","timestamp":349777236670,"location":"AuraPlayerController.cpp:AbilityInputHeld","message":"Input held","data":{"InputTag":"InputTag.LMB","bRightMouseDown":false},"runId":"run1"}
{"sessionId":"cf25b3","id":"log_349777319682","timestamp":349777319682,"location":"AuraPlayerController.cpp:AbilityInputHeld","message":"Input held","data":{"InputTag":"InputTag.LMB","bRightMouseDown":false},"runId":"run1"}
{"sessionId":"cf25b3","id":"log_349777402996","timestamp":349777402996,"location":"AuraPlayerController.cpp:AbilityInputHeld","message":"Input held","data":{"InputTag":"InputTag.LMB","bRightMouseDown":false},"runId":"run1"}
{"sessionId":"cf25b3","id":"log_349777486458","timestamp":349777486458,"location":"AuraPlayerController.cpp:AbilityInputHeld","message":"Input held","data":{"InputTag":"InputTag.LMB","bRightMouseDown":false},"runId":"run1"}
{"sessionId":"cf25b3","id":"log_349777569687","timestamp":349777569687,"location":"AuraPlayerController.cpp:AbilityInputHeld","message":"Input held","data":{"InputTag":"InputTag.LMB","bRightMouseDown":false},"runId":"run1"}
{"sessionId":"cf25b3","id":"log_349777654523","timestamp":349777654523,"location":"AuraPlayerController.cpp:Look","message":"Look invoked","data":{"x":0.07000,"y":0.00000,"bRightMouseDown":false,"hypothesisId":"A"},"runId":"run1"}
{"sessionId":"cf25b3","id":"log_349777658759","timestamp":349777658759,"location":"AuraPlayerController.cpp:AbilityInputHeld","message":"Input held","data":{"InputTag":"InputTag.LMB","bRightMouseDown":false},"runId":"run1"}
{"sessionId":"cf25b3","id":"log_349777661425","timestamp":349777661425,"location":"AuraPlayerController.cpp:AbilityInputHeld","message":"Input held","data":{"InputTag":"InputTag.RMB","bRightMouseDown":false},"runId":"run1"}
{"sessionId":"cf25b3","id":"log_349777741870","timestamp":349777741870,"location":"AuraPlayerController.cpp:Look","message":"Look invoked","data":{"x":0.21000,"y":0.00000,"bRightMouseDown":true,"hypothesisId":"A"},"runId":"run1"}
{"sessionId":"cf25b3","id":"log_349777744883","timestamp":349777744883,"location":"AuraPlayerController.cpp:AbilityInputHeld","message":"Input held","data":{"InputTag":"InputTag.LMB","bRightMouseDown":true},"runId":"run1"}
{"sessionId":"cf25b3","id":"log_349777747331","timestamp":349777747331,"location":"AuraPlayerController.cpp:AbilityInputHeld","message":"Input held","data":{"InputTag":"InputTag.RMB","bRightMouseDown":true},"runId":"run1"}
{"sessionId":"cf25b3","id":"log_349777821834","timestamp":349777821834,"location":"AuraPlayerController.cpp:Look","message":"Look invoked","data":{"x":0.42000,"y":0.00000,"bRightMouseDown":true,"hypothesisId":"A"},"runId":"run1"}
{"sessionId":"cf25b3","id":"log_349777825108","timestamp":349777825108,"location":"AuraPlayerController.cpp:AbilityInputHeld","message":"Input held","data":{"InputTag":"InputTag.LMB","bRightMouseDown":true},"runId":"run1"}
{"sessionId":"cf25b3","id":"log_349777827086","timestamp":349777827086,"location":"AuraPlayerController.cpp:AbilityInputHeld","message":"Input held","data":{"InputTag":"InputTag.RMB","bRightMouseDown":true},"runId":"run1"}
{"sessionId":"cf25b3","id":"log_349777905816","timestamp":349777905816,"location":"AuraPlayerController.cpp:Look","message":"Look invoked","data":{"x":0.28000,"y":0.00000,"bRightMouseDown":true,"hypothesisId":"A"},"runId":"run1"}
{"sessionId":"cf25b3","id":"log_349777909288","timestamp":349777909288,"location":"AuraPlayerController.cpp:AbilityInputHeld","message":"Input held","data":{"InputTag":"InputTag.LMB","bRightMouseDown":true},"runId":"run1"}
{"sessionId":"cf25b3","id":"log_349777912615","timestamp":349777912615,"location":"AuraPlayerController.cpp:AbilityInputHeld","message":"Input held","data":{"InputTag":"InputTag.RMB","bRightMouseDown":true},"runId":"run1"}
{"sessionId":"cf25b3","id":"log_349777988874","timestamp":349777988874,"location":"AuraPlayerController.cpp:Look","message":"Look invoked","data":{"x":0.28000,"y":0.00000,"bRightMouseDown":true,"hypothesisId":"A"},"runId":"run1"}
{"sessionId":"cf25b3","id":"log_349777992577","timestamp":349777992577,"location":"AuraPlayerController.cpp:AbilityInputHeld","message":"Input held","data":{"InputTag":"InputTag.LMB","bRightMouseDown":true},"runId":"run1"}
{"sessionId":"cf25b3","id":"log_349777996482","timestamp":349777996482,"location":"AuraPlayerController.cpp:AbilityInputHeld","message":"Input held","data":{"InputTag":"InputTag.RMB","bRightMouseDown":true},"runId":"run1"}
{"sessionId":"cf25b3","id":"log_349778072300","timestamp":349778072300,"location":"AuraPlayerController.cpp:Look","message":"Look invoked","data":{"x":0.91000,"y":0.00000,"bRightMouseDown":true,"hypothesisId":"A"},"runId":"run1"}
{"sessionId":"cf25b3","id":"log_349778077218","timestamp":349778077218,"location":"AuraPlayerController.cpp:AbilityInputHeld","message":"Input held","data":{"InputTag":"InputTag.LMB","bRightMouseDown":true},"runId":"run1"}
{"sessionId":"cf25b3","id":"log_349778079814","timestamp":349778079814,"location":"AuraPlayerController.cpp:AbilityInputHeld","message":"Input held","data":{"InputTag":"InputTag.RMB","bRightMouseDown":true},"runId":"run1"}
{"sessionId":"cf25b3","id":"log_349778154817","timestamp":349778154817,"location":"AuraPlayerController.cpp:Look","message":"Look invoked","data":{"x":0.49000,"y":0.00000,"bRightMouseDown":true,"hypothesisId":"A"},"runId":"run1"}
{"sessionId":"cf25b3","id":"log_349778159139","timestamp":349778159139,"location":"AuraPlayerController.cpp:AbilityInputHeld","message":"Input held","data":{"InputTag":"InputTag.LMB","bRightMouseDown":true},"runId":"run1"}
{"sessionId":"cf25b3","id":"log_349778161764","timestamp":349778161764,"location":"AuraPlayerController.cpp:AbilityInputHeld","message":"Input held","data":{"InputTag":"InputTag.RMB","bRightMouseDown":true},"runId":"run1"}
{"sessionId":"cf25b3","id":"log_349778238148","timestamp":349778238148,"location":"AuraPlayerController.cpp:Look","message":"Look invoked","data":{"x":0.63000,"y":0.00000,"bRightMouseDown":true,"hypothesisId":"A"},"runId":"run1"}
{"sessionId":"cf25b3","id":"log_349778241719","timestamp":349778241719,"location":"AuraPlayerController.cpp:AbilityInputHeld","message":"Input held","data":{"InputTag":"InputTag.LMB","bRightMouseDown":true},"runId":"run1"}
{"sessionId":"cf25b3","id":"log_349778244349","timestamp":349778244349,"location":"AuraPlayerController.cpp:AbilityInputHeld","message":"Input held","data":{"InputTag":"InputTag.RMB","bRightMouseDown":true},"runId":"run1"}
{"sessionId":"cf25b3","id":"log_349778321999","timestamp":349778321999,"location":"AuraPlayerController.cpp:Look","message":"Look invoked","data":{"x":1.47000,"y":0.00000,"bRightMouseDown":true,"hypothesisId":"A"},"runId":"run1"}
{"sessionId":"cf25b3","id":"log_349778326208","timestamp":349778326208,"location":"AuraPlayerController.cpp:AbilityInputHeld","message":"Input held","data":{"InputTag":"InputTag.LMB","bRightMouseDown":true},"runId":"run1"}
{"sessionId":"cf25b3","id":"log_349778329122","timestamp":349778329122,"location":"AuraPlayerController.cpp:AbilityInputHeld","message":"Input held","data":{"InputTag":"InputTag.RMB","bRightMouseDown":true},"runId":"run1"}
{"sessionId":"cf25b3","id":"log_349778406148","timestamp":349778406148,"location":"AuraPlayerController.cpp:Look","message":"Look invoked","data":{"x":0.77000,"y":0.00000,"bRightMouseDown":true,"hypothesisId":"A"},"runId":"run1"}
{"sessionId":"cf25b3","id":"log_349778410176","timestamp":349778410176,"location":"AuraPlayerController.cpp:AbilityInputHeld","message":"Input held","data":{"InputTag":"InputTag.LMB","bRightMouseDown":true},"runId":"run1"}
{"sessionId":"cf25b3","id":"log_349778413054","timestamp":349778413054,"location":"AuraPlayerController.cpp:AbilityInputHeld","message":"Input held","data":{"InputTag":"InputTag.RMB","bRightMouseDown":true},"runId":"run1"}
{"sessionId":"cf25b3","id":"log_349778488532","timestamp":349778488532,"location":"AuraPlayerController.cpp:Look","message":"Look invoked","data":{"x":0.77000,"y":0.00000,"bRightMouseDown":true,"hypothesisId":"A"},"runId":"run1"}
{"sessionId":"cf25b3","id":"log_349778492424","timestamp":349778492424,"location":"AuraPlayerController.cpp:AbilityInputHeld","message":"Input held","data":{"InputTag":"InputTag.LMB","bRightMouseDown":true},"runId":"run1"}
{"sessionId":"cf25b3","id":"log_349778495251","timestamp":349778495251,"location":"AuraPlayerController.cpp:AbilityInputHeld","message":"Input held","data":{"InputTag":"InputTag.RMB","bRightMouseDown":true},"runId":"run1"}
{"sessionId":"cf25b3","id":"log_349778571920","timestamp":349778571920,"location":"AuraPlayerController.cpp:Look","message":"Look invoked","data":{"x":1.61000,"y":0.00000,"bRightMouseDown":true,"hypothesisId":"A"},"runId":"run1"}
{"sessionId":"cf25b3","id":"log_349778575233","timestamp":349778575233,"location":"AuraPlayerController.cpp:AbilityInputHeld","message":"Input held","data":{"InputTag":"InputTag.LMB","bRightMouseDown":true},"runId":"run1"}
{"sessionId":"cf25b3","id":"log_349778577729","timestamp":349778577729,"location":"AuraPlayerController.cpp:AbilityInputHeld","message":"Input held","data":{"InputTag":"InputTag.RMB","bRightMouseDown":true},"runId":"run1"}
{"sessionId":"cf25b3","id":"log_349778654615","timestamp":349778654615,"location":"AuraPlayerController.cpp:Look","message":"Look invoked","data":{"x":0.77000,"y":0.00000,"bRightMouseDown":true,"hypothesisId":"A"},"runId":"run1"}
{"sessionId":"cf25b3","id":"log_349778659162","timestamp":349778659162,"location":"AuraPlayerController.cpp:AbilityInputHeld","message":"Input held","data":{"InputTag":"InputTag.LMB","bRightMouseDown":true},"runId":"run1"}
{"sessionId":"cf25b3","id":"log_349778663484","timestamp":349778663484,"location":"AuraPlayerController.cpp:AbilityInputHeld","message":"Input held","data":{"InputTag":"InputTag.RMB","bRightMouseDown":true},"runId":"run1"}
{"sessionId":"cf25b3","id":"log_349778737793","timestamp":349778737793,"location":"AuraPlayerController.cpp:Look","message":"Look invoked","data":{"x":0.56000,"y":0.00000,"bRightMouseDown":true,"hypothesisId":"A"},"runId":"run1"}
{"sessionId":"cf25b3","id":"log_349778741742","timestamp":349778741742,"location":"AuraPlayerController.cpp:AbilityInputHeld","message":"Input held","data":{"InputTag":"InputTag.LMB","bRightMouseDown":true},"runId":"run1"}
{"sessionId":"cf25b3","id":"log_349778744407","timestamp":349778744407,"location":"AuraPlayerController.cpp:AbilityInputHeld","message":"Input held","data":{"InputTag":"InputTag.RMB","bRightMouseDown":true},"runId":"run1"}
{"sessionId":"cf25b3","id":"log_349778821533","timestamp":349778821533,"location":"AuraPlayerController.cpp:Look","message":"Look invoked","data":{"x":0.98000,"y":0.00000,"bRightMouseDown":true,"hypothesisId":"A"},"runId":"run1"}
{"sessionId":"cf25b3","id":"log_349778826867","timestamp":349778826867,"location":"AuraPlayerController.cpp:AbilityInputHeld","message":"Input held","data":{"InputTag":"InputTag.LMB","bRightMouseDown":true},"runId":"run1"}
{"sessionId":"cf25b3","id":"log_349778829302","timestamp":349778829302,"location":"AuraPlayerController.cpp:AbilityInputHeld","message":"Input held","data":{"InputTag":"InputTag.RMB","bRightMouseDown":true},"runId":"run1"}
{"sessionId":"cf25b3","id":"log_349778904825","timestamp":349778904825,"location":"AuraPlayerController.cpp:Look","message":"Look invoked","data":{"x":0.35000,"y":0.00000,"bRightMouseDown":true,"hypothesisId":"A"},"runId":"run1"}
{"sessionId":"cf25b3","id":"log_349778908883","timestamp":349778908883,"location":"AuraPlayerController.cpp:AbilityInputHeld","message":"Input held","data":{"InputTag":"InputTag.LMB","bRightMouseDown":true},"runId":"run1"}
{"sessionId":"cf25b3","id":"log_349778911817","timestamp":349778911817,"location":"AuraPlayerController.cpp:AbilityInputHeld","message":"Input held","data":{"InputTag":"InputTag.RMB","bRightMouseDown":true},"runId":"run1"}
{"sessionId":"cf25b3","id":"log_349778988811","timestamp":349778988811,"location":"AuraPlayerController.cpp:Look","message":"Look invoked","data":{"x":0.28000,"y":0.00000,"bRightMouseDown":true,"hypothesisId":"A"},"runId":"run1"}
{"sessionId":"cf25b3","id":"log_349778992881","timestamp":349778992881,"location":"AuraPlayerController.cpp:AbilityInputHeld","message":"Input held","data":{"InputTag":"InputTag.LMB","bRightMouseDown":true},"runId":"run1"}
{"sessionId":"cf25b3","id":"log_349778995392","timestamp":349778995392,"location":"AuraPlayerController.cpp:AbilityInputHeld","message":"Input held","data":{"InputTag":"InputTag.RMB","bRightMouseDown":true},"runId":"run1"}
{"sessionId":"cf25b3","id":"log_349779071396","timestamp":349779071396,"location":"AuraPlayerController.cpp:Look","message":"Look invoked","data":{"x":0.42000,"y":0.00000,"bRightMouseDown":true,"hypothesisId":"A"},"runId":"run1"}
{"sessionId":"cf25b3","id":"log_349779074946","timestamp":349779074946,"location":"AuraPlayerController.cpp:AbilityInputHeld","message":"Input held","data":{"InputTag":"InputTag.LMB","bRightMouseDown":true},"runId":"run1"}
{"sessionId":"cf25b3","id":"log_349779078003","timestamp":349779078003,"location":"AuraPlayerController.cpp:AbilityInputHeld","message":"Input held","data":{"InputTag":"InputTag.RMB","bRightMouseDown":true},"runId":"run1"}
{"sessionId":"cf25b3","id":"log_349779154150","timestamp":349779154150,"location":"AuraPlayerController.cpp:AbilityInputHeld","message":"Input held","data":{"InputTag":"InputTag.LMB","bRightMouseDown":true},"runId":"run1"}
{"sessionId":"cf25b3","id":"log_349779158079","timestamp":349779158079,"location":"AuraPlayerController.cpp:AbilityInputReleased","message":"Input released","data":{"InputTag":"InputTag.RMB","bRightMouseDown":true},"runId":"run1"}
{"sessionId":"cf25b3","id":"log_349779236274","timestamp":349779236274,"location":"AuraPlayerController.cpp:AbilityInputHeld","message":"Input held","data":{"InputTag":"InputTag.LMB","bRightMouseDown":false},"runId":"run1"}
{"sessionId":"cf25b3","id":"log_349779319870","timestamp":349779319870,"location":"AuraPlayerController.cpp:AbilityInputHeld","message":"Input held","data":{"InputTag":"InputTag.LMB","bRightMouseDown":false},"runId":"run1"}
{"sessionId":"cf25b3","id":"log_349779403797","timestamp":349779403797,"location":"AuraPlayerController.cpp:AbilityInputHeld","message":"Input held","data":{"InputTag":"InputTag.LMB","bRightMouseDown":false},"runId":"run1"}
{"sessionId":"cf25b3","id":"log_349779486592","timestamp":349779486592,"location":"AuraPlayerController.cpp:AbilityInputHeld","message":"Input held","data":{"InputTag":"InputTag.LMB","bRightMouseDown":false},"runId":"run1"}
{"sessionId":"cf25b3","id":"log_349779569904","timestamp":349779569904,"location":"AuraPlayerController.cpp:AbilityInputHeld","message":"Input held","data":{"InputTag":"InputTag.LMB","bRightMouseDown":false},"runId":"run1"}
{"sessionId":"cf25b3","id":"log_349779653067","timestamp":349779653067,"location":"AuraPlayerController.cpp:AbilityInputHeld","message":"Input held","data":{"InputTag":"InputTag.LMB","bRightMouseDown":false},"runId":"run1"}
{"sessionId":"cf25b3","id":"log_349779736505","timestamp":349779736505,"location":"AuraPlayerController.cpp:AbilityInputHeld","message":"Input held","data":{"InputTag":"InputTag.LMB","bRightMouseDown":false},"runId":"run1"}
{"sessionId":"cf25b3","id":"log_349779821887","timestamp":349779821887,"location":"AuraPlayerController.cpp:Look","message":"Look invoked","data":{"x":-0.14000,"y":0.00000,"bRightMouseDown":false,"hypothesisId":"A"},"runId":"run1"}
{"sessionId":"cf25b3","id":"log_349779825014","timestamp":349779825014,"location":"AuraPlayerController.cpp:AbilityInputHeld","message":"Input held","data":{"InputTag":"InputTag.LMB","bRightMouseDown":false},"runId":"run1"}
{"sessionId":"cf25b3","id":"log_349779827222","timestamp":349779827222,"location":"AuraPlayerController.cpp:AbilityInputHeld","message":"Input held","data":{"InputTag":"InputTag.RMB","bRightMouseDown":false},"runId":"run1"}
{"sessionId":"cf25b3","id":"log_349779904378","timestamp":349779904378,"location":"AuraPlayerController.cpp:Look","message":"Look invoked","data":{"x":-0.07000,"y":0.00000,"bRightMouseDown":true,"hypothesisId":"A"},"runId":"run1"}
{"sessionId":"cf25b3","id":"log_349779908848","timestamp":349779908848,"location":"AuraPlayerController.cpp:AbilityInputHeld","message":"Input held","data":{"InputTag":"InputTag.LMB","bRightMouseDown":true},"runId":"run1"}
{"sessionId":"cf25b3","id":"log_349779911891","timestamp":349779911891,"location":"AuraPlayerController.cpp:AbilityInputHeld","message":"Input held","data":{"InputTag":"InputTag.RMB","bRightMouseDown":true},"runId":"run1"}
{"sessionId":"cf25b3","id":"log_349779988116","timestamp":349779988116,"location":"AuraPlayerController.cpp:Look","message":"Look invoked","data":{"x":-0.14000,"y":0.00000,"bRightMouseDown":true,"hypothesisId":"A"},"runId":"run1"}
{"sessionId":"cf25b3","id":"log_349779991518","timestamp":349779991518,"location":"AuraPlayerController.cpp:AbilityInputHeld","message":"Input held","data":{"InputTag":"InputTag.LMB","bRightMouseDown":true},"runId":"run1"}
{"sessionId":"cf25b3","id":"log_349779994060","timestamp":349779994060,"location":"AuraPlayerController.cpp:AbilityInputHeld","message":"Input held","data":{"InputTag":"InputTag.RMB","bRightMouseDown":true},"runId":"run1"}
{"sessionId":"cf25b3","id":"log_349780072012","timestamp":349780072012,"location":"AuraPlayerController.cpp:Look","message":"Look invoked","data":{"x":-0.21000,"y":0.00000,"bRightMouseDown":true,"hypothesisId":"A"},"runId":"run1"}
{"sessionId":"cf25b3","id":"log_349780075894","timestamp":349780075894,"location":"AuraPlayerController.cpp:AbilityInputHeld","message":"Input held","data":{"InputTag":"InputTag.LMB","bRightMouseDown":true},"runId":"run1"}
{"sessionId":"cf25b3","id":"log_349780079417","timestamp":349780079417,"location":"AuraPlayerController.cpp:AbilityInputHeld","message":"Input held","data":{"InputTag":"InputTag.RMB","bRightMouseDown":true},"runId":"run1"}
{"sessionId":"cf25b3","id":"log_349780154543","timestamp":349780154543,"location":"AuraPlayerController.cpp:Look","message":"Look invoked","data":{"x":-0.14000,"y":0.00000,"bRightMouseDown":true,"hypothesisId":"A"},"runId":"run1"}
{"sessionId":"cf25b3","id":"log_349780157795","timestamp":349780157795,"location":"AuraPlayerController.cpp:AbilityInputHeld","message":"Input held","data":{"InputTag":"InputTag.LMB","bRightMouseDown":true},"runId":"run1"}
{"sessionId":"cf25b3","id":"log_349780160514","timestamp":349780160514,"location":"AuraPlayerController.cpp:AbilityInputHeld","message":"Input held","data":{"InputTag":"InputTag.RMB","bRightMouseDown":true},"runId":"run1"}
{"sessionId":"cf25b3","id":"log_349780242757","timestamp":349780242757,"location":"AuraPlayerController.cpp:Look","message":"Look invoked","data":{"x":-0.14000,"y":0.00000,"bRightMouseDown":true,"hypothesisId":"A"},"runId":"run1"}
{"sessionId":"cf25b3","id":"log_349780246668","timestamp":349780246668,"location":"AuraPlayerController.cpp:AbilityInputReleased","message":"Input released","data":{"InputTag":"InputTag.LMB","bRightMouseDown":true},"runId":"run1"}
{"sessionId":"cf25b3","id":"log_349780250175","timestamp":349780250175,"location":"AuraPlayerController.cpp:AbilityInputHeld","message":"Input held","data":{"InputTag":"InputTag.RMB","bRightMouseDown":true},"runId":"run1"}
{"sessionId":"cf25b3","id":"log_349780323180","timestamp":349780323180,"location":"AuraPlayerController.cpp:AbilityInputReleased","message":"Input released","data":{"InputTag":"InputTag.RMB","bRightMouseDown":true},"runId":"run1"}
{"sessionId":"cf25b3","id":"log_350965258253","timestamp":350965258253,"location":"AuraPlayerController.cpp:AbilityInputHeld","message":"Input held","data":{"InputTag":"InputTag.LMB","bRightMouseDown":false},"runId":"run1"}
{"sessionId":"cf25b3","id":"log_350965336614","timestamp":350965336614,"location":"AuraPlayerController.cpp:AbilityInputHeld","message":"Input held","data":{"InputTag":"InputTag.LMB","bRightMouseDown":false},"runId":"run1"}
{"sessionId":"cf25b3","id":"log_350965420027","timestamp":350965420027,"location":"AuraPlayerController.cpp:AbilityInputHeld","message":"Input held","data":{"InputTag":"InputTag.LMB","bRightMouseDown":false},"runId":"run1"}
{"sessionId":"cf25b3","id":"log_350965503172","timestamp":350965503172,"location":"AuraPlayerController.cpp:AbilityInputHeld","message":"Input held","data":{"InputTag":"InputTag.LMB","bRightMouseDown":false},"runId":"run1"}
{"sessionId":"cf25b3","id":"log_350965586513","timestamp":350965586513,"location":"AuraPlayerController.cpp:AbilityInputHeld","message":"Input held","data":{"InputTag":"InputTag.LMB","bRightMouseDown":false},"runId":"run1"}
{"sessionId":"cf25b3","id":"log_350965672311","timestamp":350965672311,"location":"AuraPlayerController.cpp:Look","message":"Look invoked","data":{"x":-0.07000,"y":0.00000,"bRightMouseDown":false,"hypothesisId":"A"},"runId":"run1"}
{"sessionId":"cf25b3","id":"log_350965677638","timestamp":350965677638,"location":"AuraPlayerController.cpp:AbilityInputHeld","message":"Input held","data":{"InputTag":"InputTag.LMB","bRightMouseDown":false},"runId":"run1"}
{"sessionId":"cf25b3","id":"log_350965754700","timestamp":350965754700,"location":"AuraPlayerController.cpp:Look","message":"Look invoked","data":{"x":0.07000,"y":0.00000,"bRightMouseDown":false,"hypothesisId":"A"},"runId":"run1"}
{"sessionId":"cf25b3","id":"log_350965758036","timestamp":350965758036,"location":"AuraPlayerController.cpp:AbilityInputHeld","message":"Input held","data":{"InputTag":"InputTag.LMB","bRightMouseDown":false},"runId":"run1"}
{"sessionId":"cf25b3","id":"log_350965838745","timestamp":350965838745,"location":"AuraPlayerController.cpp:Look","message":"Look invoked","data":{"x":-0.14000,"y":0.00000,"bRightMouseDown":false,"hypothesisId":"A"},"runId":"run1"}
{"sessionId":"cf25b3","id":"log_350965842572","timestamp":350965842572,"location":"AuraPlayerController.cpp:AbilityInputHeld","message":"Input held","data":{"InputTag":"InputTag.LMB","bRightMouseDown":false},"runId":"run1"}
{"sessionId":"cf25b3","id":"log_350965921465","timestamp":350965921465,"location":"AuraPlayerController.cpp:Look","message":"Look invoked","data":{"x":-0.35000,"y":0.00000,"bRightMouseDown":false,"hypothesisId":"A"},"runId":"run1"}
{"sessionId":"cf25b3","id":"log_350965925229","timestamp":350965925229,"location":"AuraPlayerController.cpp:AbilityInputHeld","message":"Input held","data":{"InputTag":"InputTag.LMB","bRightMouseDown":false},"runId":"run1"}
{"sessionId":"cf25b3","id":"log_350966006740","timestamp":350966006740,"location":"AuraPlayerController.cpp:Look","message":"Look invoked","data":{"x":-0.35000,"y":0.00000,"bRightMouseDown":false,"hypothesisId":"A"},"runId":"run1"}
{"sessionId":"cf25b3","id":"log_350966010261","timestamp":350966010261,"location":"AuraPlayerController.cpp:AbilityInputHeld","message":"Input held","data":{"InputTag":"InputTag.LMB","bRightMouseDown":false},"runId":"run1"}
{"sessionId":"cf25b3","id":"log_350966091410","timestamp":350966091410,"location":"AuraPlayerController.cpp:Look","message":"Look invoked","data":{"x":-0.56000,"y":0.00000,"bRightMouseDown":false,"hypothesisId":"A"},"runId":"run1"}
{"sessionId":"cf25b3","id":"log_350966095455","timestamp":350966095455,"location":"AuraPlayerController.cpp:AbilityInputHeld","message":"Input held","data":{"InputTag":"InputTag.LMB","bRightMouseDown":false},"runId":"run1"}
{"sessionId":"cf25b3","id":"log_350966172003","timestamp":350966172003,"location":"AuraPlayerController.cpp:Look","message":"Look invoked","data":{"x":-0.91000,"y":0.00000,"bRightMouseDown":false,"hypothesisId":"A"},"runId":"run1"}
{"sessionId":"cf25b3","id":"log_350966175431","timestamp":350966175431,"location":"AuraPlayerController.cpp:AbilityInputHeld","message":"Input held","data":{"InputTag":"InputTag.LMB","bRightMouseDown":false},"runId":"run1"}
{"sessionId":"cf25b3","id":"log_350966255723","timestamp":350966255723,"location":"AuraPlayerController.cpp:Look","message":"Look invoked","data":{"x":-0.63000,"y":0.00000,"bRightMouseDown":false,"hypothesisId":"A"},"runId":"run1"}
{"sessionId":"cf25b3","id":"log_350966259419","timestamp":350966259419,"location":"AuraPlayerController.cpp:AbilityInputHeld","message":"Input held","data":{"InputTag":"InputTag.LMB","bRightMouseDown":false},"runId":"run1"}
{"sessionId":"cf25b3","id":"log_350966338771","timestamp":350966338771,"location":"AuraPlayerController.cpp:Look","message":"Look invoked","data":{"x":-0.91000,"y":0.00000,"bRightMouseDown":false,"hypothesisId":"A"},"runId":"run1"}
{"sessionId":"cf25b3","id":"log_350966343276","timestamp":350966343276,"location":"AuraPlayerController.cpp:AbilityInputHeld","message":"Input held","data":{"InputTag":"InputTag.LMB","bRightMouseDown":false},"runId":"run1"}
{"sessionId":"cf25b3","id":"log_350966424629","timestamp":350966424629,"location":"AuraPlayerController.cpp:Look","message":"Look invoked","data":{"x":-1.19000,"y":0.00000,"bRightMouseDown":false,"hypothesisId":"A"},"runId":"run1"}
{"sessionId":"cf25b3","id":"log_350966429496","timestamp":350966429496,"location":"AuraPlayerController.cpp:AbilityInputHeld","message":"Input held","data":{"InputTag":"InputTag.LMB","bRightMouseDown":false},"runId":"run1"}
{"sessionId":"cf25b3","id":"log_350966505060","timestamp":350966505060,"location":"AuraPlayerController.cpp:Look","message":"Look invoked","data":{"x":-0.77000,"y":0.00000,"bRightMouseDown":false,"hypothesisId":"A"},"runId":"run1"}
{"sessionId":"cf25b3","id":"log_350966508729","timestamp":350966508729,"location":"AuraPlayerController.cpp:AbilityInputHeld","message":"Input held","data":{"InputTag":"InputTag.LMB","bRightMouseDown":false},"runId":"run1"}
{"sessionId":"cf25b3","id":"log_350966588882","timestamp":350966588882,"location":"AuraPlayerController.cpp:Look","message":"Look invoked","data":{"x":-0.70000,"y":0.00000,"bRightMouseDown":false,"hypothesisId":"A"},"runId":"run1"}
{"sessionId":"cf25b3","id":"log_350966593133","timestamp":350966593133,"location":"AuraPlayerController.cpp:AbilityInputHeld","message":"Input held","data":{"InputTag":"InputTag.LMB","bRightMouseDown":false},"runId":"run1"}
{"sessionId":"cf25b3","id":"log_350966671824","timestamp":350966671824,"location":"AuraPlayerController.cpp:Look","message":"Look invoked","data":{"x":-0.84000,"y":0.00000,"bRightMouseDown":false,"hypothesisId":"A"},"runId":"run1"}
{"sessionId":"cf25b3","id":"log_350966675781","timestamp":350966675781,"location":"AuraPlayerController.cpp:AbilityInputHeld","message":"Input held","data":{"InputTag":"InputTag.LMB","bRightMouseDown":false},"runId":"run1"}
{"sessionId":"cf25b3","id":"log_350966755599","timestamp":350966755599,"location":"AuraPlayerController.cpp:Look","message":"Look invoked","data":{"x":-0.70000,"y":0.00000,"bRightMouseDown":false,"hypothesisId":"A"},"runId":"run1"}
{"sessionId":"cf25b3","id":"log_350966759326","timestamp":350966759326,"location":"AuraPlayerController.cpp:AbilityInputHeld","message":"Input held","data":{"InputTag":"InputTag.LMB","bRightMouseDown":false},"runId":"run1"}
{"sessionId":"cf25b3","id":"log_350966839076","timestamp":350966839076,"location":"AuraPlayerController.cpp:Look","message":"Look invoked","data":{"x":-0.63000,"y":0.00000,"bRightMouseDown":false,"hypothesisId":"A"},"runId":"run1"}
{"sessionId":"cf25b3","id":"log_350966842807","timestamp":350966842807,"location":"AuraPlayerController.cpp:AbilityInputHeld","message":"Input held","data":{"InputTag":"InputTag.LMB","bRightMouseDown":false},"runId":"run1"}
{"sessionId":"cf25b3","id":"log_350966921615","timestamp":350966921615,"location":"AuraPlayerController.cpp:Look","message":"Look invoked","data":{"x":-0.77000,"y":0.00000,"bRightMouseDown":false,"hypothesisId":"A"},"runId":"run1"}
{"sessionId":"cf25b3","id":"log_350966925249","timestamp":350966925249,"location":"AuraPlayerController.cpp:AbilityInputHeld","message":"Input held","data":{"InputTag":"InputTag.LMB","bRightMouseDown":false},"runId":"run1"}
{"sessionId":"cf25b3","id":"log_350967005892","timestamp":350967005892,"location":"AuraPlayerController.cpp:Look","message":"Look invoked","data":{"x":-0.42000,"y":0.00000,"bRightMouseDown":false,"hypothesisId":"A"},"runId":"run1"}
{"sessionId":"cf25b3","id":"log_350967010521","timestamp":350967010521,"location":"AuraPlayerController.cpp:AbilityInputHeld","message":"Input held","data":{"InputTag":"InputTag.LMB","bRightMouseDown":false},"runId":"run1"}
{"sessionId":"cf25b3","id":"log_350967088648","timestamp":350967088648,"location":"AuraPlayerController.cpp:Look","message":"Look invoked","data":{"x":-0.56000,"y":0.00000,"bRightMouseDown":false,"hypothesisId":"A"},"runId":"run1"}
{"sessionId":"cf25b3","id":"log_350967092726","timestamp":350967092726,"location":"AuraPlayerController.cpp:AbilityInputHeld","message":"Input held","data":{"InputTag":"InputTag.LMB","bRightMouseDown":false},"runId":"run1"}
{"sessionId":"cf25b3","id":"log_350967171415","timestamp":350967171415,"location":"AuraPlayerController.cpp:Look","message":"Look invoked","data":{"x":-0.77000,"y":0.00000,"bRightMouseDown":false,"hypothesisId":"A"},"runId":"run1"}
{"sessionId":"cf25b3","id":"log_350967175333","timestamp":350967175333,"location":"AuraPlayerController.cpp:AbilityInputHeld","message":"Input held","data":{"InputTag":"InputTag.LMB","bRightMouseDown":false},"runId":"run1"}
{"sessionId":"cf25b3","id":"log_350967255551","timestamp":350967255551,"location":"AuraPlayerController.cpp:Look","message":"Look invoked","data":{"x":-0.42000,"y":0.00000,"bRightMouseDown":false,"hypothesisId":"A"},"runId":"run1"}
{"sessionId":"cf25b3","id":"log_350967258966","timestamp":350967258966,"location":"AuraPlayerController.cpp:AbilityInputHeld","message":"Input held","data":{"InputTag":"InputTag.LMB","bRightMouseDown":false},"runId":"run1"}
{"sessionId":"cf25b3","id":"log_350967340470","timestamp":350967340470,"location":"AuraPlayerController.cpp:Look","message":"Look invoked","data":{"x":-0.42000,"y":0.00000,"bRightMouseDown":false,"hypothesisId":"A"},"runId":"run1"}
{"sessionId":"cf25b3","id":"log_350967345537","timestamp":350967345537,"location":"AuraPlayerController.cpp:AbilityInputHeld","message":"Input held","data":{"InputTag":"InputTag.LMB","bRightMouseDown":false},"runId":"run1"}
{"sessionId":"cf25b3","id":"log_350967423105","timestamp":350967423105,"location":"AuraPlayerController.cpp:Look","message":"Look invoked","data":{"x":-0.49000,"y":0.00000,"bRightMouseDown":false,"hypothesisId":"A"},"runId":"run1"}
{"sessionId":"cf25b3","id":"log_350967427522","timestamp":350967427522,"location":"AuraPlayerController.cpp:AbilityInputHeld","message":"Input held","data":{"InputTag":"InputTag.LMB","bRightMouseDown":false},"runId":"run1"}
{"sessionId":"cf25b3","id":"log_350967509785","timestamp":350967509785,"location":"AuraPlayerController.cpp:Look","message":"Look invoked","data":{"x":-0.14000,"y":0.00000,"bRightMouseDown":false,"hypothesisId":"A"},"runId":"run1"}
{"sessionId":"cf25b3","id":"log_350967513677","timestamp":350967513677,"location":"AuraPlayerController.cpp:AbilityInputHeld","message":"Input held","data":{"InputTag":"InputTag.LMB","bRightMouseDown":false},"runId":"run1"}
{"sessionId":"cf25b3","id":"log_350967589835","timestamp":350967589835,"location":"AuraPlayerController.cpp:Look","message":"Look invoked","data":{"x":0.07000,"y":0.00000,"bRightMouseDown":false,"hypothesisId":"A"},"runId":"run1"}
{"sessionId":"cf25b3","id":"log_350967594782","timestamp":350967594782,"location":"AuraPlayerController.cpp:AbilityInputHeld","message":"Input held","data":{"InputTag":"InputTag.LMB","bRightMouseDown":false},"runId":"run1"}
{"sessionId":"cf25b3","id":"log_350967673172","timestamp":350967673172,"location":"AuraPlayerController.cpp:Look","message":"Look invoked","data":{"x":0.07000,"y":0.00000,"bRightMouseDown":false,"hypothesisId":"A"},"runId":"run1"}
{"sessionId":"cf25b3","id":"log_350967677473","timestamp":350967677473,"location":"AuraPlayerController.cpp:AbilityInputHeld","message":"Input held","data":{"InputTag":"InputTag.LMB","bRightMouseDown":false},"runId":"run1"}
{"sessionId":"cf25b3","id":"log_350967756692","timestamp":350967756692,"location":"AuraPlayerController.cpp:Look","message":"Look invoked","data":{"x":0.07000,"y":0.00000,"bRightMouseDown":false,"hypothesisId":"A"},"runId":"run1"}
{"sessionId":"cf25b3","id":"log_350967760203","timestamp":350967760203,"location":"AuraPlayerController.cpp:AbilityInputHeld","message":"Input held","data":{"InputTag":"InputTag.LMB","bRightMouseDown":false},"runId":"run1"}
{"sessionId":"cf25b3","id":"log_350967840006","timestamp":350967840006,"location":"AuraPlayerController.cpp:Look","message":"Look invoked","data":{"x":0.07000,"y":0.00000,"bRightMouseDown":false,"hypothesisId":"A"},"runId":"run1"}
{"sessionId":"cf25b3","id":"log_350967844069","timestamp":350967844069,"location":"AuraPlayerController.cpp:AbilityInputHeld","message":"Input held","data":{"InputTag":"InputTag.LMB","bRightMouseDown":false},"runId":"run1"}
{"sessionId":"cf25b3","id":"log_350967922877","timestamp":350967922877,"location":"AuraPlayerController.cpp:Look","message":"Look invoked","data":{"x":0.14000,"y":0.00000,"bRightMouseDown":false,"hypothesisId":"A"},"runId":"run1"}
{"sessionId":"cf25b3","id":"log_350967926925","timestamp":350967926925,"location":"AuraPlayerController.cpp:AbilityInputHeld","message":"Input held","data":{"InputTag":"InputTag.LMB","bRightMouseDown":false},"runId":"run1"}
{"sessionId":"cf25b3","id":"log_350968006204","timestamp":350968006204,"location":"AuraPlayerController.cpp:Look","message":"Look invoked","data":{"x":0.07000,"y":0.00000,"bRightMouseDown":false,"hypothesisId":"A"},"runId":"run1"}
{"sessionId":"cf25b3","id":"log_350968010213","timestamp":350968010213,"location":"AuraPlayerController.cpp:AbilityInputHeld","message":"Input held","data":{"InputTag":"InputTag.LMB","bRightMouseDown":false},"runId":"run1"}
{"sessionId":"cf25b3","id":"log_350968089979","timestamp":350968089979,"location":"AuraPlayerController.cpp:Look","message":"Look invoked","data":{"x":0.07000,"y":0.00000,"bRightMouseDown":false,"hypothesisId":"A"},"runId":"run1"}
{"sessionId":"cf25b3","id":"log_350968093924","timestamp":350968093924,"location":"AuraPlayerController.cpp:AbilityInputHeld","message":"Input held","data":{"InputTag":"InputTag.LMB","bRightMouseDown":false},"runId":"run1"}
{"sessionId":"cf25b3","id":"log_350968171401","timestamp":350968171401,"location":"AuraPlayerController.cpp:AbilityInputHeld","message":"Input held","data":{"InputTag":"InputTag.LMB","bRightMouseDown":false},"runId":"run1"}
{"sessionId":"cf25b3","id":"log_350968254705","timestamp":350968254705,"location":"AuraPlayerController.cpp:AbilityInputHeld","message":"Input held","data":{"InputTag":"InputTag.LMB","bRightMouseDown":false},"runId":"run1"}
{"sessionId":"cf25b3","id":"log_350968337865","timestamp":350968337865,"location":"AuraPlayerController.cpp:AbilityInputHeld","message":"Input held","data":{"InputTag":"InputTag.LMB","bRightMouseDown":false},"runId":"run1"}
{"sessionId":"cf25b3","id":"log_350968421202","timestamp":350968421202,"location":"AuraPlayerController.cpp:AbilityInputHeld","message":"Input held","data":{"InputTag":"InputTag.LMB","bRightMouseDown":false},"runId":"run1"}
{"sessionId":"cf25b3","id":"log_350968504559","timestamp":350968504559,"location":"AuraPlayerController.cpp:AbilityInputHeld","message":"Input held","data":{"InputTag":"InputTag.LMB","bRightMouseDown":false},"runId":"run1"}
{"sessionId":"cf25b3","id":"log_350968589751","timestamp":350968589751,"location":"AuraPlayerController.cpp:Look","message":"Look invoked","data":{"x":0.07000,"y":0.00000,"bRightMouseDown":false,"hypothesisId":"A"},"runId":"run1"}
{"sessionId":"cf25b3","id":"log_350968593992","timestamp":350968593992,"location":"AuraPlayerController.cpp:AbilityInputHeld","message":"Input held","data":{"InputTag":"InputTag.LMB","bRightMouseDown":false},"runId":"run1"}
{"sessionId":"cf25b3","id":"log_350968673368","timestamp":350968673368,"location":"AuraPlayerController.cpp:Look","message":"Look invoked","data":{"x":0.14000,"y":0.00000,"bRightMouseDown":false,"hypothesisId":"A"},"runId":"run1"}
{"sessionId":"cf25b3","id":"log_350968678487","timestamp":350968678487,"location":"AuraPlayerController.cpp:AbilityInputHeld","message":"Input held","data":{"InputTag":"InputTag.LMB","bRightMouseDown":false},"runId":"run1"}
{"sessionId":"cf25b3","id":"log_350968757368","timestamp":350968757368,"location":"AuraPlayerController.cpp:Look","message":"Look invoked","data":{"x":0.07000,"y":0.00000,"bRightMouseDown":false,"hypothesisId":"A"},"runId":"run1"}
{"sessionId":"cf25b3","id":"log_350968761711","timestamp":350968761711,"location":"AuraPlayerController.cpp:AbilityInputHeld","message":"Input held","data":{"InputTag":"InputTag.LMB","bRightMouseDown":false},"runId":"run1"}
{"sessionId":"cf25b3","id":"log_350968843625","timestamp":350968843625,"location":"AuraPlayerController.cpp:AbilityInputReleased","message":"Input released","data":{"InputTag":"InputTag.LMB","bRightMouseDown":false},"runId":"run1"}
{"sessionId":"cf25b3","id":"log_350970179773","timestamp":350970179773,"location":"AuraPlayerController.cpp:Look","message":"Look invoked","data":{"x":0.21000,"y":0.00000,"bRightMouseDown":false,"hypothesisId":"A"},"runId":"run1"}
{"sessionId":"cf25b3","id":"log_350970183731","timestamp":350970183731,"location":"AuraPlayerController.cpp:AbilityInputHeld","message":"Input held","data":{"InputTag":"InputTag.LMB","bRightMouseDown":false},"runId":"run1"}
{"sessionId":"cf25b3","id":"log_350970257573","timestamp":350970257573,"location":"AuraPlayerController.cpp:Look","message":"Look invoked","data":{"x":0.07000,"y":0.00000,"bRightMouseDown":false,"hypothesisId":"A"},"runId":"run1"}
{"sessionId":"cf25b3","id":"log_350970261821","timestamp":350970261821,"location":"AuraPlayerController.cpp:AbilityInputHeld","message":"Input held","data":{"InputTag":"InputTag.LMB","bRightMouseDown":false},"runId":"run1"}
{"sessionId":"cf25b3","id":"log_350970339673","timestamp":350970339673,"location":"AuraPlayerController.cpp:Look","message":"Look invoked","data":{"x":0.21000,"y":0.00000,"bRightMouseDown":false,"hypothesisId":"A"},"runId":"run1"}
{"sessionId":"cf25b3","id":"log_350970344465","timestamp":350970344465,"location":"AuraPlayerController.cpp:AbilityInputHeld","message":"Input held","data":{"InputTag":"InputTag.LMB","bRightMouseDown":false},"runId":"run1"}
{"sessionId":"cf25b3","id":"log_350970422736","timestamp":350970422736,"location":"AuraPlayerController.cpp:Look","message":"Look invoked","data":{"x":0.28000,"y":0.00000,"bRightMouseDown":false,"hypothesisId":"A"},"runId":"run1"}
{"sessionId":"cf25b3","id":"log_350970426597","timestamp":350970426597,"location":"AuraPlayerController.cpp:AbilityInputHeld","message":"Input held","data":{"InputTag":"InputTag.LMB","bRightMouseDown":false},"runId":"run1"}
{"sessionId":"cf25b3","id":"log_350970506149","timestamp":350970506149,"location":"AuraPlayerController.cpp:Look","message":"Look invoked","data":{"x":0.28000,"y":0.00000,"bRightMouseDown":false,"hypothesisId":"A"},"runId":"run1"}
{"sessionId":"cf25b3","id":"log_350970510326","timestamp":350970510326,"location":"AuraPlayerController.cpp:AbilityInputHeld","message":"Input held","data":{"InputTag":"InputTag.LMB","bRightMouseDown":false},"runId":"run1"}
{"sessionId":"cf25b3","id":"log_350970589596","timestamp":350970589596,"location":"AuraPlayerController.cpp:Look","message":"Look invoked","data":{"x":0.21000,"y":0.00000,"bRightMouseDown":false,"hypothesisId":"A"},"runId":"run1"}
{"sessionId":"cf25b3","id":"log_350970594163","timestamp":350970594163,"location":"AuraPlayerController.cpp:AbilityInputHeld","message":"Input held","data":{"InputTag":"InputTag.LMB","bRightMouseDown":false},"runId":"run1"}
{"sessionId":"cf25b3","id":"log_350970672988","timestamp":350970672988,"location":"AuraPlayerController.cpp:Look","message":"Look invoked","data":{"x":-0.42000,"y":0.00000,"bRightMouseDown":false,"hypothesisId":"A"},"runId":"run1"}
{"sessionId":"cf25b3","id":"log_350970677169","timestamp":350970677169,"location":"AuraPlayerController.cpp:AbilityInputHeld","message":"Input held","data":{"InputTag":"InputTag.LMB","bRightMouseDown":false},"runId":"run1"}
{"sessionId":"cf25b3","id":"log_350970755954","timestamp":350970755954,"location":"AuraPlayerController.cpp:Look","message":"Look invoked","data":{"x":-0.28000,"y":0.00000,"bRightMouseDown":false,"hypothesisId":"A"},"runId":"run1"}
{"sessionId":"cf25b3","id":"log_350970759834","timestamp":350970759834,"location":"AuraPlayerController.cpp:AbilityInputHeld","message":"Input held","data":{"InputTag":"InputTag.LMB","bRightMouseDown":false},"runId":"run1"}
{"sessionId":"cf25b3","id":"log_350970839535","timestamp":350970839535,"location":"AuraPlayerController.cpp:Look","message":"Look invoked","data":{"x":-0.14000,"y":0.00000,"bRightMouseDown":false,"hypothesisId":"A"},"runId":"run1"}
{"sessionId":"cf25b3","id":"log_350970843802","timestamp":350970843802,"location":"AuraPlayerController.cpp:AbilityInputHeld","message":"Input held","data":{"InputTag":"InputTag.LMB","bRightMouseDown":false},"runId":"run1"}
{"sessionId":"cf25b3","id":"log_350970923080","timestamp":350970923080,"location":"AuraPlayerController.cpp:Look","message":"Look invoked","data":{"x":-0.77000,"y":0.00000,"bRightMouseDown":false,"hypothesisId":"A"},"runId":"run1"}
{"sessionId":"cf25b3","id":"log_350970927193","timestamp":350970927193,"location":"AuraPlayerController.cpp:AbilityInputHeld","message":"Input held","data":{"InputTag":"InputTag.LMB","bRightMouseDown":false},"runId":"run1"}
{"sessionId":"cf25b3","id":"log_350971006173","timestamp":350971006173,"location":"AuraPlayerController.cpp:Look","message":"Look invoked","data":{"x":-0.42000,"y":0.00000,"bRightMouseDown":false,"hypothesisId":"A"},"runId":"run1"}
{"sessionId":"cf25b3","id":"log_350971010559","timestamp":350971010559,"location":"AuraPlayerController.cpp:AbilityInputHeld","message":"Input held","data":{"InputTag":"InputTag.LMB","bRightMouseDown":false},"runId":"run1"}
{"sessionId":"cf25b3","id":"log_350971090151","timestamp":350971090151,"location":"AuraPlayerController.cpp:Look","message":"Look invoked","data":{"x":-0.42000,"y":0.00000,"bRightMouseDown":false,"hypothesisId":"A"},"runId":"run1"}
{"sessionId":"cf25b3","id":"log_350971094189","timestamp":350971094189,"location":"AuraPlayerController.cpp:AbilityInputHeld","message":"Input held","data":{"InputTag":"InputTag.LMB","bRightMouseDown":false},"runId":"run1"}
{"sessionId":"cf25b3","id":"log_350971173685","timestamp":350971173685,"location":"AuraPlayerController.cpp:Look","message":"Look invoked","data":{"x":-0.77000,"y":0.00000,"bRightMouseDown":false,"hypothesisId":"A"},"runId":"run1"}
{"sessionId":"cf25b3","id":"log_350971177528","timestamp":350971177528,"location":"AuraPlayerController.cpp:AbilityInputHeld","message":"Input held","data":{"InputTag":"InputTag.LMB","bRightMouseDown":false},"runId":"run1"}
{"sessionId":"cf25b3","id":"log_350971258323","timestamp":350971258323,"location":"AuraPlayerController.cpp:Look","message":"Look invoked","data":{"x":-0.49000,"y":0.00000,"bRightMouseDown":false,"hypothesisId":"A"},"runId":"run1"}
{"sessionId":"cf25b3","id":"log_350971262668","timestamp":350971262668,"location":"AuraPlayerController.cpp:AbilityInputHeld","message":"Input held","data":{"InputTag":"InputTag.LMB","bRightMouseDown":false},"runId":"run1"}
{"sessionId":"cf25b3","id":"log_350971339875","timestamp":350971339875,"location":"AuraPlayerController.cpp:Look","message":"Look invoked","data":{"x":-0.70000,"y":0.00000,"bRightMouseDown":false,"hypothesisId":"A"},"runId":"run1"}
{"sessionId":"cf25b3","id":"log_350971343480","timestamp":350971343480,"location":"AuraPlayerController.cpp:AbilityInputHeld","message":"Input held","data":{"InputTag":"InputTag.LMB","bRightMouseDown":false},"runId":"run1"}
{"sessionId":"cf25b3","id":"log_350971423064","timestamp":350971423064,"location":"AuraPlayerController.cpp:Look","message":"Look invoked","data":{"x":-1.12000,"y":0.00000,"bRightMouseDown":false,"hypothesisId":"A"},"runId":"run1"}
{"sessionId":"cf25b3","id":"log_350971426758","timestamp":350971426758,"location":"AuraPlayerController.cpp:AbilityInputHeld","message":"Input held","data":{"InputTag":"InputTag.LMB","bRightMouseDown":false},"runId":"run1"}
{"sessionId":"cf25b3","id":"log_350971506698","timestamp":350971506698,"location":"AuraPlayerController.cpp:Look","message":"Look invoked","data":{"x":-0.77000,"y":0.00000,"bRightMouseDown":false,"hypothesisId":"A"},"runId":"run1"}
{"sessionId":"cf25b3","id":"log_350971510455","timestamp":350971510455,"location":"AuraPlayerController.cpp:AbilityInputHeld","message":"Input held","data":{"InputTag":"InputTag.LMB","bRightMouseDown":false},"runId":"run1"}
{"sessionId":"cf25b3","id":"log_350971590047","timestamp":350971590047,"location":"AuraPlayerController.cpp:Look","message":"Look invoked","data":{"x":-1.05000,"y":0.00000,"bRightMouseDown":false,"hypothesisId":"A"},"runId":"run1"}
{"sessionId":"cf25b3","id":"log_350971593736","timestamp":350971593736,"location":"AuraPlayerController.cpp:AbilityInputHeld","message":"Input held","data":{"InputTag":"InputTag.LMB","bRightMouseDown":false},"runId":"run1"}
{"sessionId":"cf25b3","id":"log_350971673071","timestamp":350971673071,"location":"AuraPlayerController.cpp:Look","message":"Look invoked","data":{"x":-1.47000,"y":0.00000,"bRightMouseDown":false,"hypothesisId":"A"},"runId":"run1"}
{"sessionId":"cf25b3","id":"log_350971677129","timestamp":350971677129,"location":"AuraPlayerController.cpp:AbilityInputHeld","message":"Input held","data":{"InputTag":"InputTag.LMB","bRightMouseDown":false},"runId":"run1"}
{"sessionId":"cf25b3","id":"log_350971756944","timestamp":350971756944,"location":"AuraPlayerController.cpp:Look","message":"Look invoked","data":{"x":-0.77000,"y":0.00000,"bRightMouseDown":false,"hypothesisId":"A"},"runId":"run1"}
{"sessionId":"cf25b3","id":"log_350971760683","timestamp":350971760683,"location":"AuraPlayerController.cpp:AbilityInputHeld","message":"Input held","data":{"InputTag":"InputTag.LMB","bRightMouseDown":false},"runId":"run1"}
{"sessionId":"cf25b3","id":"log_350971839449","timestamp":350971839449,"location":"AuraPlayerController.cpp:Look","message":"Look invoked","data":{"x":-0.35000,"y":0.00000,"bRightMouseDown":false,"hypothesisId":"A"},"runId":"run1"}
{"sessionId":"cf25b3","id":"log_350971843588","timestamp":350971843588,"location":"AuraPlayerController.cpp:AbilityInputHeld","message":"Input held","data":{"InputTag":"InputTag.LMB","bRightMouseDown":false},"runId":"run1"}
{"sessionId":"cf25b3","id":"log_350971922978","timestamp":350971922978,"location":"AuraPlayerController.cpp:Look","message":"Look invoked","data":{"x":-1.68000,"y":0.00000,"bRightMouseDown":false,"hypothesisId":"A"},"runId":"run1"}
{"sessionId":"cf25b3","id":"log_350971925873","timestamp":350971925873,"location":"AuraPlayerController.cpp:AbilityInputHeld","message":"Input held","data":{"InputTag":"InputTag.LMB","bRightMouseDown":false},"runId":"run1"}
{"sessionId":"cf25b3","id":"log_350972006241","timestamp":350972006241,"location":"AuraPlayerController.cpp:Look","message":"Look invoked","data":{"x":-0.56000,"y":0.00000,"bRightMouseDown":false,"hypothesisId":"A"},"runId":"run1"}
{"sessionId":"cf25b3","id":"log_350972010505","timestamp":350972010505,"location":"AuraPlayerController.cpp:AbilityInputHeld","message":"Input held","data":{"InputTag":"InputTag.LMB","bRightMouseDown":false},"runId":"run1"}
{"sessionId":"cf25b3","id":"log_350972089861","timestamp":350972089861,"location":"AuraPlayerController.cpp:Look","message":"Look invoked","data":{"x":-0.49000,"y":0.00000,"bRightMouseDown":false,"hypothesisId":"A"},"runId":"run1"}
{"sessionId":"cf25b3","id":"log_350972093367","timestamp":350972093367,"location":"AuraPlayerController.cpp:AbilityInputHeld","message":"Input held","data":{"InputTag":"InputTag.LMB","bRightMouseDown":false},"runId":"run1"}
{"sessionId":"cf25b3","id":"log_350972173022","timestamp":350972173022,"location":"AuraPlayerController.cpp:Look","message":"Look invoked","data":{"x":-0.84000,"y":0.00000,"bRightMouseDown":false,"hypothesisId":"A"},"runId":"run1"}
{"sessionId":"cf25b3","id":"log_350972177069","timestamp":350972177069,"location":"AuraPlayerController.cpp:AbilityInputHeld","message":"Input held","data":{"InputTag":"InputTag.LMB","bRightMouseDown":false},"runId":"run1"}
{"sessionId":"cf25b3","id":"log_350972256585","timestamp":350972256585,"location":"AuraPlayerController.cpp:Look","message":"Look invoked","data":{"x":-0.42000,"y":0.00000,"bRightMouseDown":false,"hypothesisId":"A"},"runId":"run1"}
{"sessionId":"cf25b3","id":"log_350972260244","timestamp":350972260244,"location":"AuraPlayerController.cpp:AbilityInputHeld","message":"Input held","data":{"InputTag":"InputTag.LMB","bRightMouseDown":false},"runId":"run1"}
{"sessionId":"cf25b3","id":"log_350972340656","timestamp":350972340656,"location":"AuraPlayerController.cpp:Look","message":"Look invoked","data":{"x":-0.42000,"y":0.00000,"bRightMouseDown":false,"hypothesisId":"A"},"runId":"run1"}
{"sessionId":"cf25b3","id":"log_350972345657","timestamp":350972345657,"location":"AuraPlayerController.cpp:AbilityInputHeld","message":"Input held","data":{"InputTag":"InputTag.LMB","bRightMouseDown":false},"runId":"run1"}
{"sessionId":"cf25b3","id":"log_350972423079","timestamp":350972423079,"location":"AuraPlayerController.cpp:Look","message":"Look invoked","data":{"x":-0.56000,"y":0.00000,"bRightMouseDown":false,"hypothesisId":"A"},"runId":"run1"}
{"sessionId":"cf25b3","id":"log_350972426898","timestamp":350972426898,"location":"AuraPlayerController.cpp:AbilityInputHeld","message":"Input held","data":{"InputTag":"InputTag.LMB","bRightMouseDown":false},"runId":"run1"}
{"sessionId":"cf25b3","id":"log_350972509129","timestamp":350972509129,"location":"AuraPlayerController.cpp:Look","message":"Look invoked","data":{"x":-0.28000,"y":0.00000,"bRightMouseDown":false,"hypothesisId":"A"},"runId":"run1"}
{"sessionId":"cf25b3","id":"log_350972513368","timestamp":350972513368,"location":"AuraPlayerController.cpp:AbilityInputHeld","message":"Input held","data":{"InputTag":"InputTag.LMB","bRightMouseDown":false},"runId":"run1"}
{"sessionId":"cf25b3","id":"log_350972589584","timestamp":350972589584,"location":"AuraPlayerController.cpp:Look","message":"Look invoked","data":{"x":-0.35000,"y":0.00000,"bRightMouseDown":false,"hypothesisId":"A"},"runId":"run1"}
{"sessionId":"cf25b3","id":"log_350972593665","timestamp":350972593665,"location":"AuraPlayerController.cpp:AbilityInputHeld","message":"Input held","data":{"InputTag":"InputTag.LMB","bRightMouseDown":false},"runId":"run1"}
{"sessionId":"cf25b3","id":"log_350972673543","timestamp":350972673543,"location":"AuraPlayerController.cpp:Look","message":"Look invoked","data":{"x":-0.63000,"y":0.00000,"bRightMouseDown":false,"hypothesisId":"A"},"runId":"run1"}
{"sessionId":"cf25b3","id":"log_350972677918","timestamp":350972677918,"location":"AuraPlayerController.cpp:AbilityInputHeld","message":"Input held","data":{"InputTag":"InputTag.LMB","bRightMouseDown":false},"runId":"run1"}
{"sessionId":"cf25b3","id":"log_350972756158","timestamp":350972756158,"location":"AuraPlayerController.cpp:Look","message":"Look invoked","data":{"x":-0.63000,"y":0.00000,"bRightMouseDown":false,"hypothesisId":"A"},"runId":"run1"}
{"sessionId":"cf25b3","id":"log_350972760046","timestamp":350972760046,"location":"AuraPlayerController.cpp:AbilityInputHeld","message":"Input held","data":{"InputTag":"InputTag.LMB","bRightMouseDown":false},"runId":"run1"}
{"sessionId":"cf25b3","id":"log_350972839740","timestamp":350972839740,"location":"AuraPlayerController.cpp:Look","message":"Look invoked","data":{"x":-0.56000,"y":0.00000,"bRightMouseDown":false,"hypothesisId":"A"},"runId":"run1"}
{"sessionId":"cf25b3","id":"log_350972843223","timestamp":350972843223,"location":"AuraPlayerController.cpp:AbilityInputHeld","message":"Input held","data":{"InputTag":"InputTag.LMB","bRightMouseDown":false},"runId":"run1"}
{"sessionId":"cf25b3","id":"log_350972922833","timestamp":350972922833,"location":"AuraPlayerController.cpp:Look","message":"Look invoked","data":{"x":-1.47000,"y":0.00000,"bRightMouseDown":false,"hypothesisId":"A"},"runId":"run1"}
{"sessionId":"cf25b3","id":"log_350972926811","timestamp":350972926811,"location":"AuraPlayerController.cpp:AbilityInputHeld","message":"Input held","data":{"InputTag":"InputTag.LMB","bRightMouseDown":false},"runId":"run1"}
{"sessionId":"cf25b3","id":"log_350973006895","timestamp":350973006895,"location":"AuraPlayerController.cpp:Look","message":"Look invoked","data":{"x":-0.91000,"y":0.00000,"bRightMouseDown":false,"hypothesisId":"A"},"runId":"run1"}
{"sessionId":"cf25b3","id":"log_350973011222","timestamp":350973011222,"location":"AuraPlayerController.cpp:AbilityInputHeld","message":"Input held","data":{"InputTag":"InputTag.LMB","bRightMouseDown":false},"runId":"run1"}
{"sessionId":"cf25b3","id":"log_350973090552","timestamp":350973090552,"location":"AuraPlayerController.cpp:Look","message":"Look invoked","data":{"x":-1.05000,"y":0.00000,"bRightMouseDown":false,"hypothesisId":"A"},"runId":"run1"}
{"sessionId":"cf25b3","id":"log_350973094506","timestamp":350973094506,"location":"AuraPlayerController.cpp:AbilityInputHeld","message":"Input held","data":{"InputTag":"InputTag.LMB","bRightMouseDown":false},"runId":"run1"}
{"sessionId":"cf25b3","id":"log_350973173219","timestamp":350973173219,"location":"AuraPlayerController.cpp:Look","message":"Look invoked","data":{"x":-1.61000,"y":0.00000,"bRightMouseDown":false,"hypothesisId":"A"},"runId":"run1"}
{"sessionId":"cf25b3","id":"log_350973177130","timestamp":350973177130,"location":"AuraPlayerController.cpp:AbilityInputHeld","message":"Input held","data":{"InputTag":"InputTag.LMB","bRightMouseDown":false},"runId":"run1"}
{"sessionId":"cf25b3","id":"log_350973256692","timestamp":350973256692,"location":"AuraPlayerController.cpp:Look","message":"Look invoked","data":{"x":-1.05000,"y":0.00000,"bRightMouseDown":false,"hypothesisId":"A"},"runId":"run1"}
{"sessionId":"cf25b3","id":"log_350973260607","timestamp":350973260607,"location":"AuraPlayerController.cpp:AbilityInputHeld","message":"Input held","data":{"InputTag":"InputTag.LMB","bRightMouseDown":false},"runId":"run1"}
{"sessionId":"cf25b3","id":"log_350973340529","timestamp":350973340529,"location":"AuraPlayerController.cpp:Look","message":"Look invoked","data":{"x":-0.98000,"y":0.00000,"bRightMouseDown":false,"hypothesisId":"A"},"runId":"run1"}
{"sessionId":"cf25b3","id":"log_350973344855","timestamp":350973344855,"location":"AuraPlayerController.cpp:AbilityInputHeld","message":"Input held","data":{"InputTag":"InputTag.LMB","bRightMouseDown":false},"runId":"run1"}
{"sessionId":"cf25b3","id":"log_350973423357","timestamp":350973423357,"location":"AuraPlayerController.cpp:Look","message":"Look invoked","data":{"x":-1.40000,"y":0.00000,"bRightMouseDown":false,"hypothesisId":"A"},"runId":"run1"}
{"sessionId":"cf25b3","id":"log_350973427412","timestamp":350973427412,"location":"AuraPlayerController.cpp:AbilityInputHeld","message":"Input held","data":{"InputTag":"InputTag.LMB","bRightMouseDown":false},"runId":"run1"}
{"sessionId":"cf25b3","id":"log_350973506294","timestamp":350973506294,"location":"AuraPlayerController.cpp:Look","message":"Look invoked","data":{"x":-0.98000,"y":0.00000,"bRightMouseDown":false,"hypothesisId":"A"},"runId":"run1"}
{"sessionId":"cf25b3","id":"log_350973510021","timestamp":350973510021,"location":"AuraPlayerController.cpp:AbilityInputHeld","message":"Input held","data":{"InputTag":"InputTag.LMB","bRightMouseDown":false},"runId":"run1"}
{"sessionId":"cf25b3","id":"log_350973589852","timestamp":350973589852,"location":"AuraPlayerController.cpp:Look","message":"Look invoked","data":{"x":-0.98000,"y":0.00000,"bRightMouseDown":false,"hypothesisId":"A"},"runId":"run1"}
{"sessionId":"cf25b3","id":"log_350973595997","timestamp":350973595997,"location":"AuraPlayerController.cpp:AbilityInputHeld","message":"Input held","data":{"InputTag":"InputTag.LMB","bRightMouseDown":false},"runId":"run1"}
{"sessionId":"cf25b3","id":"log_350973672885","timestamp":350973672885,"location":"AuraPlayerController.cpp:Look","message":"Look invoked","data":{"x":-1.26000,"y":0.00000,"bRightMouseDown":false,"hypothesisId":"A"},"runId":"run1"}
{"sessionId":"cf25b3","id":"log_350973677106","timestamp":350973677106,"location":"AuraPlayerController.cpp:AbilityInputHeld","message":"Input held","data":{"InputTag":"InputTag.LMB","bRightMouseDown":false},"runId":"run1"}
{"sessionId":"cf25b3","id":"log_350973756926","timestamp":350973756926,"location":"AuraPlayerController.cpp:Look","message":"Look invoked","data":{"x":-0.70000,"y":0.00000,"bRightMouseDown":false,"hypothesisId":"A"},"runId":"run1"}
{"sessionId":"cf25b3","id":"log_350973761326","timestamp":350973761326,"location":"AuraPlayerController.cpp:AbilityInputHeld","message":"Input held","data":{"InputTag":"InputTag.LMB","bRightMouseDown":false},"runId":"run1"}
{"sessionId":"cf25b3","id":"log_350973840321","timestamp":350973840321,"location":"AuraPlayerController.cpp:Look","message":"Look invoked","data":{"x":-0.49000,"y":0.00000,"bRightMouseDown":false,"hypothesisId":"A"},"runId":"run1"}
{"sessionId":"cf25b3","id":"log_350973844585","timestamp":350973844585,"location":"AuraPlayerController.cpp:AbilityInputHeld","message":"Input held","data":{"InputTag":"InputTag.LMB","bRightMouseDown":false},"runId":"run1"}
{"sessionId":"cf25b3","id":"log_350973923669","timestamp":350973923669,"location":"AuraPlayerController.cpp:Look","message":"Look invoked","data":{"x":-0.84000,"y":0.00000,"bRightMouseDown":false,"hypothesisId":"A"},"runId":"run1"}
{"sessionId":"cf25b3","id":"log_350973927081","timestamp":350973927081,"location":"AuraPlayerController.cpp:AbilityInputHeld","message":"Input held","data":{"InputTag":"InputTag.LMB","bRightMouseDown":false},"runId":"run1"}
{"sessionId":"cf25b3","id":"log_350974006290","timestamp":350974006290,"location":"AuraPlayerController.cpp:Look","message":"Look invoked","data":{"x":0.56000,"y":0.00000,"bRightMouseDown":false,"hypothesisId":"A"},"runId":"run1"}
{"sessionId":"cf25b3","id":"log_350974010344","timestamp":350974010344,"location":"AuraPlayerController.cpp:AbilityInputHeld","message":"Input held","data":{"InputTag":"InputTag.LMB","bRightMouseDown":false},"runId":"run1"}
{"sessionId":"cf25b3","id":"log_350974090021","timestamp":350974090021,"location":"AuraPlayerController.cpp:Look","message":"Look invoked","data":{"x":0.77000,"y":0.00000,"bRightMouseDown":false,"hypothesisId":"A"},"runId":"run1"}
{"sessionId":"cf25b3","id":"log_350974094033","timestamp":350974094033,"location":"AuraPlayerController.cpp:AbilityInputHeld","message":"Input held","data":{"InputTag":"InputTag.LMB","bRightMouseDown":false},"runId":"run1"}
{"sessionId":"cf25b3","id":"log_350974173092","timestamp":350974173092,"location":"AuraPlayerController.cpp:Look","message":"Look invoked","data":{"x":1.12000,"y":0.00000,"bRightMouseDown":false,"hypothesisId":"A"},"runId":"run1"}
{"sessionId":"cf25b3","id":"log_350974177085","timestamp":350974177085,"location":"AuraPlayerController.cpp:AbilityInputHeld","message":"Input held","data":{"InputTag":"InputTag.LMB","bRightMouseDown":false},"runId":"run1"}
{"sessionId":"cf25b3","id":"log_350974259393","timestamp":350974259393,"location":"AuraPlayerController.cpp:Look","message":"Look invoked","data":{"x":0.63000,"y":0.00000,"bRightMouseDown":false,"hypothesisId":"A"},"runId":"run1"}
{"sessionId":"cf25b3","id":"log_350974263825","timestamp":350974263825,"location":"AuraPlayerController.cpp:AbilityInputReleased","message":"Input released","data":{"InputTag":"InputTag.LMB","bRightMouseDown":false},"runId":"run1"}
{"sessionId":"cf25b3","id":"log_350975095550","timestamp":350975095550,"location":"AuraPlayerController.cpp:Look","message":"Look invoked","data":{"x":0.28000,"y":0.00000,"bRightMouseDown":false,"hypothesisId":"A"},"runId":"run1"}
{"sessionId":"cf25b3","id":"log_350975101077","timestamp":350975101077,"location":"AuraPlayerController.cpp:AbilityInputHeld","message":"Input held","data":{"InputTag":"InputTag.LMB","bRightMouseDown":false},"runId":"run1"}
{"sessionId":"cf25b3","id":"log_350975174331","timestamp":350975174331,"location":"AuraPlayerController.cpp:Look","message":"Look invoked","data":{"x":0.63000,"y":0.00000,"bRightMouseDown":false,"hypothesisId":"A"},"runId":"run1"}
{"sessionId":"cf25b3","id":"log_350975178252","timestamp":350975178252,"location":"AuraPlayerController.cpp:AbilityInputHeld","message":"Input held","data":{"InputTag":"InputTag.LMB","bRightMouseDown":false},"runId":"run1"}
{"sessionId":"cf25b3","id":"log_350975258885","timestamp":350975258885,"location":"AuraPlayerController.cpp:Look","message":"Look invoked","data":{"x":0.42000,"y":0.00000,"bRightMouseDown":false,"hypothesisId":"A"},"runId":"run1"}
{"sessionId":"cf25b3","id":"log_350975263146","timestamp":350975263146,"location":"AuraPlayerController.cpp:AbilityInputHeld","message":"Input held","data":{"InputTag":"InputTag.LMB","bRightMouseDown":false},"runId":"run1"}
{"sessionId":"cf25b3","id":"log_350975340428","timestamp":350975340428,"location":"AuraPlayerController.cpp:Look","message":"Look invoked","data":{"x":0.35000,"y":0.00000,"bRightMouseDown":false,"hypothesisId":"A"},"runId":"run1"}
{"sessionId":"cf25b3","id":"log_350975344479","timestamp":350975344479,"location":"AuraPlayerController.cpp:AbilityInputHeld","message":"Input held","data":{"InputTag":"InputTag.LMB","bRightMouseDown":false},"runId":"run1"}
{"sessionId":"cf25b3","id":"log_350975424187","timestamp":350975424187,"location":"AuraPlayerController.cpp:Look","message":"Look invoked","data":{"x":0.91000,"y":0.00000,"bRightMouseDown":false,"hypothesisId":"A"},"runId":"run1"}
{"sessionId":"cf25b3","id":"log_350975427770","timestamp":350975427770,"location":"AuraPlayerController.cpp:AbilityInputHeld","message":"Input held","data":{"InputTag":"InputTag.LMB","bRightMouseDown":false},"runId":"run1"}
{"sessionId":"cf25b3","id":"log_350975508882","timestamp":350975508882,"location":"AuraPlayerController.cpp:Look","message":"Look invoked","data":{"x":0.84000,"y":0.00000,"bRightMouseDown":false,"hypothesisId":"A"},"runId":"run1"}
{"sessionId":"cf25b3","id":"log_350975512865","timestamp":350975512865,"location":"AuraPlayerController.cpp:AbilityInputHeld","message":"Input held","data":{"InputTag":"InputTag.LMB","bRightMouseDown":false},"runId":"run1"}
{"sessionId":"cf25b3","id":"log_350975590011","timestamp":350975590011,"location":"AuraPlayerController.cpp:Look","message":"Look invoked","data":{"x":1.05000,"y":0.00000,"bRightMouseDown":false,"hypothesisId":"A"},"runId":"run1"}
{"sessionId":"cf25b3","id":"log_350975594135","timestamp":350975594135,"location":"AuraPlayerController.cpp:AbilityInputHeld","message":"Input held","data":{"InputTag":"InputTag.LMB","bRightMouseDown":false},"runId":"run1"}
{"sessionId":"cf25b3","id":"log_350975673765","timestamp":350975673765,"location":"AuraPlayerController.cpp:Look","message":"Look invoked","data":{"x":1.40000,"y":0.00000,"bRightMouseDown":false,"hypothesisId":"A"},"runId":"run1"}
{"sessionId":"cf25b3","id":"log_350975677946","timestamp":350975677946,"location":"AuraPlayerController.cpp:AbilityInputHeld","message":"Input held","data":{"InputTag":"InputTag.LMB","bRightMouseDown":false},"runId":"run1"}
{"sessionId":"cf25b3","id":"log_350975756670","timestamp":350975756670,"location":"AuraPlayerController.cpp:Look","message":"Look invoked","data":{"x":0.84000,"y":0.00000,"bRightMouseDown":false,"hypothesisId":"A"},"runId":"run1"}
{"sessionId":"cf25b3","id":"log_350975761106","timestamp":350975761106,"location":"AuraPlayerController.cpp:AbilityInputHeld","message":"Input held","data":{"InputTag":"InputTag.LMB","bRightMouseDown":false},"runId":"run1"}
{"sessionId":"cf25b3","id":"log_350975839722","timestamp":350975839722,"location":"AuraPlayerController.cpp:Look","message":"Look invoked","data":{"x":0.98000,"y":0.00000,"bRightMouseDown":false,"hypothesisId":"A"},"runId":"run1"}
{"sessionId":"cf25b3","id":"log_350975844010","timestamp":350975844010,"location":"AuraPlayerController.cpp:AbilityInputHeld","message":"Input held","data":{"InputTag":"InputTag.LMB","bRightMouseDown":false},"runId":"run1"}
{"sessionId":"cf25b3","id":"log_350975923214","timestamp":350975923214,"location":"AuraPlayerController.cpp:Look","message":"Look invoked","data":{"x":1.19000,"y":0.00000,"bRightMouseDown":false,"hypothesisId":"A"},"runId":"run1"}
{"sessionId":"cf25b3","id":"log_350975926890","timestamp":350975926890,"location":"AuraPlayerController.cpp:AbilityInputHeld","message":"Input held","data":{"InputTag":"InputTag.LMB","bRightMouseDown":false},"runId":"run1"}
{"sessionId":"cf25b3","id":"log_350976006457","timestamp":350976006457,"location":"AuraPlayerController.cpp:Look","message":"Look invoked","data":{"x":0.84000,"y":0.00000,"bRightMouseDown":false,"hypothesisId":"A"},"runId":"run1"}
{"sessionId":"cf25b3","id":"log_350976010583","timestamp":350976010583,"location":"AuraPlayerController.cpp:AbilityInputHeld","message":"Input held","data":{"InputTag":"InputTag.LMB","bRightMouseDown":false},"runId":"run1"}
{"sessionId":"cf25b3","id":"log_350976091226","timestamp":350976091226,"location":"AuraPlayerController.cpp:Look","message":"Look invoked","data":{"x":0.77000,"y":0.00000,"bRightMouseDown":false,"hypothesisId":"A"},"runId":"run1"}
{"sessionId":"cf25b3","id":"log_350976094662","timestamp":350976094662,"location":"AuraPlayerController.cpp:AbilityInputHeld","message":"Input held","data":{"InputTag":"InputTag.LMB","bRightMouseDown":false},"runId":"run1"}
{"sessionId":"cf25b3","id":"log_350976174057","timestamp":350976174057,"location":"AuraPlayerController.cpp:Look","message":"Look invoked","data":{"x":0.98000,"y":0.00000,"bRightMouseDown":false,"hypothesisId":"A"},"runId":"run1"}
{"sessionId":"cf25b3","id":"log_350976178866","timestamp":350976178866,"location":"AuraPlayerController.cpp:AbilityInputHeld","message":"Input held","data":{"InputTag":"InputTag.LMB","bRightMouseDown":false},"runId":"run1"}
{"sessionId":"cf25b3","id":"log_350976265708","timestamp":350976265708,"location":"AuraPlayerController.cpp:Look","message":"Look invoked","data":{"x":0.70000,"y":0.00000,"bRightMouseDown":false,"hypothesisId":"A"},"runId":"run1"}
{"sessionId":"cf25b3","id":"log_350976269720","timestamp":350976269720,"location":"AuraPlayerController.cpp:AbilityInputHeld","message":"Input held","data":{"InputTag":"InputTag.LMB","bRightMouseDown":false},"runId":"run1"}
{"sessionId":"cf25b3","id":"log_350976340487","timestamp":350976340487,"location":"AuraPlayerController.cpp:Look","message":"Look invoked","data":{"x":0.63000,"y":0.00000,"bRightMouseDown":false,"hypothesisId":"A"},"runId":"run1"}
{"sessionId":"cf25b3","id":"log_350976346154","timestamp":350976346154,"location":"AuraPlayerController.cpp:AbilityInputHeld","message":"Input held","data":{"InputTag":"InputTag.LMB","bRightMouseDown":false},"runId":"run1"}
{"sessionId":"cf25b3","id":"log_350976423722","timestamp":350976423722,"location":"AuraPlayerController.cpp:Look","message":"Look invoked","data":{"x":0.84000,"y":0.00000,"bRightMouseDown":false,"hypothesisId":"A"},"runId":"run1"}
{"sessionId":"cf25b3","id":"log_350976428281","timestamp":350976428281,"location":"AuraPlayerController.cpp:AbilityInputHeld","message":"Input held","data":{"InputTag":"InputTag.LMB","bRightMouseDown":false},"runId":"run1"}
{"sessionId":"cf25b3","id":"log_350976506823","timestamp":350976506823,"location":"AuraPlayerController.cpp:Look","message":"Look invoked","data":{"x":0.56000,"y":0.00000,"bRightMouseDown":false,"hypothesisId":"A"},"runId":"run1"}
{"sessionId":"cf25b3","id":"log_350976510707","timestamp":350976510707,"location":"AuraPlayerController.cpp:AbilityInputHeld","message":"Input held","data":{"InputTag":"InputTag.LMB","bRightMouseDown":false},"runId":"run1"}
{"sessionId":"cf25b3","id":"log_350976590574","timestamp":350976590574,"location":"AuraPlayerController.cpp:Look","message":"Look invoked","data":{"x":0.63000,"y":0.00000,"bRightMouseDown":false,"hypothesisId":"A"},"runId":"run1"}
{"sessionId":"cf25b3","id":"log_350976594231","timestamp":350976594231,"location":"AuraPlayerController.cpp:AbilityInputHeld","message":"Input held","data":{"InputTag":"InputTag.LMB","bRightMouseDown":false},"runId":"run1"}
{"sessionId":"cf25b3","id":"log_350976673589","timestamp":350976673589,"location":"AuraPlayerController.cpp:Look","message":"Look invoked","data":{"x":-0.91000,"y":0.00000,"bRightMouseDown":false,"hypothesisId":"A"},"runId":"run1"}
{"sessionId":"cf25b3","id":"log_350976677902","timestamp":350976677902,"location":"AuraPlayerController.cpp:AbilityInputHeld","message":"Input held","data":{"InputTag":"InputTag.LMB","bRightMouseDown":false},"runId":"run1"}
{"sessionId":"cf25b3","id":"log_350976757478","timestamp":350976757478,"location":"AuraPlayerController.cpp:Look","message":"Look invoked","data":{"x":-0.28000,"y":0.00000,"bRightMouseDown":false,"hypothesisId":"A"},"runId":"run1"}
{"sessionId":"cf25b3","id":"log_350976762001","timestamp":350976762001,"location":"AuraPlayerController.cpp:AbilityInputHeld","message":"Input held","data":{"InputTag":"InputTag.LMB","bRightMouseDown":false},"runId":"run1"}
{"sessionId":"cf25b3","id":"log_350976840851","timestamp":350976840851,"location":"AuraPlayerController.cpp:Look","message":"Look invoked","data":{"x":-0.49000,"y":0.00000,"bRightMouseDown":false,"hypothesisId":"A"},"runId":"run1"}
{"sessionId":"cf25b3","id":"log_350976846221","timestamp":350976846221,"location":"AuraPlayerController.cpp:AbilityInputHeld","message":"Input held","data":{"InputTag":"InputTag.LMB","bRightMouseDown":false},"runId":"run1"}
{"sessionId":"cf25b3","id":"log_350976924654","timestamp":350976924654,"location":"AuraPlayerController.cpp:Look","message":"Look invoked","data":{"x":-0.63000,"y":0.00000,"bRightMouseDown":false,"hypothesisId":"A"},"runId":"run1"}
{"sessionId":"cf25b3","id":"log_350976928554","timestamp":350976928554,"location":"AuraPlayerController.cpp:AbilityInputHeld","message":"Input held","data":{"InputTag":"InputTag.LMB","bRightMouseDown":false},"runId":"run1"}
{"sessionId":"cf25b3","id":"log_350977006327","timestamp":350977006327,"location":"AuraPlayerController.cpp:Look","message":"Look invoked","data":{"x":-0.14000,"y":0.00000,"bRightMouseDown":false,"hypothesisId":"A"},"runId":"run1"}
{"sessionId":"cf25b3","id":"log_350977010191","timestamp":350977010191,"location":"AuraPlayerController.cpp:AbilityInputHeld","message":"Input held","data":{"InputTag":"InputTag.LMB","bRightMouseDown":false},"runId":"run1"}
{"sessionId":"cf25b3","id":"log_350977090865","timestamp":350977090865,"location":"AuraPlayerController.cpp:Look","message":"Look invoked","data":{"x":-0.49000,"y":0.00000,"bRightMouseDown":false,"hypothesisId":"A"},"runId":"run1"}
{"sessionId":"cf25b3","id":"log_350977094771","timestamp":350977094771,"location":"AuraPlayerController.cpp:AbilityInputHeld","message":"Input held","data":{"InputTag":"InputTag.LMB","bRightMouseDown":false},"runId":"run1"}
{"sessionId":"cf25b3","id":"log_350977173306","timestamp":350977173306,"location":"AuraPlayerController.cpp:Look","message":"Look invoked","data":{"x":-0.77000,"y":0.00000,"bRightMouseDown":false,"hypothesisId":"A"},"runId":"run1"}
{"sessionId":"cf25b3","id":"log_350977177069","timestamp":350977177069,"location":"AuraPlayerController.cpp:AbilityInputHeld","message":"Input held","data":{"InputTag":"InputTag.LMB","bRightMouseDown":false},"runId":"run1"}
{"sessionId":"cf25b3","id":"log_350977256682","timestamp":350977256682,"location":"AuraPlayerController.cpp:Look","message":"Look invoked","data":{"x":-0.56000,"y":0.00000,"bRightMouseDown":false,"hypothesisId":"A"},"runId":"run1"}
{"sessionId":"cf25b3","id":"log_350977261007","timestamp":350977261007,"location":"AuraPlayerController.cpp:AbilityInputHeld","message":"Input held","data":{"InputTag":"InputTag.LMB","bRightMouseDown":false},"runId":"run1"}
{"sessionId":"cf25b3","id":"log_350977343076","timestamp":350977343076,"location":"AuraPlayerController.cpp:Look","message":"Look invoked","data":{"x":-0.49000,"y":0.00000,"bRightMouseDown":false,"hypothesisId":"A"},"runId":"run1"}
{"sessionId":"cf25b3","id":"log_350977347048","timestamp":350977347048,"location":"AuraPlayerController.cpp:AbilityInputHeld","message":"Input held","data":{"InputTag":"InputTag.LMB","bRightMouseDown":false},"runId":"run1"}
{"sessionId":"cf25b3","id":"log_350977423130","timestamp":350977423130,"location":"AuraPlayerController.cpp:Look","message":"Look invoked","data":{"x":-0.84000,"y":0.00000,"bRightMouseDown":false,"hypothesisId":"A"},"runId":"run1"}
{"sessionId":"cf25b3","id":"log_350977427302","timestamp":350977427302,"location":"AuraPlayerController.cpp:AbilityInputHeld","message":"Input held","data":{"InputTag":"InputTag.LMB","bRightMouseDown":false},"runId":"run1"}
{"sessionId":"cf25b3","id":"log_350977507000","timestamp":350977507000,"location":"AuraPlayerController.cpp:Look","message":"Look invoked","data":{"x":-0.49000,"y":0.00000,"bRightMouseDown":false,"hypothesisId":"A"},"runId":"run1"}
{"sessionId":"cf25b3","id":"log_350977511163","timestamp":350977511163,"location":"AuraPlayerController.cpp:AbilityInputHeld","message":"Input held","data":{"InputTag":"InputTag.LMB","bRightMouseDown":false},"runId":"run1"}
{"sessionId":"cf25b3","id":"log_350977590258","timestamp":350977590258,"location":"AuraPlayerController.cpp:Look","message":"Look invoked","data":{"x":-0.63000,"y":0.00000,"bRightMouseDown":false,"hypothesisId":"A"},"runId":"run1"}
{"sessionId":"cf25b3","id":"log_350977593970","timestamp":350977593970,"location":"AuraPlayerController.cpp:AbilityInputHeld","message":"Input held","data":{"InputTag":"InputTag.LMB","bRightMouseDown":false},"runId":"run1"}
{"sessionId":"cf25b3","id":"log_350977673505","timestamp":350977673505,"location":"AuraPlayerController.cpp:Look","message":"Look invoked","data":{"x":-0.77000,"y":0.00000,"bRightMouseDown":false,"hypothesisId":"A"},"runId":"run1"}
{"sessionId":"cf25b3","id":"log_350977677040","timestamp":350977677040,"location":"AuraPlayerController.cpp:AbilityInputHeld","message":"Input held","data":{"InputTag":"InputTag.LMB","bRightMouseDown":false},"runId":"run1"}
{"sessionId":"cf25b3","id":"log_350977757392","timestamp":350977757392,"location":"AuraPlayerController.cpp:Look","message":"Look invoked","data":{"x":-0.63000,"y":0.00000,"bRightMouseDown":false,"hypothesisId":"A"},"runId":"run1"}
{"sessionId":"cf25b3","id":"log_350977760728","timestamp":350977760728,"location":"AuraPlayerController.cpp:AbilityInputHeld","message":"Input held","data":{"InputTag":"InputTag.LMB","bRightMouseDown":false},"runId":"run1"}
{"sessionId":"cf25b3","id":"log_350977839908","timestamp":350977839908,"location":"AuraPlayerController.cpp:Look","message":"Look invoked","data":{"x":-0.84000,"y":0.00000,"bRightMouseDown":false,"hypothesisId":"A"},"runId":"run1"}
{"sessionId":"cf25b3","id":"log_350977844318","timestamp":350977844318,"location":"AuraPlayerController.cpp:AbilityInputHeld","message":"Input held","data":{"InputTag":"InputTag.LMB","bRightMouseDown":false},"runId":"run1"}
{"sessionId":"cf25b3","id":"log_350977923747","timestamp":350977923747,"location":"AuraPlayerController.cpp:Look","message":"Look invoked","data":{"x":-0.98000,"y":0.00000,"bRightMouseDown":false,"hypothesisId":"A"},"runId":"run1"}
{"sessionId":"cf25b3","id":"log_350977928156","timestamp":350977928156,"location":"AuraPlayerController.cpp:AbilityInputHeld","message":"Input held","data":{"InputTag":"InputTag.LMB","bRightMouseDown":false},"runId":"run1"}
{"sessionId":"cf25b3","id":"log_350978006786","timestamp":350978006786,"location":"AuraPlayerController.cpp:Look","message":"Look invoked","data":{"x":-0.21000,"y":0.00000,"bRightMouseDown":false,"hypothesisId":"A"},"runId":"run1"}
{"sessionId":"cf25b3","id":"log_350978010846","timestamp":350978010846,"location":"AuraPlayerController.cpp:AbilityInputHeld","message":"Input held","data":{"InputTag":"InputTag.LMB","bRightMouseDown":false},"runId":"run1"}
{"sessionId":"cf25b3","id":"log_350978090183","timestamp":350978090183,"location":"AuraPlayerController.cpp:Look","message":"Look invoked","data":{"x":-0.70000,"y":0.00000,"bRightMouseDown":false,"hypothesisId":"A"},"runId":"run1"}
{"sessionId":"cf25b3","id":"log_350978094148","timestamp":350978094148,"location":"AuraPlayerController.cpp:AbilityInputHeld","message":"Input held","data":{"InputTag":"InputTag.LMB","bRightMouseDown":false},"runId":"run1"}
{"sessionId":"cf25b3","id":"log_350978173568","timestamp":350978173568,"location":"AuraPlayerController.cpp:Look","message":"Look invoked","data":{"x":-1.05000,"y":0.00000,"bRightMouseDown":false,"hypothesisId":"A"},"runId":"run1"}
{"sessionId":"cf25b3","id":"log_350978177316","timestamp":350978177316,"location":"AuraPlayerController.cpp:AbilityInputHeld","message":"Input held","data":{"InputTag":"InputTag.LMB","bRightMouseDown":false},"runId":"run1"}
{"sessionId":"cf25b3","id":"log_350978256692","timestamp":350978256692,"location":"AuraPlayerController.cpp:Look","message":"Look invoked","data":{"x":-0.56000,"y":0.00000,"bRightMouseDown":false,"hypothesisId":"A"},"runId":"run1"}
{"sessionId":"cf25b3","id":"log_350978260226","timestamp":350978260226,"location":"AuraPlayerController.cpp:AbilityInputHeld","message":"Input held","data":{"InputTag":"InputTag.LMB","bRightMouseDown":false},"runId":"run1"}
{"sessionId":"cf25b3","id":"log_350978340149","timestamp":350978340149,"location":"AuraPlayerController.cpp:Look","message":"Look invoked","data":{"x":-0.49000,"y":0.00000,"bRightMouseDown":false,"hypothesisId":"A"},"runId":"run1"}
{"sessionId":"cf25b3","id":"log_350978344120","timestamp":350978344120,"location":"AuraPlayerController.cpp:AbilityInputHeld","message":"Input held","data":{"InputTag":"InputTag.LMB","bRightMouseDown":false},"runId":"run1"}
{"sessionId":"cf25b3","id":"log_350978423234","timestamp":350978423234,"location":"AuraPlayerController.cpp:Look","message":"Look invoked","data":{"x":-0.98000,"y":0.00000,"bRightMouseDown":false,"hypothesisId":"A"},"runId":"run1"}
{"sessionId":"cf25b3","id":"log_350978426915","timestamp":350978426915,"location":"AuraPlayerController.cpp:AbilityInputHeld","message":"Input held","data":{"InputTag":"InputTag.LMB","bRightMouseDown":false},"runId":"run1"}
{"sessionId":"cf25b3","id":"log_350978506811","timestamp":350978506811,"location":"AuraPlayerController.cpp:Look","message":"Look invoked","data":{"x":-0.56000,"y":0.00000,"bRightMouseDown":false,"hypothesisId":"A"},"runId":"run1"}
{"sessionId":"cf25b3","id":"log_350978510450","timestamp":350978510450,"location":"AuraPlayerController.cpp:AbilityInputHeld","message":"Input held","data":{"InputTag":"InputTag.LMB","bRightMouseDown":false},"runId":"run1"}
{"sessionId":"cf25b3","id":"log_350978591869","timestamp":350978591869,"location":"AuraPlayerController.cpp:Look","message":"Look invoked","data":{"x":-0.77000,"y":0.00000,"bRightMouseDown":false,"hypothesisId":"A"},"runId":"run1"}
{"sessionId":"cf25b3","id":"log_350978598166","timestamp":350978598166,"location":"AuraPlayerController.cpp:AbilityInputHeld","message":"Input held","data":{"InputTag":"InputTag.LMB","bRightMouseDown":false},"runId":"run1"}
{"sessionId":"cf25b3","id":"log_350978674063","timestamp":350978674063,"location":"AuraPlayerController.cpp:Look","message":"Look invoked","data":{"x":-0.98000,"y":0.00000,"bRightMouseDown":false,"hypothesisId":"A"},"runId":"run1"}
{"sessionId":"cf25b3","id":"log_350978678076","timestamp":350978678076,"location":"AuraPlayerController.cpp:AbilityInputHeld","message":"Input held","data":{"InputTag":"InputTag.LMB","bRightMouseDown":false},"runId":"run1"}
{"sessionId":"cf25b3","id":"log_350978757005","timestamp":350978757005,"location":"AuraPlayerController.cpp:Look","message":"Look invoked","data":{"x":-0.77000,"y":0.00000,"bRightMouseDown":false,"hypothesisId":"A"},"runId":"run1"}
{"sessionId":"cf25b3","id":"log_350978760942","timestamp":350978760942,"location":"AuraPlayerController.cpp:AbilityInputHeld","message":"Input held","data":{"InputTag":"InputTag.LMB","bRightMouseDown":false},"runId":"run1"}
{"sessionId":"cf25b3","id":"log_350978840369","timestamp":350978840369,"location":"AuraPlayerController.cpp:Look","message":"Look invoked","data":{"x":-0.77000,"y":0.00000,"bRightMouseDown":false,"hypothesisId":"A"},"runId":"run1"}
{"sessionId":"cf25b3","id":"log_350978844418","timestamp":350978844418,"location":"AuraPlayerController.cpp:AbilityInputHeld","message":"Input held","data":{"InputTag":"InputTag.LMB","bRightMouseDown":false},"runId":"run1"}
{"sessionId":"cf25b3","id":"log_350978923678","timestamp":350978923678,"location":"AuraPlayerController.cpp:Look","message":"Look invoked","data":{"x":-0.98000,"y":0.00000,"bRightMouseDown":false,"hypothesisId":"A"},"runId":"run1"}
{"sessionId":"cf25b3","id":"log_350978927431","timestamp":350978927431,"location":"AuraPlayerController.cpp:AbilityInputHeld","message":"Input held","data":{"InputTag":"InputTag.LMB","bRightMouseDown":false},"runId":"run1"}
{"sessionId":"cf25b3","id":"log_350979006850","timestamp":350979006850,"location":"AuraPlayerController.cpp:Look","message":"Look invoked","data":{"x":-0.21000,"y":0.00000,"bRightMouseDown":false,"hypothesisId":"A"},"runId":"run1"}
{"sessionId":"cf25b3","id":"log_350979010814","timestamp":350979010814,"location":"AuraPlayerController.cpp:AbilityInputHeld","message":"Input held","data":{"InputTag":"InputTag.LMB","bRightMouseDown":false},"runId":"run1"}
{"sessionId":"cf25b3","id":"log_350979090424","timestamp":350979090424,"location":"AuraPlayerController.cpp:Look","message":"Look invoked","data":{"x":-1.19000,"y":0.00000,"bRightMouseDown":false,"hypothesisId":"A"},"runId":"run1"}
{"sessionId":"cf25b3","id":"log_350979094386","timestamp":350979094386,"location":"AuraPlayerController.cpp:AbilityInputHeld","message":"Input held","data":{"InputTag":"InputTag.LMB","bRightMouseDown":false},"runId":"run1"}
{"sessionId":"cf25b3","id":"log_350979173967","timestamp":350979173967,"location":"AuraPlayerController.cpp:Look","message":"Look invoked","data":{"x":-0.91000,"y":0.00000,"bRightMouseDown":false,"hypothesisId":"A"},"runId":"run1"}
{"sessionId":"cf25b3","id":"log_350979177675","timestamp":350979177675,"location":"AuraPlayerController.cpp:AbilityInputHeld","message":"Input held","data":{"InputTag":"InputTag.LMB","bRightMouseDown":false},"runId":"run1"}
{"sessionId":"cf25b3","id":"log_350979256727","timestamp":350979256727,"location":"AuraPlayerController.cpp:Look","message":"Look invoked","data":{"x":0.49000,"y":0.00000,"bRightMouseDown":false,"hypothesisId":"A"},"runId":"run1"}
{"sessionId":"cf25b3","id":"log_350979260191","timestamp":350979260191,"location":"AuraPlayerController.cpp:AbilityInputHeld","message":"Input held","data":{"InputTag":"InputTag.LMB","bRightMouseDown":false},"runId":"run1"}
{"sessionId":"cf25b3","id":"log_350979340362","timestamp":350979340362,"location":"AuraPlayerController.cpp:Look","message":"Look invoked","data":{"x":0.91000,"y":0.00000,"bRightMouseDown":false,"hypothesisId":"A"},"runId":"run1"}
{"sessionId":"cf25b3","id":"log_350979344211","timestamp":350979344211,"location":"AuraPlayerController.cpp:AbilityInputHeld","message":"Input held","data":{"InputTag":"InputTag.LMB","bRightMouseDown":false},"runId":"run1"}
{"sessionId":"cf25b3","id":"log_350979423406","timestamp":350979423406,"location":"AuraPlayerController.cpp:Look","message":"Look invoked","data":{"x":1.12000,"y":0.00000,"bRightMouseDown":false,"hypothesisId":"A"},"runId":"run1"}
{"sessionId":"cf25b3","id":"log_350979427197","timestamp":350979427197,"location":"AuraPlayerController.cpp:AbilityInputHeld","message":"Input held","data":{"InputTag":"InputTag.LMB","bRightMouseDown":false},"runId":"run1"}
{"sessionId":"cf25b3","id":"log_350979506946","timestamp":350979506946,"location":"AuraPlayerController.cpp:Look","message":"Look invoked","data":{"x":0.70000,"y":0.00000,"bRightMouseDown":false,"hypothesisId":"A"},"runId":"run1"}
{"sessionId":"cf25b3","id":"log_350979512143","timestamp":350979512143,"location":"AuraPlayerController.cpp:AbilityInputHeld","message":"Input held","data":{"InputTag":"InputTag.LMB","bRightMouseDown":false},"runId":"run1"}
{"sessionId":"cf25b3","id":"log_350979590233","timestamp":350979590233,"location":"AuraPlayerController.cpp:Look","message":"Look invoked","data":{"x":1.12000,"y":0.00000,"bRightMouseDown":false,"hypothesisId":"A"},"runId":"run1"}
{"sessionId":"cf25b3","id":"log_350979594822","timestamp":350979594822,"location":"AuraPlayerController.cpp:AbilityInputHeld","message":"Input held","data":{"InputTag":"InputTag.LMB","bRightMouseDown":false},"runId":"run1"}
{"sessionId":"cf25b3","id":"log_350979674338","timestamp":350979674338,"location":"AuraPlayerController.cpp:Look","message":"Look invoked","data":{"x":1.47000,"y":0.00000,"bRightMouseDown":false,"hypothesisId":"A"},"runId":"run1"}
{"sessionId":"cf25b3","id":"log_350979678240","timestamp":350979678240,"location":"AuraPlayerController.cpp:AbilityInputHeld","message":"Input held","data":{"InputTag":"InputTag.LMB","bRightMouseDown":false},"runId":"run1"}
{"sessionId":"cf25b3","id":"log_350979756833","timestamp":350979756833,"location":"AuraPlayerController.cpp:Look","message":"Look invoked","data":{"x":0.98000,"y":0.00000,"bRightMouseDown":false,"hypothesisId":"A"},"runId":"run1"}
{"sessionId":"cf25b3","id":"log_350979760624","timestamp":350979760624,"location":"AuraPlayerController.cpp:AbilityInputHeld","message":"Input held","data":{"InputTag":"InputTag.LMB","bRightMouseDown":false},"runId":"run1"}
{"sessionId":"cf25b3","id":"log_350979840433","timestamp":350979840433,"location":"AuraPlayerController.cpp:Look","message":"Look invoked","data":{"x":1.05000,"y":0.00000,"bRightMouseDown":false,"hypothesisId":"A"},"runId":"run1"}
{"sessionId":"cf25b3","id":"log_350979844533","timestamp":350979844533,"location":"AuraPlayerController.cpp:AbilityInputHeld","message":"Input held","data":{"InputTag":"InputTag.LMB","bRightMouseDown":false},"runId":"run1"}
{"sessionId":"cf25b3","id":"log_350979923528","timestamp":350979923528,"location":"AuraPlayerController.cpp:Look","message":"Look invoked","data":{"x":1.54000,"y":0.00000,"bRightMouseDown":false,"hypothesisId":"A"},"runId":"run1"}
{"sessionId":"cf25b3","id":"log_350979927629","timestamp":350979927629,"location":"AuraPlayerController.cpp:AbilityInputHeld","message":"Input held","data":{"InputTag":"InputTag.LMB","bRightMouseDown":false},"runId":"run1"}
{"sessionId":"cf25b3","id":"log_350980006925","timestamp":350980006925,"location":"AuraPlayerController.cpp:Look","message":"Look invoked","data":{"x":0.91000,"y":0.00000,"bRightMouseDown":false,"hypothesisId":"A"},"runId":"run1"}
{"sessionId":"cf25b3","id":"log_350980010566","timestamp":350980010566,"location":"AuraPlayerController.cpp:AbilityInputHeld","message":"Input held","data":{"InputTag":"InputTag.LMB","bRightMouseDown":false},"runId":"run1"}
{"sessionId":"cf25b3","id":"log_350980090414","timestamp":350980090414,"location":"AuraPlayerController.cpp:Look","message":"Look invoked","data":{"x":1.61000,"y":0.00000,"bRightMouseDown":false,"hypothesisId":"A"},"runId":"run1"}
{"sessionId":"cf25b3","id":"log_350980094184","timestamp":350980094184,"location":"AuraPlayerController.cpp:AbilityInputHeld","message":"Input held","data":{"InputTag":"InputTag.LMB","bRightMouseDown":false},"runId":"run1"}
{"sessionId":"cf25b3","id":"log_350980174020","timestamp":350980174020,"location":"AuraPlayerController.cpp:Look","message":"Look invoked","data":{"x":1.26000,"y":0.00000,"bRightMouseDown":false,"hypothesisId":"A"},"runId":"run1"}
{"sessionId":"cf25b3","id":"log_350980177103","timestamp":350980177103,"location":"AuraPlayerController.cpp:AbilityInputHeld","message":"Input held","data":{"InputTag":"InputTag.LMB","bRightMouseDown":false},"runId":"run1"}
{"sessionId":"cf25b3","id":"log_350980256616","timestamp":350980256616,"location":"AuraPlayerController.cpp:Look","message":"Look invoked","data":{"x":0.63000,"y":0.00000,"bRightMouseDown":false,"hypothesisId":"A"},"runId":"run1"}
{"sessionId":"cf25b3","id":"log_350980260807","timestamp":350980260807,"location":"AuraPlayerController.cpp:AbilityInputHeld","message":"Input held","data":{"InputTag":"InputTag.LMB","bRightMouseDown":false},"runId":"run1"}
{"sessionId":"cf25b3","id":"log_350980340179","timestamp":350980340179,"location":"AuraPlayerController.cpp:Look","message":"Look invoked","data":{"x":0.91000,"y":0.00000,"bRightMouseDown":false,"hypothesisId":"A"},"runId":"run1"}
{"sessionId":"cf25b3","id":"log_350980343894","timestamp":350980343894,"location":"AuraPlayerController.cpp:AbilityInputHeld","message":"Input held","data":{"InputTag":"InputTag.LMB","bRightMouseDown":false},"runId":"run1"}
{"sessionId":"cf25b3","id":"log_350980423512","timestamp":350980423512,"location":"AuraPlayerController.cpp:Look","message":"Look invoked","data":{"x":1.05000,"y":0.00000,"bRightMouseDown":false,"hypothesisId":"A"},"runId":"run1"}
{"sessionId":"cf25b3","id":"log_350980426912","timestamp":350980426912,"location":"AuraPlayerController.cpp:AbilityInputHeld","message":"Input held","data":{"InputTag":"InputTag.LMB","bRightMouseDown":false},"runId":"run1"}
{"sessionId":"cf25b3","id":"log_350980506413","timestamp":350980506413,"location":"AuraPlayerController.cpp:Look","message":"Look invoked","data":{"x":0.63000,"y":0.00000,"bRightMouseDown":false,"hypothesisId":"A"},"runId":"run1"}
{"sessionId":"cf25b3","id":"log_350980510507","timestamp":350980510507,"location":"AuraPlayerController.cpp:AbilityInputHeld","message":"Input held","data":{"InputTag":"InputTag.LMB","bRightMouseDown":false},"runId":"run1"}
{"sessionId":"cf25b3","id":"log_350980590434","timestamp":350980590434,"location":"AuraPlayerController.cpp:Look","message":"Look invoked","data":{"x":0.70000,"y":0.00000,"bRightMouseDown":false,"hypothesisId":"A"},"runId":"run1"}
{"sessionId":"cf25b3","id":"log_350980595455","timestamp":350980595455,"location":"AuraPlayerController.cpp:AbilityInputHeld","message":"Input held","data":{"InputTag":"InputTag.LMB","bRightMouseDown":false},"runId":"run1"}
{"sessionId":"cf25b3","id":"log_350980674427","timestamp":350980674427,"location":"AuraPlayerController.cpp:Look","message":"Look invoked","data":{"x":1.05000,"y":0.00000,"bRightMouseDown":false,"hypothesisId":"A"},"runId":"run1"}
{"sessionId":"cf25b3","id":"log_350980677859","timestamp":350980677859,"location":"AuraPlayerController.cpp:AbilityInputHeld","message":"Input held","data":{"InputTag":"InputTag.LMB","bRightMouseDown":false},"runId":"run1"}
{"sessionId":"cf25b3","id":"log_350980762284","timestamp":350980762284,"location":"AuraPlayerController.cpp:Look","message":"Look invoked","data":{"x":0.77000,"y":0.00000,"bRightMouseDown":false,"hypothesisId":"A"},"runId":"run1"}
{"sessionId":"cf25b3","id":"log_350980765861","timestamp":350980765861,"location":"AuraPlayerController.cpp:AbilityInputHeld","message":"Input held","data":{"InputTag":"InputTag.LMB","bRightMouseDown":false},"runId":"run1"}
{"sessionId":"cf25b3","id":"log_350980840956","timestamp":350980840956,"location":"AuraPlayerController.cpp:Look","message":"Look invoked","data":{"x":0.91000,"y":0.00000,"bRightMouseDown":false,"hypothesisId":"A"},"runId":"run1"}
{"sessionId":"cf25b3","id":"log_350980845480","timestamp":350980845480,"location":"AuraPlayerController.cpp:AbilityInputHeld","message":"Input held","data":{"InputTag":"InputTag.LMB","bRightMouseDown":false},"runId":"run1"}
{"sessionId":"cf25b3","id":"log_350980924575","timestamp":350980924575,"location":"AuraPlayerController.cpp:Look","message":"Look invoked","data":{"x":1.33000,"y":0.00000,"bRightMouseDown":false,"hypothesisId":"A"},"runId":"run1"}
{"sessionId":"cf25b3","id":"log_350980928268","timestamp":350980928268,"location":"AuraPlayerController.cpp:AbilityInputHeld","message":"Input held","data":{"InputTag":"InputTag.LMB","bRightMouseDown":false},"runId":"run1"}
{"sessionId":"cf25b3","id":"log_350981007508","timestamp":350981007508,"location":"AuraPlayerController.cpp:Look","message":"Look invoked","data":{"x":0.91000,"y":0.00000,"bRightMouseDown":false,"hypothesisId":"A"},"runId":"run1"}
{"sessionId":"cf25b3","id":"log_350981010296","timestamp":350981010296,"location":"AuraPlayerController.cpp:AbilityInputHeld","message":"Input held","data":{"InputTag":"InputTag.LMB","bRightMouseDown":false},"runId":"run1"}
{"sessionId":"cf25b3","id":"log_350981091007","timestamp":350981091007,"location":"AuraPlayerController.cpp:Look","message":"Look invoked","data":{"x":1.54000,"y":0.00000,"bRightMouseDown":false,"hypothesisId":"A"},"runId":"run1"}
{"sessionId":"cf25b3","id":"log_350981094523","timestamp":350981094523,"location":"AuraPlayerController.cpp:AbilityInputHeld","message":"Input held","data":{"InputTag":"InputTag.LMB","bRightMouseDown":false},"runId":"run1"}
{"sessionId":"cf25b3","id":"log_350981173830","timestamp":350981173830,"location":"AuraPlayerController.cpp:Look","message":"Look invoked","data":{"x":1.75000,"y":0.00000,"bRightMouseDown":false,"hypothesisId":"A"},"runId":"run1"}
{"sessionId":"cf25b3","id":"log_350981178231","timestamp":350981178231,"location":"AuraPlayerController.cpp:AbilityInputHeld","message":"Input held","data":{"InputTag":"InputTag.LMB","bRightMouseDown":false},"runId":"run1"}
{"sessionId":"cf25b3","id":"log_350981270786","timestamp":350981270786,"location":"AuraPlayerController.cpp:Look","message":"Look invoked","data":{"x":1.54000,"y":0.00000,"bRightMouseDown":false,"hypothesisId":"A"},"runId":"run1"}
{"sessionId":"cf25b3","id":"log_350981274831","timestamp":350981274831,"location":"AuraPlayerController.cpp:AbilityInputHeld","message":"Input held","data":{"InputTag":"InputTag.LMB","bRightMouseDown":false},"runId":"run1"}
{"sessionId":"cf25b3","id":"log_350981340047","timestamp":350981340047,"location":"AuraPlayerController.cpp:Look","message":"Look invoked","data":{"x":0.91000,"y":0.00000,"bRightMouseDown":false,"hypothesisId":"A"},"runId":"run1"}
{"sessionId":"cf25b3","id":"log_350981344107","timestamp":350981344107,"location":"AuraPlayerController.cpp:AbilityInputHeld","message":"Input held","data":{"InputTag":"InputTag.LMB","bRightMouseDown":false},"runId":"run1"}
{"sessionId":"cf25b3","id":"log_350981426050","timestamp":350981426050,"location":"AuraPlayerController.cpp:Look","message":"Look invoked","data":{"x":1.54000,"y":0.00000,"bRightMouseDown":false,"hypothesisId":"A"},"runId":"run1"}
{"sessionId":"cf25b3","id":"log_350981429272","timestamp":350981429272,"location":"AuraPlayerController.cpp:AbilityInputHeld","message":"Input held","data":{"InputTag":"InputTag.LMB","bRightMouseDown":false},"runId":"run1"}
{"sessionId":"cf25b3","id":"log_350981506838","timestamp":350981506838,"location":"AuraPlayerController.cpp:Look","message":"Look invoked","data":{"x":0.77000,"y":0.00000,"bRightMouseDown":false,"hypothesisId":"A"},"runId":"run1"}
{"sessionId":"cf25b3","id":"log_350981510442","timestamp":350981510442,"location":"AuraPlayerController.cpp:AbilityInputHeld","message":"Input held","data":{"InputTag":"InputTag.LMB","bRightMouseDown":false},"runId":"run1"}
{"sessionId":"cf25b3","id":"log_350981590631","timestamp":350981590631,"location":"AuraPlayerController.cpp:Look","message":"Look invoked","data":{"x":-1.19000,"y":0.00000,"bRightMouseDown":false,"hypothesisId":"A"},"runId":"run1"}
{"sessionId":"cf25b3","id":"log_350981595271","timestamp":350981595271,"location":"AuraPlayerController.cpp:AbilityInputHeld","message":"Input held","data":{"InputTag":"InputTag.LMB","bRightMouseDown":false},"runId":"run1"}
{"sessionId":"cf25b3","id":"log_350981673647","timestamp":350981673647,"location":"AuraPlayerController.cpp:Look","message":"Look invoked","data":{"x":-1.61000,"y":0.00000,"bRightMouseDown":false,"hypothesisId":"A"},"runId":"run1"}
{"sessionId":"cf25b3","id":"log_350981677665","timestamp":350981677665,"location":"AuraPlayerController.cpp:AbilityInputHeld","message":"Input held","data":{"InputTag":"InputTag.LMB","bRightMouseDown":false},"runId":"run1"}
{"sessionId":"cf25b3","id":"log_350981756896","timestamp":350981756896,"location":"AuraPlayerController.cpp:Look","message":"Look invoked","data":{"x":-0.91000,"y":0.00000,"bRightMouseDown":false,"hypothesisId":"A"},"runId":"run1"}
{"sessionId":"cf25b3","id":"log_350981760587","timestamp":350981760587,"location":"AuraPlayerController.cpp:AbilityInputHeld","message":"Input held","data":{"InputTag":"InputTag.LMB","bRightMouseDown":false},"runId":"run1"}
{"sessionId":"cf25b3","id":"log_350981840268","timestamp":350981840268,"location":"AuraPlayerController.cpp:Look","message":"Look invoked","data":{"x":-1.19000,"y":0.00000,"bRightMouseDown":false,"hypothesisId":"A"},"runId":"run1"}
{"sessionId":"cf25b3","id":"log_350981844597","timestamp":350981844597,"location":"AuraPlayerController.cpp:AbilityInputHeld","message":"Input held","data":{"InputTag":"InputTag.LMB","bRightMouseDown":false},"runId":"run1"}
{"sessionId":"cf25b3","id":"log_350981923498","timestamp":350981923498,"location":"AuraPlayerController.cpp:Look","message":"Look invoked","data":{"x":-1.61000,"y":0.00000,"bRightMouseDown":false,"hypothesisId":"A"},"runId":"run1"}
{"sessionId":"cf25b3","id":"log_350981928111","timestamp":350981928111,"location":"AuraPlayerController.cpp:AbilityInputHeld","message":"Input held","data":{"InputTag":"InputTag.LMB","bRightMouseDown":false},"runId":"run1"}
{"sessionId":"cf25b3","id":"log_350982006593","timestamp":350982006593,"location":"AuraPlayerController.cpp:Look","message":"Look invoked","data":{"x":-0.84000,"y":0.00000,"bRightMouseDown":false,"hypothesisId":"A"},"runId":"run1"}
{"sessionId":"cf25b3","id":"log_350982010036","timestamp":350982010036,"location":"AuraPlayerController.cpp:AbilityInputHeld","message":"Input held","data":{"InputTag":"InputTag.LMB","bRightMouseDown":false},"runId":"run1"}
{"sessionId":"cf25b3","id":"log_350982090486","timestamp":350982090486,"location":"AuraPlayerController.cpp:Look","message":"Look invoked","data":{"x":-0.42000,"y":0.00000,"bRightMouseDown":false,"hypothesisId":"A"},"runId":"run1"}
{"sessionId":"cf25b3","id":"log_350982094506","timestamp":350982094506,"location":"AuraPlayerController.cpp:AbilityInputHeld","message":"Input held","data":{"InputTag":"InputTag.LMB","bRightMouseDown":false},"runId":"run1"}
{"sessionId":"cf25b3","id":"log_350982174155","timestamp":350982174155,"location":"AuraPlayerController.cpp:Look","message":"Look invoked","data":{"x":-1.96000,"y":0.00000,"bRightMouseDown":false,"hypothesisId":"A"},"runId":"run1"}
{"sessionId":"cf25b3","id":"log_350982178179","timestamp":350982178179,"location":"AuraPlayerController.cpp:AbilityInputHeld","message":"Input held","data":{"InputTag":"InputTag.LMB","bRightMouseDown":false},"runId":"run1"}
{"sessionId":"cf25b3","id":"log_350982258782","timestamp":350982258782,"location":"AuraPlayerController.cpp:Look","message":"Look invoked","data":{"x":-0.91000,"y":0.00000,"bRightMouseDown":false,"hypothesisId":"A"},"runId":"run1"}
{"sessionId":"cf25b3","id":"log_350982262849","timestamp":350982262849,"location":"AuraPlayerController.cpp:AbilityInputHeld","message":"Input held","data":{"InputTag":"InputTag.LMB","bRightMouseDown":false},"runId":"run1"}
{"sessionId":"cf25b3","id":"log_350982341575","timestamp":350982341575,"location":"AuraPlayerController.cpp:Look","message":"Look invoked","data":{"x":-0.91000,"y":0.00000,"bRightMouseDown":false,"hypothesisId":"A"},"runId":"run1"}
{"sessionId":"cf25b3","id":"log_350982345460","timestamp":350982345460,"location":"AuraPlayerController.cpp:AbilityInputHeld","message":"Input held","data":{"InputTag":"InputTag.LMB","bRightMouseDown":false},"runId":"run1"}
{"sessionId":"cf25b3","id":"log_350982423216","timestamp":350982423216,"location":"AuraPlayerController.cpp:Look","message":"Look invoked","data":{"x":-1.33000,"y":0.00000,"bRightMouseDown":false,"hypothesisId":"A"},"runId":"run1"}
{"sessionId":"cf25b3","id":"log_350982426811","timestamp":350982426811,"location":"AuraPlayerController.cpp:AbilityInputHeld","message":"Input held","data":{"InputTag":"InputTag.LMB","bRightMouseDown":false},"runId":"run1"}
{"sessionId":"cf25b3","id":"log_350982506824","timestamp":350982506824,"location":"AuraPlayerController.cpp:Look","message":"Look invoked","data":{"x":-0.84000,"y":0.00000,"bRightMouseDown":false,"hypothesisId":"A"},"runId":"run1"}
{"sessionId":"cf25b3","id":"log_350982510599","timestamp":350982510599,"location":"AuraPlayerController.cpp:AbilityInputHeld","message":"Input held","data":{"InputTag":"InputTag.LMB","bRightMouseDown":false},"runId":"run1"}
{"sessionId":"cf25b3","id":"log_350982590230","timestamp":350982590230,"location":"AuraPlayerController.cpp:Look","message":"Look invoked","data":{"x":-0.98000,"y":0.00000,"bRightMouseDown":false,"hypothesisId":"A"},"runId":"run1"}
{"sessionId":"cf25b3","id":"log_350982594787","timestamp":350982594787,"location":"AuraPlayerController.cpp:AbilityInputHeld","message":"Input held","data":{"InputTag":"InputTag.LMB","bRightMouseDown":false},"runId":"run1"}
{"sessionId":"cf25b3","id":"log_350982673732","timestamp":350982673732,"location":"AuraPlayerController.cpp:Look","message":"Look invoked","data":{"x":-1.26000,"y":0.00000,"bRightMouseDown":false,"hypothesisId":"A"},"runId":"run1"}
{"sessionId":"cf25b3","id":"log_350982677505","timestamp":350982677505,"location":"AuraPlayerController.cpp:AbilityInputHeld","message":"Input held","data":{"InputTag":"InputTag.LMB","bRightMouseDown":false},"runId":"run1"}
{"sessionId":"cf25b3","id":"log_350982756712","timestamp":350982756712,"location":"AuraPlayerController.cpp:Look","message":"Look invoked","data":{"x":-0.70000,"y":0.00000,"bRightMouseDown":false,"hypothesisId":"A"},"runId":"run1"}
{"sessionId":"cf25b3","id":"log_350982760107","timestamp":350982760107,"location":"AuraPlayerController.cpp:AbilityInputHeld","message":"Input held","data":{"InputTag":"InputTag.LMB","bRightMouseDown":false},"runId":"run1"}
{"sessionId":"cf25b3","id":"log_350982839973","timestamp":350982839973,"location":"AuraPlayerController.cpp:Look","message":"Look invoked","data":{"x":-0.63000,"y":0.00000,"bRightMouseDown":false,"hypothesisId":"A"},"runId":"run1"}
{"sessionId":"cf25b3","id":"log_350982843945","timestamp":350982843945,"location":"AuraPlayerController.cpp:AbilityInputHeld","message":"Input held","data":{"InputTag":"InputTag.LMB","bRightMouseDown":false},"runId":"run1"}
{"sessionId":"cf25b3","id":"log_350982923347","timestamp":350982923347,"location":"AuraPlayerController.cpp:Look","message":"Look invoked","data":{"x":-1.26000,"y":0.00000,"bRightMouseDown":false,"hypothesisId":"A"},"runId":"run1"}
{"sessionId":"cf25b3","id":"log_350982927187","timestamp":350982927187,"location":"AuraPlayerController.cpp:AbilityInputHeld","message":"Input held","data":{"InputTag":"InputTag.LMB","bRightMouseDown":false},"runId":"run1"}
{"sessionId":"cf25b3","id":"log_350983007024","timestamp":350983007024,"location":"AuraPlayerController.cpp:Look","message":"Look invoked","data":{"x":-0.98000,"y":0.00000,"bRightMouseDown":false,"hypothesisId":"A"},"runId":"run1"}
{"sessionId":"cf25b3","id":"log_350983010355","timestamp":350983010355,"location":"AuraPlayerController.cpp:AbilityInputHeld","message":"Input held","data":{"InputTag":"InputTag.LMB","bRightMouseDown":false},"runId":"run1"}
{"sessionId":"cf25b3","id":"log_350983092543","timestamp":350983092543,"location":"AuraPlayerController.cpp:Look","message":"Look invoked","data":{"x":-0.63000,"y":0.00000,"bRightMouseDown":false,"hypothesisId":"A"},"runId":"run1"}
{"sessionId":"cf25b3","id":"log_350983096227","timestamp":350983096227,"location":"AuraPlayerController.cpp:AbilityInputHeld","message":"Input held","data":{"InputTag":"InputTag.LMB","bRightMouseDown":false},"runId":"run1"}
{"sessionId":"cf25b3","id":"log_350983174221","timestamp":350983174221,"location":"AuraPlayerController.cpp:Look","message":"Look invoked","data":{"x":-1.82000,"y":0.00000,"bRightMouseDown":false,"hypothesisId":"A"},"runId":"run1"}
{"sessionId":"cf25b3","id":"log_350983178192","timestamp":350983178192,"location":"AuraPlayerController.cpp:AbilityInputHeld","message":"Input held","data":{"InputTag":"InputTag.LMB","bRightMouseDown":false},"runId":"run1"}
{"sessionId":"cf25b3","id":"log_350983257916","timestamp":350983257916,"location":"AuraPlayerController.cpp:Look","message":"Look invoked","data":{"x":-1.05000,"y":0.00000,"bRightMouseDown":false,"hypothesisId":"A"},"runId":"run1"}
{"sessionId":"cf25b3","id":"log_350983261098","timestamp":350983261098,"location":"AuraPlayerController.cpp:AbilityInputHeld","message":"Input held","data":{"InputTag":"InputTag.LMB","bRightMouseDown":false},"runId":"run1"}
{"sessionId":"cf25b3","id":"log_350983341368","timestamp":350983341368,"location":"AuraPlayerController.cpp:Look","message":"Look invoked","data":{"x":-0.98000,"y":0.00000,"bRightMouseDown":false,"hypothesisId":"A"},"runId":"run1"}
{"sessionId":"cf25b3","id":"log_350983345496","timestamp":350983345496,"location":"AuraPlayerController.cpp:AbilityInputHeld","message":"Input held","data":{"InputTag":"InputTag.LMB","bRightMouseDown":false},"runId":"run1"}
{"sessionId":"cf25b3","id":"log_350983427538","timestamp":350983427538,"location":"AuraPlayerController.cpp:Look","message":"Look invoked","data":{"x":-1.54000,"y":0.00000,"bRightMouseDown":false,"hypothesisId":"A"},"runId":"run1"}
{"sessionId":"cf25b3","id":"log_350983431308","timestamp":350983431308,"location":"AuraPlayerController.cpp:AbilityInputHeld","message":"Input held","data":{"InputTag":"InputTag.LMB","bRightMouseDown":false},"runId":"run1"}
{"sessionId":"cf25b3","id":"log_350983511290","timestamp":350983511290,"location":"AuraPlayerController.cpp:Look","message":"Look invoked","data":{"x":-0.56000,"y":0.00000,"bRightMouseDown":false,"hypothesisId":"A"},"runId":"run1"}
{"sessionId":"cf25b3","id":"log_350983515004","timestamp":350983515004,"location":"AuraPlayerController.cpp:AbilityInputHeld","message":"Input held","data":{"InputTag":"InputTag.LMB","bRightMouseDown":false},"runId":"run1"}
{"sessionId":"cf25b3","id":"log_350983592385","timestamp":350983592385,"location":"AuraPlayerController.cpp:Look","message":"Look invoked","data":{"x":-0.84000,"y":0.00000,"bRightMouseDown":false,"hypothesisId":"A"},"runId":"run1"}
{"sessionId":"cf25b3","id":"log_350983596373","timestamp":350983596373,"location":"AuraPlayerController.cpp:AbilityInputHeld","message":"Input held","data":{"InputTag":"InputTag.LMB","bRightMouseDown":false},"runId":"run1"}
{"sessionId":"cf25b3","id":"log_350983676827","timestamp":350983676827,"location":"AuraPlayerController.cpp:Look","message":"Look invoked","data":{"x":-1.54000,"y":0.00000,"bRightMouseDown":false,"hypothesisId":"A"},"runId":"run1"}
{"sessionId":"cf25b3","id":"log_350983680732","timestamp":350983680732,"location":"AuraPlayerController.cpp:AbilityInputHeld","message":"Input held","data":{"InputTag":"InputTag.LMB","bRightMouseDown":false},"runId":"run1"}
{"sessionId":"cf25b3","id":"log_350983758136","timestamp":350983758136,"location":"AuraPlayerController.cpp:Look","message":"Look invoked","data":{"x":-0.98000,"y":0.00000,"bRightMouseDown":false,"hypothesisId":"A"},"runId":"run1"}
{"sessionId":"cf25b3","id":"log_350983762391","timestamp":350983762391,"location":"AuraPlayerController.cpp:AbilityInputHeld","message":"Input held","data":{"InputTag":"InputTag.LMB","bRightMouseDown":false},"runId":"run1"}
{"sessionId":"cf25b3","id":"log_350983842007","timestamp":350983842007,"location":"AuraPlayerController.cpp:Look","message":"Look invoked","data":{"x":-0.98000,"y":0.00000,"bRightMouseDown":false,"hypothesisId":"A"},"runId":"run1"}
{"sessionId":"cf25b3","id":"log_350983847089","timestamp":350983847089,"location":"AuraPlayerController.cpp:AbilityInputHeld","message":"Input held","data":{"InputTag":"InputTag.LMB","bRightMouseDown":false},"runId":"run1"}
{"sessionId":"cf25b3","id":"log_350983924124","timestamp":350983924124,"location":"AuraPlayerController.cpp:Look","message":"Look invoked","data":{"x":-1.33000,"y":0.00000,"bRightMouseDown":false,"hypothesisId":"A"},"runId":"run1"}
{"sessionId":"cf25b3","id":"log_350983928575","timestamp":350983928575,"location":"AuraPlayerController.cpp:AbilityInputHeld","message":"Input held","data":{"InputTag":"InputTag.LMB","bRightMouseDown":false},"runId":"run1"}
{"sessionId":"cf25b3","id":"log_350984007531","timestamp":350984007531,"location":"AuraPlayerController.cpp:Look","message":"Look invoked","data":{"x":0.84000,"y":0.00000,"bRightMouseDown":false,"hypothesisId":"A"},"runId":"run1"}
{"sessionId":"cf25b3","id":"log_350984011877","timestamp":350984011877,"location":"AuraPlayerController.cpp:AbilityInputHeld","message":"Input held","data":{"InputTag":"InputTag.LMB","bRightMouseDown":false},"runId":"run1"}
{"sessionId":"cf25b3","id":"log_350984090737","timestamp":350984090737,"location":"AuraPlayerController.cpp:Look","message":"Look invoked","data":{"x":0.98000,"y":0.00000,"bRightMouseDown":false,"hypothesisId":"A"},"runId":"run1"}
{"sessionId":"cf25b3","id":"log_350984094425","timestamp":350984094425,"location":"AuraPlayerController.cpp:AbilityInputHeld","message":"Input held","data":{"InputTag":"InputTag.LMB","bRightMouseDown":false},"runId":"run1"}
{"sessionId":"cf25b3","id":"log_350984174063","timestamp":350984174063,"location":"AuraPlayerController.cpp:Look","message":"Look invoked","data":{"x":1.47000,"y":0.00000,"bRightMouseDown":false,"hypothesisId":"A"},"runId":"run1"}
{"sessionId":"cf25b3","id":"log_350984178672","timestamp":350984178672,"location":"AuraPlayerController.cpp:AbilityInputHeld","message":"Input held","data":{"InputTag":"InputTag.LMB","bRightMouseDown":false},"runId":"run1"}
{"sessionId":"cf25b3","id":"log_350984258094","timestamp":350984258094,"location":"AuraPlayerController.cpp:Look","message":"Look invoked","data":{"x":0.49000,"y":0.00000,"bRightMouseDown":false,"hypothesisId":"A"},"runId":"run1"}
{"sessionId":"cf25b3","id":"log_350984262360","timestamp":350984262360,"location":"AuraPlayerController.cpp:AbilityInputHeld","message":"Input held","data":{"InputTag":"InputTag.LMB","bRightMouseDown":false},"runId":"run1"}
{"sessionId":"cf25b3","id":"log_350984340872","timestamp":350984340872,"location":"AuraPlayerController.cpp:Look","message":"Look invoked","data":{"x":0.63000,"y":0.00000,"bRightMouseDown":false,"hypothesisId":"A"},"runId":"run1"}
{"sessionId":"cf25b3","id":"log_350984345186","timestamp":350984345186,"location":"AuraPlayerController.cpp:AbilityInputHeld","message":"Input held","data":{"InputTag":"InputTag.LMB","bRightMouseDown":false},"runId":"run1"}
{"sessionId":"cf25b3","id":"log_350984423958","timestamp":350984423958,"location":"AuraPlayerController.cpp:Look","message":"Look invoked","data":{"x":1.12000,"y":0.00000,"bRightMouseDown":false,"hypothesisId":"A"},"runId":"run1"}
{"sessionId":"cf25b3","id":"log_350984428904","timestamp":350984428904,"location":"AuraPlayerController.cpp:AbilityInputHeld","message":"Input held","data":{"InputTag":"InputTag.LMB","bRightMouseDown":false},"runId":"run1"}
{"sessionId":"cf25b3","id":"log_350984507440","timestamp":350984507440,"location":"AuraPlayerController.cpp:Look","message":"Look invoked","data":{"x":0.49000,"y":0.00000,"bRightMouseDown":false,"hypothesisId":"A"},"runId":"run1"}
{"sessionId":"cf25b3","id":"log_350984511142","timestamp":350984511142,"location":"AuraPlayerController.cpp:AbilityInputHeld","message":"Input held","data":{"InputTag":"InputTag.LMB","bRightMouseDown":false},"runId":"run1"}
{"sessionId":"cf25b3","id":"log_350984591063","timestamp":350984591063,"location":"AuraPlayerController.cpp:Look","message":"Look invoked","data":{"x":0.56000,"y":0.00000,"bRightMouseDown":false,"hypothesisId":"A"},"runId":"run1"}
{"sessionId":"cf25b3","id":"log_350984596017","timestamp":350984596017,"location":"AuraPlayerController.cpp:AbilityInputHeld","message":"Input held","data":{"InputTag":"InputTag.LMB","bRightMouseDown":false},"runId":"run1"}
{"sessionId":"cf25b3","id":"log_350984675525","timestamp":350984675525,"location":"AuraPlayerController.cpp:Look","message":"Look invoked","data":{"x":0.91000,"y":0.00000,"bRightMouseDown":false,"hypothesisId":"A"},"runId":"run1"}
{"sessionId":"cf25b3","id":"log_350984679113","timestamp":350984679113,"location":"AuraPlayerController.cpp:AbilityInputHeld","message":"Input held","data":{"InputTag":"InputTag.LMB","bRightMouseDown":false},"runId":"run1"}
{"sessionId":"cf25b3","id":"log_350984757198","timestamp":350984757198,"location":"AuraPlayerController.cpp:Look","message":"Look invoked","data":{"x":0.63000,"y":0.00000,"bRightMouseDown":false,"hypothesisId":"A"},"runId":"run1"}
{"sessionId":"cf25b3","id":"log_350984760922","timestamp":350984760922,"location":"AuraPlayerController.cpp:AbilityInputHeld","message":"Input held","data":{"InputTag":"InputTag.LMB","bRightMouseDown":false},"runId":"run1"}
{"sessionId":"cf25b3","id":"log_350984840899","timestamp":350984840899,"location":"AuraPlayerController.cpp:Look","message":"Look invoked","data":{"x":0.84000,"y":0.00000,"bRightMouseDown":false,"hypothesisId":"A"},"runId":"run1"}
{"sessionId":"cf25b3","id":"log_350984844600","timestamp":350984844600,"location":"AuraPlayerController.cpp:AbilityInputHeld","message":"Input held","data":{"InputTag":"InputTag.LMB","bRightMouseDown":false},"runId":"run1"}
{"sessionId":"cf25b3","id":"log_350984924790","timestamp":350984924790,"location":"AuraPlayerController.cpp:Look","message":"Look invoked","data":{"x":1.05000,"y":0.00000,"bRightMouseDown":false,"hypothesisId":"A"},"runId":"run1"}
{"sessionId":"cf25b3","id":"log_350984928603","timestamp":350984928603,"location":"AuraPlayerController.cpp:AbilityInputHeld","message":"Input held","data":{"InputTag":"InputTag.LMB","bRightMouseDown":false},"runId":"run1"}
{"sessionId":"cf25b3","id":"log_350985009463","timestamp":350985009463,"location":"AuraPlayerController.cpp:Look","message":"Look invoked","data":{"x":0.84000,"y":0.00000,"bRightMouseDown":false,"hypothesisId":"A"},"runId":"run1"}
{"sessionId":"cf25b3","id":"log_350985013589","timestamp":350985013589,"location":"AuraPlayerController.cpp:AbilityInputHeld","message":"Input held","data":{"InputTag":"InputTag.LMB","bRightMouseDown":false},"runId":"run1"}
{"sessionId":"cf25b3","id":"log_350985090616","timestamp":350985090616,"location":"AuraPlayerController.cpp:Look","message":"Look invoked","data":{"x":0.63000,"y":0.00000,"bRightMouseDown":false,"hypothesisId":"A"},"runId":"run1"}
{"sessionId":"cf25b3","id":"log_350985094946","timestamp":350985094946,"location":"AuraPlayerController.cpp:AbilityInputHeld","message":"Input held","data":{"InputTag":"InputTag.LMB","bRightMouseDown":false},"runId":"run1"}
{"sessionId":"cf25b3","id":"log_350985174539","timestamp":350985174539,"location":"AuraPlayerController.cpp:Look","message":"Look invoked","data":{"x":0.49000,"y":0.00000,"bRightMouseDown":false,"hypothesisId":"A"},"runId":"run1"}
{"sessionId":"cf25b3","id":"log_350985178181","timestamp":350985178181,"location":"AuraPlayerController.cpp:AbilityInputHeld","message":"Input held","data":{"InputTag":"InputTag.LMB","bRightMouseDown":false},"runId":"run1"}
{"sessionId":"cf25b3","id":"log_350985257743","timestamp":350985257743,"location":"AuraPlayerController.cpp:Look","message":"Look invoked","data":{"x":0.49000,"y":0.00000,"bRightMouseDown":false,"hypothesisId":"A"},"runId":"run1"}
{"sessionId":"cf25b3","id":"log_350985261230","timestamp":350985261230,"location":"AuraPlayerController.cpp:AbilityInputHeld","message":"Input held","data":{"InputTag":"InputTag.LMB","bRightMouseDown":false},"runId":"run1"}
{"sessionId":"cf25b3","id":"log_350985340802","timestamp":350985340802,"location":"AuraPlayerController.cpp:Look","message":"Look invoked","data":{"x":0.56000,"y":0.00000,"bRightMouseDown":false,"hypothesisId":"A"},"runId":"run1"}
{"sessionId":"cf25b3","id":"log_350985345208","timestamp":350985345208,"location":"AuraPlayerController.cpp:AbilityInputHeld","message":"Input held","data":{"InputTag":"InputTag.LMB","bRightMouseDown":false},"runId":"run1"}
{"sessionId":"cf25b3","id":"log_350985424202","timestamp":350985424202,"location":"AuraPlayerController.cpp:Look","message":"Look invoked","data":{"x":0.56000,"y":0.00000,"bRightMouseDown":false,"hypothesisId":"A"},"runId":"run1"}
{"sessionId":"cf25b3","id":"log_350985427489","timestamp":350985427489,"location":"AuraPlayerController.cpp:AbilityInputHeld","message":"Input held","data":{"InputTag":"InputTag.LMB","bRightMouseDown":false},"runId":"run1"}
{"sessionId":"cf25b3","id":"log_350985507058","timestamp":350985507058,"location":"AuraPlayerController.cpp:Look","message":"Look invoked","data":{"x":0.35000,"y":0.00000,"bRightMouseDown":false,"hypothesisId":"A"},"runId":"run1"}
{"sessionId":"cf25b3","id":"log_350985510696","timestamp":350985510696,"location":"AuraPlayerController.cpp:AbilityInputHeld","message":"Input held","data":{"InputTag":"InputTag.LMB","bRightMouseDown":false},"runId":"run1"}
{"sessionId":"cf25b3","id":"log_350985590994","timestamp":350985590994,"location":"AuraPlayerController.cpp:Look","message":"Look invoked","data":{"x":0.42000,"y":0.00000,"bRightMouseDown":false,"hypothesisId":"A"},"runId":"run1"}
{"sessionId":"cf25b3","id":"log_350985594851","timestamp":350985594851,"location":"AuraPlayerController.cpp:AbilityInputHeld","message":"Input held","data":{"InputTag":"InputTag.LMB","bRightMouseDown":false},"runId":"run1"}
{"sessionId":"cf25b3","id":"log_350985674030","timestamp":350985674030,"location":"AuraPlayerController.cpp:Look","message":"Look invoked","data":{"x":0.56000,"y":0.00000,"bRightMouseDown":false,"hypothesisId":"A"},"runId":"run1"}
{"sessionId":"cf25b3","id":"log_350985678494","timestamp":350985678494,"location":"AuraPlayerController.cpp:AbilityInputHeld","message":"Input held","data":{"InputTag":"InputTag.LMB","bRightMouseDown":false},"runId":"run1"}
{"sessionId":"cf25b3","id":"log_350985757509","timestamp":350985757509,"location":"AuraPlayerController.cpp:Look","message":"Look invoked","data":{"x":0.28000,"y":0.00000,"bRightMouseDown":false,"hypothesisId":"A"},"runId":"run1"}
{"sessionId":"cf25b3","id":"log_350985763910","timestamp":350985763910,"location":"AuraPlayerController.cpp:AbilityInputHeld","message":"Input held","data":{"InputTag":"InputTag.LMB","bRightMouseDown":false},"runId":"run1"}
{"sessionId":"cf25b3","id":"log_350985840470","timestamp":350985840470,"location":"AuraPlayerController.cpp:Look","message":"Look invoked","data":{"x":0.35000,"y":0.00000,"bRightMouseDown":false,"hypothesisId":"A"},"runId":"run1"}
{"sessionId":"cf25b3","id":"log_350985844616","timestamp":350985844616,"location":"AuraPlayerController.cpp:AbilityInputHeld","message":"Input held","data":{"InputTag":"InputTag.LMB","bRightMouseDown":false},"runId":"run1"}
{"sessionId":"cf25b3","id":"log_350985926746","timestamp":350985926746,"location":"AuraPlayerController.cpp:Look","message":"Look invoked","data":{"x":0.63000,"y":0.00000,"bRightMouseDown":false,"hypothesisId":"A"},"runId":"run1"}
{"sessionId":"cf25b3","id":"log_350985930248","timestamp":350985930248,"location":"AuraPlayerController.cpp:AbilityInputHeld","message":"Input held","data":{"InputTag":"InputTag.LMB","bRightMouseDown":false},"runId":"run1"}
{"sessionId":"cf25b3","id":"log_350986007667","timestamp":350986007667,"location":"AuraPlayerController.cpp:Look","message":"Look invoked","data":{"x":0.35000,"y":0.00000,"bRightMouseDown":false,"hypothesisId":"A"},"runId":"run1"}
{"sessionId":"cf25b3","id":"log_350986011445","timestamp":350986011445,"location":"AuraPlayerController.cpp:AbilityInputHeld","message":"Input held","data":{"InputTag":"InputTag.LMB","bRightMouseDown":false},"runId":"run1"}
{"sessionId":"cf25b3","id":"log_350986092127","timestamp":350986092127,"location":"AuraPlayerController.cpp:Look","message":"Look invoked","data":{"x":0.56000,"y":0.00000,"bRightMouseDown":false,"hypothesisId":"A"},"runId":"run1"}
{"sessionId":"cf25b3","id":"log_350986101017","timestamp":350986101017,"location":"AuraPlayerController.cpp:AbilityInputHeld","message":"Input held","data":{"InputTag":"InputTag.LMB","bRightMouseDown":false},"runId":"run1"}
{"sessionId":"cf25b3","id":"log_350986174643","timestamp":350986174643,"location":"AuraPlayerController.cpp:Look","message":"Look invoked","data":{"x":0.42000,"y":0.00000,"bRightMouseDown":false,"hypothesisId":"A"},"runId":"run1"}
{"sessionId":"cf25b3","id":"log_350986178513","timestamp":350986178513,"location":"AuraPlayerController.cpp:AbilityInputHeld","message":"Input held","data":{"InputTag":"InputTag.LMB","bRightMouseDown":false},"runId":"run1"}
{"sessionId":"cf25b3","id":"log_350986258475","timestamp":350986258475,"location":"AuraPlayerController.cpp:Look","message":"Look invoked","data":{"x":0.70000,"y":0.00000,"bRightMouseDown":false,"hypothesisId":"A"},"runId":"run1"}
{"sessionId":"cf25b3","id":"log_350986262022","timestamp":350986262022,"location":"AuraPlayerController.cpp:AbilityInputHeld","message":"Input held","data":{"InputTag":"InputTag.LMB","bRightMouseDown":false},"runId":"run1"}
{"sessionId":"cf25b3","id":"log_350986340757","timestamp":350986340757,"location":"AuraPlayerController.cpp:Look","message":"Look invoked","data":{"x":0.91000,"y":0.00000,"bRightMouseDown":false,"hypothesisId":"A"},"runId":"run1"}
{"sessionId":"cf25b3","id":"log_350986344541","timestamp":350986344541,"location":"AuraPlayerController.cpp:AbilityInputHeld","message":"Input held","data":{"InputTag":"InputTag.LMB","bRightMouseDown":false},"runId":"run1"}
{"sessionId":"cf25b3","id":"log_350986424253","timestamp":350986424253,"location":"AuraPlayerController.cpp:Look","message":"Look invoked","data":{"x":1.47000,"y":0.00000,"bRightMouseDown":false,"hypothesisId":"A"},"runId":"run1"}
{"sessionId":"cf25b3","id":"log_350986427158","timestamp":350986427158,"location":"AuraPlayerController.cpp:AbilityInputHeld","message":"Input held","data":{"InputTag":"InputTag.LMB","bRightMouseDown":false},"runId":"run1"}
{"sessionId":"cf25b3","id":"log_350986507065","timestamp":350986507065,"location":"AuraPlayerController.cpp:Look","message":"Look invoked","data":{"x":0.91000,"y":0.00000,"bRightMouseDown":false,"hypothesisId":"A"},"runId":"run1"}
{"sessionId":"cf25b3","id":"log_350986510777","timestamp":350986510777,"location":"AuraPlayerController.cpp:AbilityInputHeld","message":"Input held","data":{"InputTag":"InputTag.LMB","bRightMouseDown":false},"runId":"run1"}
{"sessionId":"cf25b3","id":"log_350986590713","timestamp":350986590713,"location":"AuraPlayerController.cpp:Look","message":"Look invoked","data":{"x":1.05000,"y":0.00000,"bRightMouseDown":false,"hypothesisId":"A"},"runId":"run1"}
{"sessionId":"cf25b3","id":"log_350986594843","timestamp":350986594843,"location":"AuraPlayerController.cpp:AbilityInputHeld","message":"Input held","data":{"InputTag":"InputTag.LMB","bRightMouseDown":false},"runId":"run1"}
{"sessionId":"cf25b3","id":"log_350986674491","timestamp":350986674491,"location":"AuraPlayerController.cpp:Look","message":"Look invoked","data":{"x":1.47000,"y":0.00000,"bRightMouseDown":false,"hypothesisId":"A"},"runId":"run1"}
{"sessionId":"cf25b3","id":"log_350986679023","timestamp":350986679023,"location":"AuraPlayerController.cpp:AbilityInputHeld","message":"Input held","data":{"InputTag":"InputTag.LMB","bRightMouseDown":false},"runId":"run1"}
{"sessionId":"cf25b3","id":"log_350986757636","timestamp":350986757636,"location":"AuraPlayerController.cpp:Look","message":"Look invoked","data":{"x":0.77000,"y":0.00000,"bRightMouseDown":false,"hypothesisId":"A"},"runId":"run1"}
{"sessionId":"cf25b3","id":"log_350986761766","timestamp":350986761766,"location":"AuraPlayerController.cpp:AbilityInputHeld","message":"Input held","data":{"InputTag":"InputTag.LMB","bRightMouseDown":false},"runId":"run1"}
{"sessionId":"cf25b3","id":"log_350986840565","timestamp":350986840565,"location":"AuraPlayerController.cpp:Look","message":"Look invoked","data":{"x":0.84000,"y":0.00000,"bRightMouseDown":false,"hypothesisId":"A"},"runId":"run1"}
{"sessionId":"cf25b3","id":"log_350986845479","timestamp":350986845479,"location":"AuraPlayerController.cpp:AbilityInputHeld","message":"Input held","data":{"InputTag":"InputTag.LMB","bRightMouseDown":false},"runId":"run1"}
{"sessionId":"cf25b3","id":"log_350986931661","timestamp":350986931661,"location":"AuraPlayerController.cpp:Look","message":"Look invoked","data":{"x":1.05000,"y":0.00000,"bRightMouseDown":false,"hypothesisId":"A"},"runId":"run1"}
{"sessionId":"cf25b3","id":"log_350986934943","timestamp":350986934943,"location":"AuraPlayerController.cpp:AbilityInputHeld","message":"Input held","data":{"InputTag":"InputTag.LMB","bRightMouseDown":false},"runId":"run1"}
{"sessionId":"cf25b3","id":"log_350987007177","timestamp":350987007177,"location":"AuraPlayerController.cpp:Look","message":"Look invoked","data":{"x":0.42000,"y":0.00000,"bRightMouseDown":false,"hypothesisId":"A"},"runId":"run1"}
{"sessionId":"cf25b3","id":"log_350987010404","timestamp":350987010404,"location":"AuraPlayerController.cpp:AbilityInputHeld","message":"Input held","data":{"InputTag":"InputTag.LMB","bRightMouseDown":false},"runId":"run1"}
{"sessionId":"cf25b3","id":"log_350987090817","timestamp":350987090817,"location":"AuraPlayerController.cpp:Look","message":"Look invoked","data":{"x":0.56000,"y":0.00000,"bRightMouseDown":false,"hypothesisId":"A"},"runId":"run1"}
{"sessionId":"cf25b3","id":"log_350987094495","timestamp":350987094495,"location":"AuraPlayerController.cpp:AbilityInputHeld","message":"Input held","data":{"InputTag":"InputTag.LMB","bRightMouseDown":false},"runId":"run1"}
{"sessionId":"cf25b3","id":"log_350987173967","timestamp":350987173967,"location":"AuraPlayerController.cpp:Look","message":"Look invoked","data":{"x":-0.77000,"y":0.00000,"bRightMouseDown":false,"hypothesisId":"A"},"runId":"run1"}
{"sessionId":"cf25b3","id":"log_350987177803","timestamp":350987177803,"location":"AuraPlayerController.cpp:AbilityInputHeld","message":"Input held","data":{"InputTag":"InputTag.LMB","bRightMouseDown":false},"runId":"run1"}
{"sessionId":"cf25b3","id":"log_350987257510","timestamp":350987257510,"location":"AuraPlayerController.cpp:Look","message":"Look invoked","data":{"x":-0.84000,"y":0.00000,"bRightMouseDown":false,"hypothesisId":"A"},"runId":"run1"}
{"sessionId":"cf25b3","id":"log_350987261235","timestamp":350987261235,"location":"AuraPlayerController.cpp:AbilityInputHeld","message":"Input held","data":{"InputTag":"InputTag.LMB","bRightMouseDown":false},"runId":"run1"}
{"sessionId":"cf25b3","id":"log_350987340569","timestamp":350987340569,"location":"AuraPlayerController.cpp:Look","message":"Look invoked","data":{"x":-0.35000,"y":0.00000,"bRightMouseDown":false,"hypothesisId":"A"},"runId":"run1"}
{"sessionId":"cf25b3","id":"log_350987345866","timestamp":350987345866,"location":"AuraPlayerController.cpp:AbilityInputHeld","message":"Input held","data":{"InputTag":"InputTag.LMB","bRightMouseDown":false},"runId":"run1"}
{"sessionId":"cf25b3","id":"log_350987424145","timestamp":350987424145,"location":"AuraPlayerController.cpp:Look","message":"Look invoked","data":{"x":-0.56000,"y":0.00000,"bRightMouseDown":false,"hypothesisId":"A"},"runId":"run1"}
{"sessionId":"cf25b3","id":"log_350987428191","timestamp":350987428191,"location":"AuraPlayerController.cpp:AbilityInputHeld","message":"Input held","data":{"InputTag":"InputTag.LMB","bRightMouseDown":false},"runId":"run1"}
{"sessionId":"cf25b3","id":"log_350987512086","timestamp":350987512086,"location":"AuraPlayerController.cpp:Look","message":"Look invoked","data":{"x":-0.42000,"y":0.00000,"bRightMouseDown":false,"hypothesisId":"A"},"runId":"run1"}
{"sessionId":"cf25b3","id":"log_350987515914","timestamp":350987515914,"location":"AuraPlayerController.cpp:AbilityInputHeld","message":"Input held","data":{"InputTag":"InputTag.LMB","bRightMouseDown":false},"runId":"run1"}
{"sessionId":"cf25b3","id":"log_350987591035","timestamp":350987591035,"location":"AuraPlayerController.cpp:Look","message":"Look invoked","data":{"x":-0.35000,"y":0.00000,"bRightMouseDown":false,"hypothesisId":"A"},"runId":"run1"}
{"sessionId":"cf25b3","id":"log_350987596359","timestamp":350987596359,"location":"AuraPlayerController.cpp:AbilityInputHeld","message":"Input held","data":{"InputTag":"InputTag.LMB","bRightMouseDown":false},"runId":"run1"}
{"sessionId":"cf25b3","id":"log_350987674551","timestamp":350987674551,"location":"AuraPlayerController.cpp:Look","message":"Look invoked","data":{"x":-0.63000,"y":0.00000,"bRightMouseDown":false,"hypothesisId":"A"},"runId":"run1"}
{"sessionId":"cf25b3","id":"log_350987678664","timestamp":350987678664,"location":"AuraPlayerController.cpp:AbilityInputHeld","message":"Input held","data":{"InputTag":"InputTag.LMB","bRightMouseDown":false},"runId":"run1"}
{"sessionId":"cf25b3","id":"log_350987758847","timestamp":350987758847,"location":"AuraPlayerController.cpp:Look","message":"Look invoked","data":{"x":-0.42000,"y":0.00000,"bRightMouseDown":false,"hypothesisId":"A"},"runId":"run1"}
{"sessionId":"cf25b3","id":"log_350987762272","timestamp":350987762272,"location":"AuraPlayerController.cpp:AbilityInputHeld","message":"Input held","data":{"InputTag":"InputTag.LMB","bRightMouseDown":false},"runId":"run1"}
{"sessionId":"cf25b3","id":"log_350987840570","timestamp":350987840570,"location":"AuraPlayerController.cpp:Look","message":"Look invoked","data":{"x":-0.63000,"y":0.00000,"bRightMouseDown":false,"hypothesisId":"A"},"runId":"run1"}
{"sessionId":"cf25b3","id":"log_350987844497","timestamp":350987844497,"location":"AuraPlayerController.cpp:AbilityInputHeld","message":"Input held","data":{"InputTag":"InputTag.LMB","bRightMouseDown":false},"runId":"run1"}
{"sessionId":"cf25b3","id":"log_350987924604","timestamp":350987924604,"location":"AuraPlayerController.cpp:Look","message":"Look invoked","data":{"x":-0.98000,"y":0.00000,"bRightMouseDown":false,"hypothesisId":"A"},"runId":"run1"}
{"sessionId":"cf25b3","id":"log_350987927957","timestamp":350987927957,"location":"AuraPlayerController.cpp:AbilityInputHeld","message":"Input held","data":{"InputTag":"InputTag.LMB","bRightMouseDown":false},"runId":"run1"}
{"sessionId":"cf25b3","id":"log_350988008054","timestamp":350988008054,"location":"AuraPlayerController.cpp:Look","message":"Look invoked","data":{"x":-0.98000,"y":0.00000,"bRightMouseDown":false,"hypothesisId":"A"},"runId":"run1"}
{"sessionId":"cf25b3","id":"log_350988011130","timestamp":350988011130,"location":"AuraPlayerController.cpp:AbilityInputHeld","message":"Input held","data":{"InputTag":"InputTag.LMB","bRightMouseDown":false},"runId":"run1"}
{"sessionId":"cf25b3","id":"log_350988090703","timestamp":350988090703,"location":"AuraPlayerController.cpp:Look","message":"Look invoked","data":{"x":-1.05000,"y":0.00000,"bRightMouseDown":false,"hypothesisId":"A"},"runId":"run1"}
{"sessionId":"cf25b3","id":"log_350988094753","timestamp":350988094753,"location":"AuraPlayerController.cpp:AbilityInputHeld","message":"Input held","data":{"InputTag":"InputTag.LMB","bRightMouseDown":false},"runId":"run1"}
{"sessionId":"cf25b3","id":"log_350988174236","timestamp":350988174236,"location":"AuraPlayerController.cpp:Look","message":"Look invoked","data":{"x":-1.33000,"y":0.00000,"bRightMouseDown":false,"hypothesisId":"A"},"runId":"run1"}
{"sessionId":"cf25b3","id":"log_350988177684","timestamp":350988177684,"location":"AuraPlayerController.cpp:AbilityInputHeld","message":"Input held","data":{"InputTag":"InputTag.LMB","bRightMouseDown":false},"runId":"run1"}
{"sessionId":"cf25b3","id":"log_350988257289","timestamp":350988257289,"location":"AuraPlayerController.cpp:Look","message":"Look invoked","data":{"x":-1.26000,"y":0.00000,"bRightMouseDown":false,"hypothesisId":"A"},"runId":"run1"}
{"sessionId":"cf25b3","id":"log_350988261135","timestamp":350988261135,"location":"AuraPlayerController.cpp:AbilityInputHeld","message":"Input held","data":{"InputTag":"InputTag.LMB","bRightMouseDown":false},"runId":"run1"}
{"sessionId":"cf25b3","id":"log_350988342703","timestamp":350988342703,"location":"AuraPlayerController.cpp:Look","message":"Look invoked","data":{"x":-1.05000,"y":0.00000,"bRightMouseDown":false,"hypothesisId":"A"},"runId":"run1"}
{"sessionId":"cf25b3","id":"log_350988346444","timestamp":350988346444,"location":"AuraPlayerController.cpp:AbilityInputHeld","message":"Input held","data":{"InputTag":"InputTag.LMB","bRightMouseDown":false},"runId":"run1"}
{"sessionId":"cf25b3","id":"log_350988424923","timestamp":350988424923,"location":"AuraPlayerController.cpp:Look","message":"Look invoked","data":{"x":-1.19000,"y":0.00000,"bRightMouseDown":false,"hypothesisId":"A"},"runId":"run1"}
{"sessionId":"cf25b3","id":"log_350988429064","timestamp":350988429064,"location":"AuraPlayerController.cpp:AbilityInputHeld","message":"Input held","data":{"InputTag":"InputTag.LMB","bRightMouseDown":false},"runId":"run1"}
{"sessionId":"cf25b3","id":"log_350988508657","timestamp":350988508657,"location":"AuraPlayerController.cpp:Look","message":"Look invoked","data":{"x":-0.70000,"y":0.00000,"bRightMouseDown":false,"hypothesisId":"A"},"runId":"run1"}
{"sessionId":"cf25b3","id":"log_350988511710","timestamp":350988511710,"location":"AuraPlayerController.cpp:AbilityInputHeld","message":"Input held","data":{"InputTag":"InputTag.LMB","bRightMouseDown":false},"runId":"run1"}
{"sessionId":"cf25b3","id":"log_350988591416","timestamp":350988591416,"location":"AuraPlayerController.cpp:Look","message":"Look invoked","data":{"x":-0.70000,"y":0.00000,"bRightMouseDown":false,"hypothesisId":"A"},"runId":"run1"}
{"sessionId":"cf25b3","id":"log_350988595323","timestamp":350988595323,"location":"AuraPlayerController.cpp:AbilityInputHeld","message":"Input held","data":{"InputTag":"InputTag.LMB","bRightMouseDown":false},"runId":"run1"}
{"sessionId":"cf25b3","id":"log_350988676251","timestamp":350988676251,"location":"AuraPlayerController.cpp:Look","message":"Look invoked","data":{"x":-0.91000,"y":0.00000,"bRightMouseDown":false,"hypothesisId":"A"},"runId":"run1"}
{"sessionId":"cf25b3","id":"log_350988679711","timestamp":350988679711,"location":"AuraPlayerController.cpp:AbilityInputHeld","message":"Input held","data":{"InputTag":"InputTag.LMB","bRightMouseDown":false},"runId":"run1"}
{"sessionId":"cf25b3","id":"log_350988759478","timestamp":350988759478,"location":"AuraPlayerController.cpp:Look","message":"Look invoked","data":{"x":-0.70000,"y":0.00000,"bRightMouseDown":false,"hypothesisId":"A"},"runId":"run1"}
{"sessionId":"cf25b3","id":"log_350988763624","timestamp":350988763624,"location":"AuraPlayerController.cpp:AbilityInputHeld","message":"Input held","data":{"InputTag":"InputTag.LMB","bRightMouseDown":false},"runId":"run1"}
{"sessionId":"cf25b3","id":"log_350988841250","timestamp":350988841250,"location":"AuraPlayerController.cpp:Look","message":"Look invoked","data":{"x":-0.49000,"y":0.00000,"bRightMouseDown":false,"hypothesisId":"A"},"runId":"run1"}
{"sessionId":"cf25b3","id":"log_350988844963","timestamp":350988844963,"location":"AuraPlayerController.cpp:AbilityInputHeld","message":"Input held","data":{"InputTag":"InputTag.LMB","bRightMouseDown":false},"runId":"run1"}
{"sessionId":"cf25b3","id":"log_350988924969","timestamp":350988924969,"location":"AuraPlayerController.cpp:Look","message":"Look invoked","data":{"x":-0.77000,"y":0.00000,"bRightMouseDown":false,"hypothesisId":"A"},"runId":"run1"}
{"sessionId":"cf25b3","id":"log_350988928085","timestamp":350988928085,"location":"AuraPlayerController.cpp:AbilityInputHeld","message":"Input held","data":{"InputTag":"InputTag.LMB","bRightMouseDown":false},"runId":"run1"}
{"sessionId":"cf25b3","id":"log_350989009220","timestamp":350989009220,"location":"AuraPlayerController.cpp:Look","message":"Look invoked","data":{"x":-0.56000,"y":0.00000,"bRightMouseDown":false,"hypothesisId":"A"},"runId":"run1"}
{"sessionId":"cf25b3","id":"log_350989012766","timestamp":350989012766,"location":"AuraPlayerController.cpp:AbilityInputHeld","message":"Input held","data":{"InputTag":"InputTag.LMB","bRightMouseDown":false},"runId":"run1"}
{"sessionId":"cf25b3","id":"log_350989091377","timestamp":350989091377,"location":"AuraPlayerController.cpp:Look","message":"Look invoked","data":{"x":-0.56000,"y":0.00000,"bRightMouseDown":false,"hypothesisId":"A"},"runId":"run1"}
{"sessionId":"cf25b3","id":"log_350989095562","timestamp":350989095562,"location":"AuraPlayerController.cpp:AbilityInputHeld","message":"Input held","data":{"InputTag":"InputTag.LMB","bRightMouseDown":false},"runId":"run1"}
{"sessionId":"cf25b3","id":"log_350989174857","timestamp":350989174857,"location":"AuraPlayerController.cpp:Look","message":"Look invoked","data":{"x":-0.70000,"y":0.00000,"bRightMouseDown":false,"hypothesisId":"A"},"runId":"run1"}
{"sessionId":"cf25b3","id":"log_350989179288","timestamp":350989179288,"location":"AuraPlayerController.cpp:AbilityInputHeld","message":"Input held","data":{"InputTag":"InputTag.LMB","bRightMouseDown":false},"runId":"run1"}
{"sessionId":"cf25b3","id":"log_350989257970","timestamp":350989257970,"location":"AuraPlayerController.cpp:Look","message":"Look invoked","data":{"x":-0.07000,"y":0.00000,"bRightMouseDown":false,"hypothesisId":"A"},"runId":"run1"}
{"sessionId":"cf25b3","id":"log_350989262457","timestamp":350989262457,"location":"AuraPlayerController.cpp:AbilityInputHeld","message":"Input held","data":{"InputTag":"InputTag.LMB","bRightMouseDown":false},"runId":"run1"}
{"sessionId":"cf25b3","id":"log_350989341292","timestamp":350989341292,"location":"AuraPlayerController.cpp:Look","message":"Look invoked","data":{"x":-1.05000,"y":0.00000,"bRightMouseDown":false,"hypothesisId":"A"},"runId":"run1"}
{"sessionId":"cf25b3","id":"log_350989345154","timestamp":350989345154,"location":"AuraPlayerController.cpp:AbilityInputHeld","message":"Input held","data":{"InputTag":"InputTag.LMB","bRightMouseDown":false},"runId":"run1"}
{"sessionId":"cf25b3","id":"log_350989424917","timestamp":350989424917,"location":"AuraPlayerController.cpp:Look","message":"Look invoked","data":{"x":-1.26000,"y":0.00000,"bRightMouseDown":false,"hypothesisId":"A"},"runId":"run1"}
{"sessionId":"cf25b3","id":"log_350989428275","timestamp":350989428275,"location":"AuraPlayerController.cpp:AbilityInputHeld","message":"Input held","data":{"InputTag":"InputTag.LMB","bRightMouseDown":false},"runId":"run1"}
{"sessionId":"cf25b3","id":"log_350989508465","timestamp":350989508465,"location":"AuraPlayerController.cpp:Look","message":"Look invoked","data":{"x":-0.91000,"y":0.00000,"bRightMouseDown":false,"hypothesisId":"A"},"runId":"run1"}
{"sessionId":"cf25b3","id":"log_350989512356","timestamp":350989512356,"location":"AuraPlayerController.cpp:AbilityInputHeld","message":"Input held","data":{"InputTag":"InputTag.LMB","bRightMouseDown":false},"runId":"run1"}
{"sessionId":"cf25b3","id":"log_350989591585","timestamp":350989591585,"location":"AuraPlayerController.cpp:Look","message":"Look invoked","data":{"x":-0.91000,"y":0.00000,"bRightMouseDown":false,"hypothesisId":"A"},"runId":"run1"}
{"sessionId":"cf25b3","id":"log_350989595876","timestamp":350989595876,"location":"AuraPlayerController.cpp:AbilityInputHeld","message":"Input held","data":{"InputTag":"InputTag.LMB","bRightMouseDown":false},"runId":"run1"}
{"sessionId":"cf25b3","id":"log_350989674788","timestamp":350989674788,"location":"AuraPlayerController.cpp:Look","message":"Look invoked","data":{"x":-1.19000,"y":0.00000,"bRightMouseDown":false,"hypothesisId":"A"},"runId":"run1"}
{"sessionId":"cf25b3","id":"log_350989678222","timestamp":350989678222,"location":"AuraPlayerController.cpp:AbilityInputHeld","message":"Input held","data":{"InputTag":"InputTag.LMB","bRightMouseDown":false},"runId":"run1"}
{"sessionId":"cf25b3","id":"log_350989758509","timestamp":350989758509,"location":"AuraPlayerController.cpp:Look","message":"Look invoked","data":{"x":-0.77000,"y":0.00000,"bRightMouseDown":false,"hypothesisId":"A"},"runId":"run1"}
{"sessionId":"cf25b3","id":"log_350989763238","timestamp":350989763238,"location":"AuraPlayerController.cpp:AbilityInputHeld","message":"Input held","data":{"InputTag":"InputTag.LMB","bRightMouseDown":false},"runId":"run1"}
{"sessionId":"cf25b3","id":"log_350989841970","timestamp":350989841970,"location":"AuraPlayerController.cpp:Look","message":"Look invoked","data":{"x":-0.63000,"y":0.00000,"bRightMouseDown":false,"hypothesisId":"A"},"runId":"run1"}
{"sessionId":"cf25b3","id":"log_350989845430","timestamp":350989845430,"location":"AuraPlayerController.cpp:AbilityInputHeld","message":"Input held","data":{"InputTag":"InputTag.LMB","bRightMouseDown":false},"runId":"run1"}
{"sessionId":"cf25b3","id":"log_350989924801","timestamp":350989924801,"location":"AuraPlayerController.cpp:Look","message":"Look invoked","data":{"x":-0.98000,"y":0.00000,"bRightMouseDown":false,"hypothesisId":"A"},"runId":"run1"}
{"sessionId":"cf25b3","id":"log_350989928328","timestamp":350989928328,"location":"AuraPlayerController.cpp:AbilityInputHeld","message":"Input held","data":{"InputTag":"InputTag.LMB","bRightMouseDown":false},"runId":"run1"}
{"sessionId":"cf25b3","id":"log_350990009323","timestamp":350990009323,"location":"AuraPlayerController.cpp:Look","message":"Look invoked","data":{"x":-0.56000,"y":0.00000,"bRightMouseDown":false,"hypothesisId":"A"},"runId":"run1"}
{"sessionId":"cf25b3","id":"log_350990012860","timestamp":350990012860,"location":"AuraPlayerController.cpp:AbilityInputHeld","message":"Input held","data":{"InputTag":"InputTag.LMB","bRightMouseDown":false},"runId":"run1"}
{"sessionId":"cf25b3","id":"log_350990091763","timestamp":350990091763,"location":"AuraPlayerController.cpp:Look","message":"Look invoked","data":{"x":-0.42000,"y":0.00000,"bRightMouseDown":false,"hypothesisId":"A"},"runId":"run1"}
{"sessionId":"cf25b3","id":"log_350990095832","timestamp":350990095832,"location":"AuraPlayerController.cpp:AbilityInputHeld","message":"Input held","data":{"InputTag":"InputTag.LMB","bRightMouseDown":false},"runId":"run1"}
{"sessionId":"cf25b3","id":"log_350990174933","timestamp":350990174933,"location":"AuraPlayerController.cpp:Look","message":"Look invoked","data":{"x":-0.49000,"y":0.00000,"bRightMouseDown":false,"hypothesisId":"A"},"runId":"run1"}
{"sessionId":"cf25b3","id":"log_350990179961","timestamp":350990179961,"location":"AuraPlayerController.cpp:AbilityInputHeld","message":"Input held","data":{"InputTag":"InputTag.LMB","bRightMouseDown":false},"runId":"run1"}
{"sessionId":"cf25b3","id":"log_350990258290","timestamp":350990258290,"location":"AuraPlayerController.cpp:Look","message":"Look invoked","data":{"x":-0.14000,"y":0.00000,"bRightMouseDown":false,"hypothesisId":"A"},"runId":"run1"}
{"sessionId":"cf25b3","id":"log_350990261893","timestamp":350990261893,"location":"AuraPlayerController.cpp:AbilityInputHeld","message":"Input held","data":{"InputTag":"InputTag.LMB","bRightMouseDown":false},"runId":"run1"}
{"sessionId":"cf25b3","id":"log_350990344666","timestamp":350990344666,"location":"AuraPlayerController.cpp:Look","message":"Look invoked","data":{"x":-0.07000,"y":0.00000,"bRightMouseDown":false,"hypothesisId":"A"},"runId":"run1"}
{"sessionId":"cf25b3","id":"log_350990348159","timestamp":350990348159,"location":"AuraPlayerController.cpp:AbilityInputHeld","message":"Input held","data":{"InputTag":"InputTag.LMB","bRightMouseDown":false},"runId":"run1"}
{"sessionId":"cf25b3","id":"log_350990424808","timestamp":350990424808,"location":"AuraPlayerController.cpp:Look","message":"Look invoked","data":{"x":-0.84000,"y":0.00000,"bRightMouseDown":false,"hypothesisId":"A"},"runId":"run1"}
{"sessionId":"cf25b3","id":"log_350990428709","timestamp":350990428709,"location":"AuraPlayerController.cpp:AbilityInputHeld","message":"Input held","data":{"InputTag":"InputTag.LMB","bRightMouseDown":false},"runId":"run1"}
{"sessionId":"cf25b3","id":"log_350990508233","timestamp":350990508233,"location":"AuraPlayerController.cpp:Look","message":"Look invoked","data":{"x":0.35000,"y":0.00000,"bRightMouseDown":false,"hypothesisId":"A"},"runId":"run1"}
{"sessionId":"cf25b3","id":"log_350990511827","timestamp":350990511827,"location":"AuraPlayerController.cpp:AbilityInputHeld","message":"Input held","data":{"InputTag":"InputTag.LMB","bRightMouseDown":false},"runId":"run1"}
{"sessionId":"cf25b3","id":"log_350990591434","timestamp":350990591434,"location":"AuraPlayerController.cpp:Look","message":"Look invoked","data":{"x":0.49000,"y":0.00000,"bRightMouseDown":false,"hypothesisId":"A"},"runId":"run1"}
{"sessionId":"cf25b3","id":"log_350990595620","timestamp":350990595620,"location":"AuraPlayerController.cpp:AbilityInputHeld","message":"Input held","data":{"InputTag":"InputTag.LMB","bRightMouseDown":false},"runId":"run1"}
{"sessionId":"cf25b3","id":"log_350990675409","timestamp":350990675409,"location":"AuraPlayerController.cpp:Look","message":"Look invoked","data":{"x":0.63000,"y":0.00000,"bRightMouseDown":false,"hypothesisId":"A"},"runId":"run1"}
{"sessionId":"cf25b3","id":"log_350990679761","timestamp":350990679761,"location":"AuraPlayerController.cpp:AbilityInputHeld","message":"Input held","data":{"InputTag":"InputTag.LMB","bRightMouseDown":false},"runId":"run1"}
{"sessionId":"cf25b3","id":"log_350990760326","timestamp":350990760326,"location":"AuraPlayerController.cpp:Look","message":"Look invoked","data":{"x":0.35000,"y":0.00000,"bRightMouseDown":false,"hypothesisId":"A"},"runId":"run1"}
{"sessionId":"cf25b3","id":"log_350990763835","timestamp":350990763835,"location":"AuraPlayerController.cpp:AbilityInputHeld","message":"Input held","data":{"InputTag":"InputTag.LMB","bRightMouseDown":false},"runId":"run1"}
{"sessionId":"cf25b3","id":"log_350990841701","timestamp":350990841701,"location":"AuraPlayerController.cpp:Look","message":"Look invoked","data":{"x":0.35000,"y":0.00000,"bRightMouseDown":false,"hypothesisId":"A"},"runId":"run1"}
{"sessionId":"cf25b3","id":"log_350990845334","timestamp":350990845334,"location":"AuraPlayerController.cpp:AbilityInputHeld","message":"Input held","data":{"InputTag":"InputTag.LMB","bRightMouseDown":false},"runId":"run1"}
{"sessionId":"cf25b3","id":"log_350990924797","timestamp":350990924797,"location":"AuraPlayerController.cpp:Look","message":"Look invoked","data":{"x":0.77000,"y":0.00000,"bRightMouseDown":false,"hypothesisId":"A"},"runId":"run1"}
{"sessionId":"cf25b3","id":"log_350990928386","timestamp":350990928386,"location":"AuraPlayerController.cpp:AbilityInputHeld","message":"Input held","data":{"InputTag":"InputTag.LMB","bRightMouseDown":false},"runId":"run1"}
{"sessionId":"cf25b3","id":"log_350991009195","timestamp":350991009195,"location":"AuraPlayerController.cpp:Look","message":"Look invoked","data":{"x":0.56000,"y":0.00000,"bRightMouseDown":false,"hypothesisId":"A"},"runId":"run1"}
{"sessionId":"cf25b3","id":"log_350991013092","timestamp":350991013092,"location":"AuraPlayerController.cpp:AbilityInputHeld","message":"Input held","data":{"InputTag":"InputTag.LMB","bRightMouseDown":false},"runId":"run1"}
{"sessionId":"cf25b3","id":"log_350991091328","timestamp":350991091328,"location":"AuraPlayerController.cpp:Look","message":"Look invoked","data":{"x":0.42000,"y":0.00000,"bRightMouseDown":false,"hypothesisId":"A"},"runId":"run1"}
{"sessionId":"cf25b3","id":"log_350991094919","timestamp":350991094919,"location":"AuraPlayerController.cpp:AbilityInputHeld","message":"Input held","data":{"InputTag":"InputTag.LMB","bRightMouseDown":false},"runId":"run1"}
{"sessionId":"cf25b3","id":"log_350991176279","timestamp":350991176279,"location":"AuraPlayerController.cpp:Look","message":"Look invoked","data":{"x":0.77000,"y":0.00000,"bRightMouseDown":false,"hypothesisId":"A"},"runId":"run1"}
{"sessionId":"cf25b3","id":"log_350991179855","timestamp":350991179855,"location":"AuraPlayerController.cpp:AbilityInputHeld","message":"Input held","data":{"InputTag":"InputTag.LMB","bRightMouseDown":false},"runId":"run1"}
{"sessionId":"cf25b3","id":"log_350991258383","timestamp":350991258383,"location":"AuraPlayerController.cpp:Look","message":"Look invoked","data":{"x":0.42000,"y":0.00000,"bRightMouseDown":false,"hypothesisId":"A"},"runId":"run1"}
{"sessionId":"cf25b3","id":"log_350991261776","timestamp":350991261776,"location":"AuraPlayerController.cpp:AbilityInputHeld","message":"Input held","data":{"InputTag":"InputTag.LMB","bRightMouseDown":false},"runId":"run1"}
{"sessionId":"cf25b3","id":"log_350991341855","timestamp":350991341855,"location":"AuraPlayerController.cpp:Look","message":"Look invoked","data":{"x":0.91000,"y":0.00000,"bRightMouseDown":false,"hypothesisId":"A"},"runId":"run1"}
{"sessionId":"cf25b3","id":"log_350991345459","timestamp":350991345459,"location":"AuraPlayerController.cpp:AbilityInputHeld","message":"Input held","data":{"InputTag":"InputTag.LMB","bRightMouseDown":false},"runId":"run1"}
{"sessionId":"cf25b3","id":"log_350991425036","timestamp":350991425036,"location":"AuraPlayerController.cpp:Look","message":"Look invoked","data":{"x":0.70000,"y":0.00000,"bRightMouseDown":false,"hypothesisId":"A"},"runId":"run1"}
{"sessionId":"cf25b3","id":"log_350991430657","timestamp":350991430657,"location":"AuraPlayerController.cpp:AbilityInputHeld","message":"Input held","data":{"InputTag":"InputTag.LMB","bRightMouseDown":false},"runId":"run1"}
{"sessionId":"cf25b3","id":"log_350991509946","timestamp":350991509946,"location":"AuraPlayerController.cpp:Look","message":"Look invoked","data":{"x":0.49000,"y":0.00000,"bRightMouseDown":false,"hypothesisId":"A"},"runId":"run1"}
{"sessionId":"cf25b3","id":"log_350991513339","timestamp":350991513339,"location":"AuraPlayerController.cpp:AbilityInputHeld","message":"Input held","data":{"InputTag":"InputTag.LMB","bRightMouseDown":false},"runId":"run1"}
{"sessionId":"cf25b3","id":"log_350991594169","timestamp":350991594169,"location":"AuraPlayerController.cpp:Look","message":"Look invoked","data":{"x":0.49000,"y":0.00000,"bRightMouseDown":false,"hypothesisId":"A"},"runId":"run1"}
{"sessionId":"cf25b3","id":"log_350991597568","timestamp":350991597568,"location":"AuraPlayerController.cpp:AbilityInputHeld","message":"Input held","data":{"InputTag":"InputTag.LMB","bRightMouseDown":false},"runId":"run1"}
{"sessionId":"cf25b3","id":"log_350991675083","timestamp":350991675083,"location":"AuraPlayerController.cpp:Look","message":"Look invoked","data":{"x":0.77000,"y":0.00000,"bRightMouseDown":false,"hypothesisId":"A"},"runId":"run1"}
{"sessionId":"cf25b3","id":"log_350991678632","timestamp":350991678632,"location":"AuraPlayerController.cpp:AbilityInputHeld","message":"Input held","data":{"InputTag":"InputTag.LMB","bRightMouseDown":false},"runId":"run1"}
{"sessionId":"cf25b3","id":"log_350991759398","timestamp":350991759398,"location":"AuraPlayerController.cpp:Look","message":"Look invoked","data":{"x":0.49000,"y":0.00000,"bRightMouseDown":false,"hypothesisId":"A"},"runId":"run1"}
{"sessionId":"cf25b3","id":"log_350991763503","timestamp":350991763503,"location":"AuraPlayerController.cpp:AbilityInputHeld","message":"Input held","data":{"InputTag":"InputTag.LMB","bRightMouseDown":false},"runId":"run1"}
{"sessionId":"cf25b3","id":"log_350991841495","timestamp":350991841495,"location":"AuraPlayerController.cpp:Look","message":"Look invoked","data":{"x":0.28000,"y":0.00000,"bRightMouseDown":false,"hypothesisId":"A"},"runId":"run1"}
{"sessionId":"cf25b3","id":"log_350991845487","timestamp":350991845487,"location":"AuraPlayerController.cpp:AbilityInputHeld","message":"Input held","data":{"InputTag":"InputTag.LMB","bRightMouseDown":false},"runId":"run1"}
{"sessionId":"cf25b3","id":"log_350991924990","timestamp":350991924990,"location":"AuraPlayerController.cpp:Look","message":"Look invoked","data":{"x":0.49000,"y":0.00000,"bRightMouseDown":false,"hypothesisId":"A"},"runId":"run1"}
{"sessionId":"cf25b3","id":"log_350991928732","timestamp":350991928732,"location":"AuraPlayerController.cpp:AbilityInputHeld","message":"Input held","data":{"InputTag":"InputTag.LMB","bRightMouseDown":false},"runId":"run1"}
{"sessionId":"cf25b3","id":"log_350992009065","timestamp":350992009065,"location":"AuraPlayerController.cpp:Look","message":"Look invoked","data":{"x":0.28000,"y":0.00000,"bRightMouseDown":false,"hypothesisId":"A"},"runId":"run1"}
{"sessionId":"cf25b3","id":"log_350992012592","timestamp":350992012592,"location":"AuraPlayerController.cpp:AbilityInputHeld","message":"Input held","data":{"InputTag":"InputTag.LMB","bRightMouseDown":false},"runId":"run1"}
{"sessionId":"cf25b3","id":"log_350992095165","timestamp":350992095165,"location":"AuraPlayerController.cpp:Look","message":"Look invoked","data":{"x":0.21000,"y":0.00000,"bRightMouseDown":false,"hypothesisId":"A"},"runId":"run1"}
{"sessionId":"cf25b3","id":"log_350992100180","timestamp":350992100180,"location":"AuraPlayerController.cpp:AbilityInputReleased","message":"Input released","data":{"InputTag":"InputTag.LMB","bRightMouseDown":false},"runId":"run1"}
{"sessionId":"cf25b3","id":"log_350995597982","timestamp":350995597982,"location":"AuraPlayerController.cpp:Look","message":"Look invoked","data":{"x":-0.21000,"y":0.00000,"bRightMouseDown":false,"hypothesisId":"A"},"runId":"run1"}
{"sessionId":"cf25b3","id":"log_350995602299","timestamp":350995602299,"location":"AuraPlayerController.cpp:AbilityInputHeld","message":"Input held","data":{"InputTag":"InputTag.LMB","bRightMouseDown":false},"runId":"run1"}
{"sessionId":"cf25b3","id":"log_350995675122","timestamp":350995675122,"location":"AuraPlayerController.cpp:Look","message":"Look invoked","data":{"x":-0.21000,"y":0.00000,"bRightMouseDown":false,"hypothesisId":"A"},"runId":"run1"}
{"sessionId":"cf25b3","id":"log_350995679100","timestamp":350995679100,"location":"AuraPlayerController.cpp:AbilityInputHeld","message":"Input held","data":{"InputTag":"InputTag.LMB","bRightMouseDown":false},"runId":"run1"}
{"sessionId":"cf25b3","id":"log_350995758208","timestamp":350995758208,"location":"AuraPlayerController.cpp:Look","message":"Look invoked","data":{"x":-0.07000,"y":0.00000,"bRightMouseDown":false,"hypothesisId":"A"},"runId":"run1"}
{"sessionId":"cf25b3","id":"log_350995762242","timestamp":350995762242,"location":"AuraPlayerController.cpp:AbilityInputHeld","message":"Input held","data":{"InputTag":"InputTag.LMB","bRightMouseDown":false},"runId":"run1"}
{"sessionId":"cf25b3","id":"log_350995841747","timestamp":350995841747,"location":"AuraPlayerController.cpp:Look","message":"Look invoked","data":{"x":0.07000,"y":0.00000,"bRightMouseDown":false,"hypothesisId":"A"},"runId":"run1"}
{"sessionId":"cf25b3","id":"log_350995845483","timestamp":350995845483,"location":"AuraPlayerController.cpp:AbilityInputHeld","message":"Input held","data":{"InputTag":"InputTag.LMB","bRightMouseDown":false},"runId":"run1"}
{"sessionId":"cf25b3","id":"log_350995923223","timestamp":350995923223,"location":"AuraPlayerController.cpp:AbilityInputHeld","message":"Input held","data":{"InputTag":"InputTag.LMB","bRightMouseDown":false},"runId":"run1"}
{"sessionId":"cf25b3","id":"log_350996006834","timestamp":350996006834,"location":"AuraPlayerController.cpp:AbilityInputHeld","message":"Input held","data":{"InputTag":"InputTag.LMB","bRightMouseDown":false},"runId":"run1"}
{"sessionId":"cf25b3","id":"log_350996089856","timestamp":350996089856,"location":"AuraPlayerController.cpp:AbilityInputHeld","message":"Input held","data":{"InputTag":"InputTag.LMB","bRightMouseDown":false},"runId":"run1"}
{"sessionId":"cf25b3","id":"log_350996173568","timestamp":350996173568,"location":"AuraPlayerController.cpp:AbilityInputHeld","message":"Input held","data":{"InputTag":"InputTag.LMB","bRightMouseDown":false},"runId":"run1"}
{"sessionId":"cf25b3","id":"log_350996256442","timestamp":350996256442,"location":"AuraPlayerController.cpp:AbilityInputHeld","message":"Input held","data":{"InputTag":"InputTag.LMB","bRightMouseDown":false},"runId":"run1"}
{"sessionId":"cf25b3","id":"log_350996340448","timestamp":350996340448,"location":"AuraPlayerController.cpp:AbilityInputHeld","message":"Input held","data":{"InputTag":"InputTag.LMB","bRightMouseDown":false},"runId":"run1"}
{"sessionId":"cf25b3","id":"log_350996423393","timestamp":350996423393,"location":"AuraPlayerController.cpp:AbilityInputHeld","message":"Input held","data":{"InputTag":"InputTag.LMB","bRightMouseDown":false},"runId":"run1"}
{"sessionId":"cf25b3","id":"log_350996507541","timestamp":350996507541,"location":"AuraPlayerController.cpp:AbilityInputHeld","message":"Input held","data":{"InputTag":"InputTag.LMB","bRightMouseDown":false},"runId":"run1"}
{"sessionId":"cf25b3","id":"log_350996590342","timestamp":350996590342,"location":"AuraPlayerController.cpp:AbilityInputHeld","message":"Input held","data":{"InputTag":"InputTag.LMB","bRightMouseDown":false},"runId":"run1"}
{"sessionId":"cf25b3","id":"log_350996674975","timestamp":350996674975,"location":"AuraPlayerController.cpp:Look","message":"Look invoked","data":{"x":-0.07000,"y":0.00000,"bRightMouseDown":false,"hypothesisId":"A"},"runId":"run1"}
{"sessionId":"cf25b3","id":"log_350996679020","timestamp":350996679020,"location":"AuraPlayerController.cpp:AbilityInputHeld","message":"Input held","data":{"InputTag":"InputTag.LMB","bRightMouseDown":false},"runId":"run1"}
{"sessionId":"cf25b3","id":"log_350996756950","timestamp":350996756950,"location":"AuraPlayerController.cpp:AbilityInputHeld","message":"Input held","data":{"InputTag":"InputTag.LMB","bRightMouseDown":false},"runId":"run1"}
{"sessionId":"cf25b3","id":"log_350996839907","timestamp":350996839907,"location":"AuraPlayerController.cpp:AbilityInputHeld","message":"Input held","data":{"InputTag":"InputTag.LMB","bRightMouseDown":false},"runId":"run1"}
{"sessionId":"cf25b3","id":"log_350996923596","timestamp":350996923596,"location":"AuraPlayerController.cpp:AbilityInputHeld","message":"Input held","data":{"InputTag":"InputTag.LMB","bRightMouseDown":false},"runId":"run1"}
{"sessionId":"cf25b3","id":"log_350997006607","timestamp":350997006607,"location":"AuraPlayerController.cpp:AbilityInputHeld","message":"Input held","data":{"InputTag":"InputTag.LMB","bRightMouseDown":false},"runId":"run1"}
{"sessionId":"cf25b3","id":"log_350997090368","timestamp":350997090368,"location":"AuraPlayerController.cpp:AbilityInputHeld","message":"Input held","data":{"InputTag":"InputTag.LMB","bRightMouseDown":false},"runId":"run1"}
{"sessionId":"cf25b3","id":"log_350997173495","timestamp":350997173495,"location":"AuraPlayerController.cpp:AbilityInputHeld","message":"Input held","data":{"InputTag":"InputTag.LMB","bRightMouseDown":false},"runId":"run1"}
{"sessionId":"cf25b3","id":"log_350997258082","timestamp":350997258082,"location":"AuraPlayerController.cpp:AbilityInputHeld","message":"Input held","data":{"InputTag":"InputTag.LMB","bRightMouseDown":false},"runId":"run1"}
{"sessionId":"cf25b3","id":"log_350997339939","timestamp":350997339939,"location":"AuraPlayerController.cpp:AbilityInputHeld","message":"Input held","data":{"InputTag":"InputTag.LMB","bRightMouseDown":false},"runId":"run1"}
{"sessionId":"cf25b3","id":"log_350997423571","timestamp":350997423571,"location":"AuraPlayerController.cpp:AbilityInputHeld","message":"Input held","data":{"InputTag":"InputTag.LMB","bRightMouseDown":false},"runId":"run1"}
{"sessionId":"cf25b3","id":"log_350997506626","timestamp":350997506626,"location":"AuraPlayerController.cpp:AbilityInputHeld","message":"Input held","data":{"InputTag":"InputTag.LMB","bRightMouseDown":false},"runId":"run1"}
{"sessionId":"cf25b3","id":"log_350997590051","timestamp":350997590051,"location":"AuraPlayerController.cpp:AbilityInputHeld","message":"Input held","data":{"InputTag":"InputTag.LMB","bRightMouseDown":false},"runId":"run1"}
{"sessionId":"cf25b3","id":"log_350997673779","timestamp":350997673779,"location":"AuraPlayerController.cpp:AbilityInputHeld","message":"Input held","data":{"InputTag":"InputTag.LMB","bRightMouseDown":false},"runId":"run1"}
{"sessionId":"cf25b3","id":"log_350997756808","timestamp":350997756808,"location":"AuraPlayerController.cpp:AbilityInputHeld","message":"Input held","data":{"InputTag":"InputTag.LMB","bRightMouseDown":false},"runId":"run1"}
{"sessionId":"cf25b3","id":"log_350997840820","timestamp":350997840820,"location":"AuraPlayerController.cpp:AbilityInputHeld","message":"Input held","data":{"InputTag":"InputTag.LMB","bRightMouseDown":false},"runId":"run1"}
{"sessionId":"cf25b3","id":"log_350997923369","timestamp":350997923369,"location":"AuraPlayerController.cpp:AbilityInputHeld","message":"Input held","data":{"InputTag":"InputTag.LMB","bRightMouseDown":false},"runId":"run1"}
{"sessionId":"cf25b3","id":"log_350998008945","timestamp":350998008945,"location":"AuraPlayerController.cpp:Look","message":"Look invoked","data":{"x":0.07000,"y":0.00000,"bRightMouseDown":false,"hypothesisId":"A"},"runId":"run1"}
{"sessionId":"cf25b3","id":"log_350998012832","timestamp":350998012832,"location":"AuraPlayerController.cpp:AbilityInputHeld","message":"Input held","data":{"InputTag":"InputTag.LMB","bRightMouseDown":false},"runId":"run1"}
{"sessionId":"cf25b3","id":"log_350998090092","timestamp":350998090092,"location":"AuraPlayerController.cpp:AbilityInputHeld","message":"Input held","data":{"InputTag":"InputTag.LMB","bRightMouseDown":false},"runId":"run1"}
{"sessionId":"cf25b3","id":"log_350998174100","timestamp":350998174100,"location":"AuraPlayerController.cpp:AbilityInputHeld","message":"Input held","data":{"InputTag":"InputTag.LMB","bRightMouseDown":false},"runId":"run1"}
{"sessionId":"cf25b3","id":"log_350998256737","timestamp":350998256737,"location":"AuraPlayerController.cpp:AbilityInputHeld","message":"Input held","data":{"InputTag":"InputTag.LMB","bRightMouseDown":false},"runId":"run1"}
{"sessionId":"cf25b3","id":"log_350998340104","timestamp":350998340104,"location":"AuraPlayerController.cpp:AbilityInputHeld","message":"Input held","data":{"InputTag":"InputTag.LMB","bRightMouseDown":false},"runId":"run1"}
{"sessionId":"cf25b3","id":"log_350998423497","timestamp":350998423497,"location":"AuraPlayerController.cpp:AbilityInputHeld","message":"Input held","data":{"InputTag":"InputTag.LMB","bRightMouseDown":false},"runId":"run1"}
{"sessionId":"cf25b3","id":"log_350998506592","timestamp":350998506592,"location":"AuraPlayerController.cpp:AbilityInputHeld","message":"Input held","data":{"InputTag":"InputTag.LMB","bRightMouseDown":false},"runId":"run1"}
{"sessionId":"cf25b3","id":"log_350998590176","timestamp":350998590176,"location":"AuraPlayerController.cpp:AbilityInputHeld","message":"Input held","data":{"InputTag":"InputTag.LMB","bRightMouseDown":false},"runId":"run1"}
{"sessionId":"cf25b3","id":"log_350998673492","timestamp":350998673492,"location":"AuraPlayerController.cpp:AbilityInputHeld","message":"Input held","data":{"InputTag":"InputTag.LMB","bRightMouseDown":false},"runId":"run1"}
{"sessionId":"cf25b3","id":"log_350998756682","timestamp":350998756682,"location":"AuraPlayerController.cpp:AbilityInputHeld","message":"Input held","data":{"InputTag":"InputTag.LMB","bRightMouseDown":false},"runId":"run1"}
{"sessionId":"cf25b3","id":"log_350998840428","timestamp":350998840428,"location":"AuraPlayerController.cpp:AbilityInputHeld","message":"Input held","data":{"InputTag":"InputTag.LMB","bRightMouseDown":false},"runId":"run1"}
{"sessionId":"cf25b3","id":"log_350998923502","timestamp":350998923502,"location":"AuraPlayerController.cpp:AbilityInputHeld","message":"Input held","data":{"InputTag":"InputTag.LMB","bRightMouseDown":false},"runId":"run1"}
{"sessionId":"cf25b3","id":"log_350999006701","timestamp":350999006701,"location":"AuraPlayerController.cpp:AbilityInputHeld","message":"Input held","data":{"InputTag":"InputTag.LMB","bRightMouseDown":false},"runId":"run1"}
{"sessionId":"cf25b3","id":"log_350999092904","timestamp":350999092904,"location":"AuraPlayerController.cpp:AbilityInputHeld","message":"Input held","data":{"InputTag":"InputTag.LMB","bRightMouseDown":false},"runId":"run1"}
{"sessionId":"cf25b3","id":"log_350999173706","timestamp":350999173706,"location":"AuraPlayerController.cpp:AbilityInputHeld","message":"Input held","data":{"InputTag":"InputTag.LMB","bRightMouseDown":false},"runId":"run1"}
{"sessionId":"cf25b3","id":"log_350999258244","timestamp":350999258244,"location":"AuraPlayerController.cpp:Look","message":"Look invoked","data":{"x":0.14000,"y":0.00000,"bRightMouseDown":false,"hypothesisId":"A"},"runId":"run1"}
{"sessionId":"cf25b3","id":"log_350999264098","timestamp":350999264098,"location":"AuraPlayerController.cpp:AbilityInputHeld","message":"Input held","data":{"InputTag":"InputTag.LMB","bRightMouseDown":false},"runId":"run1"}
{"sessionId":"cf25b3","id":"log_350999341606","timestamp":350999341606,"location":"AuraPlayerController.cpp:Look","message":"Look invoked","data":{"x":0.35000,"y":0.00000,"bRightMouseDown":false,"hypothesisId":"A"},"runId":"run1"}
{"sessionId":"cf25b3","id":"log_350999345285","timestamp":350999345285,"location":"AuraPlayerController.cpp:AbilityInputHeld","message":"Input held","data":{"InputTag":"InputTag.LMB","bRightMouseDown":false},"runId":"run1"}
{"sessionId":"cf25b3","id":"log_350999426154","timestamp":350999426154,"location":"AuraPlayerController.cpp:Look","message":"Look invoked","data":{"x":0.42000,"y":0.00000,"bRightMouseDown":false,"hypothesisId":"A"},"runId":"run1"}
{"sessionId":"cf25b3","id":"log_350999429868","timestamp":350999429868,"location":"AuraPlayerController.cpp:AbilityInputHeld","message":"Input held","data":{"InputTag":"InputTag.LMB","bRightMouseDown":false},"runId":"run1"}
{"sessionId":"cf25b3","id":"log_350999507402","timestamp":350999507402,"location":"AuraPlayerController.cpp:AbilityInputHeld","message":"Input held","data":{"InputTag":"InputTag.LMB","bRightMouseDown":false},"runId":"run1"}
{"sessionId":"cf25b3","id":"log_350999590809","timestamp":350999590809,"location":"AuraPlayerController.cpp:AbilityInputHeld","message":"Input held","data":{"InputTag":"InputTag.LMB","bRightMouseDown":false},"runId":"run1"}
{"sessionId":"cf25b3","id":"log_350999675763","timestamp":350999675763,"location":"AuraPlayerController.cpp:Look","message":"Look invoked","data":{"x":1.47000,"y":0.00000,"bRightMouseDown":false,"hypothesisId":"A"},"runId":"run1"}
{"sessionId":"cf25b3","id":"log_350999680053","timestamp":350999680053,"location":"AuraPlayerController.cpp:AbilityInputHeld","message":"Input held","data":{"InputTag":"InputTag.LMB","bRightMouseDown":false},"runId":"run1"}
{"sessionId":"cf25b3","id":"log_350999760303","timestamp":350999760303,"location":"AuraPlayerController.cpp:Look","message":"Look invoked","data":{"x":0.35000,"y":0.00000,"bRightMouseDown":false,"hypothesisId":"A"},"runId":"run1"}
{"sessionId":"cf25b3","id":"log_350999764567","timestamp":350999764567,"location":"AuraPlayerController.cpp:AbilityInputHeld","message":"Input held","data":{"InputTag":"InputTag.LMB","bRightMouseDown":false},"runId":"run1"}
{"sessionId":"cf25b3","id":"log_350999842225","timestamp":350999842225,"location":"AuraPlayerController.cpp:Look","message":"Look invoked","data":{"x":0.49000,"y":0.00000,"bRightMouseDown":false,"hypothesisId":"A"},"runId":"run1"}
{"sessionId":"cf25b3","id":"log_350999846753","timestamp":350999846753,"location":"AuraPlayerController.cpp:AbilityInputHeld","message":"Input held","data":{"InputTag":"InputTag.LMB","bRightMouseDown":false},"runId":"run1"}
{"sessionId":"cf25b3","id":"log_350999925841","timestamp":350999925841,"location":"AuraPlayerController.cpp:Look","message":"Look invoked","data":{"x":0.77000,"y":0.00000,"bRightMouseDown":false,"hypothesisId":"A"},"runId":"run1"}
{"sessionId":"cf25b3","id":"log_350999929509","timestamp":350999929509,"location":"AuraPlayerController.cpp:AbilityInputHeld","message":"Input held","data":{"InputTag":"InputTag.LMB","bRightMouseDown":false},"runId":"run1"}
{"sessionId":"cf25b3","id":"log_351000010465","timestamp":351000010465,"location":"AuraPlayerController.cpp:Look","message":"Look invoked","data":{"x":0.63000,"y":0.00000,"bRightMouseDown":false,"hypothesisId":"A"},"runId":"run1"}
{"sessionId":"cf25b3","id":"log_351000015227","timestamp":351000015227,"location":"AuraPlayerController.cpp:AbilityInputHeld","message":"Input held","data":{"InputTag":"InputTag.LMB","bRightMouseDown":false},"runId":"run1"}
{"sessionId":"cf25b3","id":"log_351000092746","timestamp":351000092746,"location":"AuraPlayerController.cpp:Look","message":"Look invoked","data":{"x":0.77000,"y":0.00000,"bRightMouseDown":false,"hypothesisId":"A"},"runId":"run1"}
{"sessionId":"cf25b3","id":"log_351000096663","timestamp":351000096663,"location":"AuraPlayerController.cpp:AbilityInputHeld","message":"Input held","data":{"InputTag":"InputTag.LMB","bRightMouseDown":false},"runId":"run1"}
{"sessionId":"cf25b3","id":"log_351000175673","timestamp":351000175673,"location":"AuraPlayerController.cpp:Look","message":"Look invoked","data":{"x":1.05000,"y":0.00000,"bRightMouseDown":false,"hypothesisId":"A"},"runId":"run1"}
{"sessionId":"cf25b3","id":"log_351000181884","timestamp":351000181884,"location":"AuraPlayerController.cpp:AbilityInputHeld","message":"Input held","data":{"InputTag":"InputTag.LMB","bRightMouseDown":false},"runId":"run1"}
{"sessionId":"cf25b3","id":"log_351000259785","timestamp":351000259785,"location":"AuraPlayerController.cpp:Look","message":"Look invoked","data":{"x":0.70000,"y":0.00000,"bRightMouseDown":false,"hypothesisId":"A"},"runId":"run1"}
{"sessionId":"cf25b3","id":"log_351000264537","timestamp":351000264537,"location":"AuraPlayerController.cpp:AbilityInputHeld","message":"Input held","data":{"InputTag":"InputTag.LMB","bRightMouseDown":false},"runId":"run1"}
{"sessionId":"cf25b3","id":"log_351000344283","timestamp":351000344283,"location":"AuraPlayerController.cpp:Look","message":"Look invoked","data":{"x":0.77000,"y":0.00000,"bRightMouseDown":false,"hypothesisId":"A"},"runId":"run1"}
{"sessionId":"cf25b3","id":"log_351000349439","timestamp":351000349439,"location":"AuraPlayerController.cpp:AbilityInputHeld","message":"Input held","data":{"InputTag":"InputTag.LMB","bRightMouseDown":false},"runId":"run1"}
{"sessionId":"cf25b3","id":"log_351000425556","timestamp":351000425556,"location":"AuraPlayerController.cpp:Look","message":"Look invoked","data":{"x":0.98000,"y":0.00000,"bRightMouseDown":false,"hypothesisId":"A"},"runId":"run1"}
{"sessionId":"cf25b3","id":"log_351000429734","timestamp":351000429734,"location":"AuraPlayerController.cpp:AbilityInputHeld","message":"Input held","data":{"InputTag":"InputTag.LMB","bRightMouseDown":false},"runId":"run1"}
{"sessionId":"cf25b3","id":"log_351000509387","timestamp":351000509387,"location":"AuraPlayerController.cpp:Look","message":"Look invoked","data":{"x":0.28000,"y":0.00000,"bRightMouseDown":false,"hypothesisId":"A"},"runId":"run1"}
{"sessionId":"cf25b3","id":"log_351000513407","timestamp":351000513407,"location":"AuraPlayerController.cpp:AbilityInputHeld","message":"Input held","data":{"InputTag":"InputTag.LMB","bRightMouseDown":false},"runId":"run1"}
{"sessionId":"cf25b3","id":"log_351000592693","timestamp":351000592693,"location":"AuraPlayerController.cpp:Look","message":"Look invoked","data":{"x":0.49000,"y":0.00000,"bRightMouseDown":false,"hypothesisId":"A"},"runId":"run1"}
{"sessionId":"cf25b3","id":"log_351000596548","timestamp":351000596548,"location":"AuraPlayerController.cpp:AbilityInputHeld","message":"Input held","data":{"InputTag":"InputTag.LMB","bRightMouseDown":false},"runId":"run1"}
{"sessionId":"cf25b3","id":"log_351000675891","timestamp":351000675891,"location":"AuraPlayerController.cpp:Look","message":"Look invoked","data":{"x":0.70000,"y":0.00000,"bRightMouseDown":false,"hypothesisId":"A"},"runId":"run1"}
{"sessionId":"cf25b3","id":"log_351000679793","timestamp":351000679793,"location":"AuraPlayerController.cpp:AbilityInputHeld","message":"Input held","data":{"InputTag":"InputTag.LMB","bRightMouseDown":false},"runId":"run1"}
{"sessionId":"cf25b3","id":"log_351000760077","timestamp":351000760077,"location":"AuraPlayerController.cpp:Look","message":"Look invoked","data":{"x":0.56000,"y":0.00000,"bRightMouseDown":false,"hypothesisId":"A"},"runId":"run1"}
{"sessionId":"cf25b3","id":"log_351000764127","timestamp":351000764127,"location":"AuraPlayerController.cpp:AbilityInputHeld","message":"Input held","data":{"InputTag":"InputTag.LMB","bRightMouseDown":false},"runId":"run1"}
{"sessionId":"cf25b3","id":"log_351000842928","timestamp":351000842928,"location":"AuraPlayerController.cpp:Look","message":"Look invoked","data":{"x":0.35000,"y":0.00000,"bRightMouseDown":false,"hypothesisId":"A"},"runId":"run1"}
{"sessionId":"cf25b3","id":"log_351000848038","timestamp":351000848038,"location":"AuraPlayerController.cpp:AbilityInputHeld","message":"Input held","data":{"InputTag":"InputTag.LMB","bRightMouseDown":false},"runId":"run1"}
{"sessionId":"cf25b3","id":"log_351000926064","timestamp":351000926064,"location":"AuraPlayerController.cpp:Look","message":"Look invoked","data":{"x":0.63000,"y":0.00000,"bRightMouseDown":false,"hypothesisId":"A"},"runId":"run1"}
{"sessionId":"cf25b3","id":"log_351000931056","timestamp":351000931056,"location":"AuraPlayerController.cpp:AbilityInputHeld","message":"Input held","data":{"InputTag":"InputTag.LMB","bRightMouseDown":false},"runId":"run1"}
{"sessionId":"cf25b3","id":"log_351001009789","timestamp":351001009789,"location":"AuraPlayerController.cpp:Look","message":"Look invoked","data":{"x":0.42000,"y":0.00000,"bRightMouseDown":false,"hypothesisId":"A"},"runId":"run1"}
{"sessionId":"cf25b3","id":"log_351001014159","timestamp":351001014159,"location":"AuraPlayerController.cpp:AbilityInputHeld","message":"Input held","data":{"InputTag":"InputTag.LMB","bRightMouseDown":false},"runId":"run1"}
{"sessionId":"cf25b3","id":"log_351001093786","timestamp":351001093786,"location":"AuraPlayerController.cpp:Look","message":"Look invoked","data":{"x":0.35000,"y":0.00000,"bRightMouseDown":false,"hypothesisId":"A"},"runId":"run1"}
{"sessionId":"cf25b3","id":"log_351001097753","timestamp":351001097753,"location":"AuraPlayerController.cpp:AbilityInputHeld","message":"Input held","data":{"InputTag":"InputTag.LMB","bRightMouseDown":false},"runId":"run1"}
{"sessionId":"cf25b3","id":"log_351001177167","timestamp":351001177167,"location":"AuraPlayerController.cpp:Look","message":"Look invoked","data":{"x":0.42000,"y":0.00000,"bRightMouseDown":false,"hypothesisId":"A"},"runId":"run1"}
{"sessionId":"cf25b3","id":"log_351001180763","timestamp":351001180763,"location":"AuraPlayerController.cpp:AbilityInputHeld","message":"Input held","data":{"InputTag":"InputTag.LMB","bRightMouseDown":false},"runId":"run1"}
{"sessionId":"cf25b3","id":"log_351001259864","timestamp":351001259864,"location":"AuraPlayerController.cpp:Look","message":"Look invoked","data":{"x":0.21000,"y":0.00000,"bRightMouseDown":false,"hypothesisId":"A"},"runId":"run1"}
{"sessionId":"cf25b3","id":"log_351001263120","timestamp":351001263120,"location":"AuraPlayerController.cpp:AbilityInputHeld","message":"Input held","data":{"InputTag":"InputTag.LMB","bRightMouseDown":false},"runId":"run1"}
{"sessionId":"cf25b3","id":"log_351001341624","timestamp":351001341624,"location":"AuraPlayerController.cpp:Look","message":"Look invoked","data":{"x":0.14000,"y":0.00000,"bRightMouseDown":false,"hypothesisId":"A"},"runId":"run1"}
{"sessionId":"cf25b3","id":"log_351001345557","timestamp":351001345557,"location":"AuraPlayerController.cpp:AbilityInputHeld","message":"Input held","data":{"InputTag":"InputTag.LMB","bRightMouseDown":false},"runId":"run1"}
{"sessionId":"cf25b3","id":"log_351001424775","timestamp":351001424775,"location":"AuraPlayerController.cpp:Look","message":"Look invoked","data":{"x":0.28000,"y":0.00000,"bRightMouseDown":false,"hypothesisId":"A"},"runId":"run1"}
{"sessionId":"cf25b3","id":"log_351001429776","timestamp":351001429776,"location":"AuraPlayerController.cpp:AbilityInputHeld","message":"Input held","data":{"InputTag":"InputTag.LMB","bRightMouseDown":false},"runId":"run1"}
{"sessionId":"cf25b3","id":"log_351001514270","timestamp":351001514270,"location":"AuraPlayerController.cpp:Look","message":"Look invoked","data":{"x":0.14000,"y":0.00000,"bRightMouseDown":false,"hypothesisId":"A"},"runId":"run1"}
{"sessionId":"cf25b3","id":"log_351001518215","timestamp":351001518215,"location":"AuraPlayerController.cpp:AbilityInputHeld","message":"Input held","data":{"InputTag":"InputTag.LMB","bRightMouseDown":false},"runId":"run1"}
{"sessionId":"cf25b3","id":"log_351001594389","timestamp":351001594389,"location":"AuraPlayerController.cpp:Look","message":"Look invoked","data":{"x":0.14000,"y":0.00000,"bRightMouseDown":false,"hypothesisId":"A"},"runId":"run1"}
{"sessionId":"cf25b3","id":"log_351001600355","timestamp":351001600355,"location":"AuraPlayerController.cpp:AbilityInputHeld","message":"Input held","data":{"InputTag":"InputTag.LMB","bRightMouseDown":false},"runId":"run1"}
{"sessionId":"cf25b3","id":"log_351001674995","timestamp":351001674995,"location":"AuraPlayerController.cpp:Look","message":"Look invoked","data":{"x":0.21000,"y":0.00000,"bRightMouseDown":false,"hypothesisId":"A"},"runId":"run1"}
{"sessionId":"cf25b3","id":"log_351001679447","timestamp":351001679447,"location":"AuraPlayerController.cpp:AbilityInputHeld","message":"Input held","data":{"InputTag":"InputTag.LMB","bRightMouseDown":false},"runId":"run1"}
{"sessionId":"cf25b3","id":"log_351001760224","timestamp":351001760224,"location":"AuraPlayerController.cpp:Look","message":"Look invoked","data":{"x":0.14000,"y":0.00000,"bRightMouseDown":false,"hypothesisId":"A"},"runId":"run1"}
{"sessionId":"cf25b3","id":"log_351001763977","timestamp":351001763977,"location":"AuraPlayerController.cpp:AbilityInputHeld","message":"Input held","data":{"InputTag":"InputTag.LMB","bRightMouseDown":false},"runId":"run1"}
{"sessionId":"cf25b3","id":"log_351001843034","timestamp":351001843034,"location":"AuraPlayerController.cpp:Look","message":"Look invoked","data":{"x":0.07000,"y":0.00000,"bRightMouseDown":false,"hypothesisId":"A"},"runId":"run1"}
{"sessionId":"cf25b3","id":"log_351001846607","timestamp":351001846607,"location":"AuraPlayerController.cpp:AbilityInputHeld","message":"Input held","data":{"InputTag":"InputTag.LMB","bRightMouseDown":false},"runId":"run1"}
{"sessionId":"cf25b3","id":"log_351001925233","timestamp":351001925233,"location":"AuraPlayerController.cpp:Look","message":"Look invoked","data":{"x":0.21000,"y":0.00000,"bRightMouseDown":false,"hypothesisId":"A"},"runId":"run1"}
{"sessionId":"cf25b3","id":"log_351001928994","timestamp":351001928994,"location":"AuraPlayerController.cpp:AbilityInputHeld","message":"Input held","data":{"InputTag":"InputTag.LMB","bRightMouseDown":false},"runId":"run1"}
{"sessionId":"cf25b3","id":"log_351002008320","timestamp":351002008320,"location":"AuraPlayerController.cpp:Look","message":"Look invoked","data":{"x":0.07000,"y":0.00000,"bRightMouseDown":false,"hypothesisId":"A"},"runId":"run1"}
{"sessionId":"cf25b3","id":"log_351002012089","timestamp":351002012089,"location":"AuraPlayerController.cpp:AbilityInputHeld","message":"Input held","data":{"InputTag":"InputTag.LMB","bRightMouseDown":false},"runId":"run1"}
{"sessionId":"cf25b3","id":"log_351002091567","timestamp":351002091567,"location":"AuraPlayerController.cpp:Look","message":"Look invoked","data":{"x":0.07000,"y":0.00000,"bRightMouseDown":false,"hypothesisId":"A"},"runId":"run1"}
{"sessionId":"cf25b3","id":"log_351002095292","timestamp":351002095292,"location":"AuraPlayerController.cpp:AbilityInputHeld","message":"Input held","data":{"InputTag":"InputTag.LMB","bRightMouseDown":false},"runId":"run1"}
{"sessionId":"cf25b3","id":"log_351002175731","timestamp":351002175731,"location":"AuraPlayerController.cpp:Look","message":"Look invoked","data":{"x":0.07000,"y":0.00000,"bRightMouseDown":false,"hypothesisId":"A"},"runId":"run1"}
{"sessionId":"cf25b3","id":"log_351002179423","timestamp":351002179423,"location":"AuraPlayerController.cpp:AbilityInputHeld","message":"Input held","data":{"InputTag":"InputTag.LMB","bRightMouseDown":false},"runId":"run1"}
{"sessionId":"cf25b3","id":"log_351002257455","timestamp":351002257455,"location":"AuraPlayerController.cpp:AbilityInputHeld","message":"Input held","data":{"InputTag":"InputTag.LMB","bRightMouseDown":false},"runId":"run1"}
{"sessionId":"cf25b3","id":"log_351002341404","timestamp":351002341404,"location":"AuraPlayerController.cpp:Look","message":"Look invoked","data":{"x":0.07000,"y":0.00000,"bRightMouseDown":false,"hypothesisId":"A"},"runId":"run1"}
{"sessionId":"cf25b3","id":"log_351002345311","timestamp":351002345311,"location":"AuraPlayerController.cpp:AbilityInputHeld","message":"Input held","data":{"InputTag":"InputTag.LMB","bRightMouseDown":false},"runId":"run1"}
{"sessionId":"cf25b3","id":"log_351002423514","timestamp":351002423514,"location":"AuraPlayerController.cpp:AbilityInputHeld","message":"Input held","data":{"InputTag":"InputTag.LMB","bRightMouseDown":false},"runId":"run1"}
{"sessionId":"cf25b3","id":"log_351002506981","timestamp":351002506981,"location":"AuraPlayerController.cpp:AbilityInputHeld","message":"Input held","data":{"InputTag":"InputTag.LMB","bRightMouseDown":false},"runId":"run1"}
{"sessionId":"cf25b3","id":"log_351002590463","timestamp":351002590463,"location":"AuraPlayerController.cpp:AbilityInputHeld","message":"Input held","data":{"InputTag":"InputTag.LMB","bRightMouseDown":false},"runId":"run1"}
{"sessionId":"cf25b3","id":"log_351002676276","timestamp":351002676276,"location":"AuraPlayerController.cpp:AbilityInputHeld","message":"Input held","data":{"InputTag":"InputTag.LMB","bRightMouseDown":false},"runId":"run1"}
{"sessionId":"cf25b3","id":"log_351002757065","timestamp":351002757065,"location":"AuraPlayerController.cpp:AbilityInputHeld","message":"Input held","data":{"InputTag":"InputTag.LMB","bRightMouseDown":false},"runId":"run1"}
{"sessionId":"cf25b3","id":"log_351002841472","timestamp":351002841472,"location":"AuraPlayerController.cpp:AbilityInputHeld","message":"Input held","data":{"InputTag":"InputTag.LMB","bRightMouseDown":false},"runId":"run1"}
{"sessionId":"cf25b3","id":"log_351002923589","timestamp":351002923589,"location":"AuraPlayerController.cpp:AbilityInputHeld","message":"Input held","data":{"InputTag":"InputTag.LMB","bRightMouseDown":false},"runId":"run1"}
{"sessionId":"cf25b3","id":"log_351003007030","timestamp":351003007030,"location":"AuraPlayerController.cpp:AbilityInputHeld","message":"Input held","data":{"InputTag":"InputTag.LMB","bRightMouseDown":false},"runId":"run1"}
{"sessionId":"cf25b3","id":"log_351003090262","timestamp":351003090262,"location":"AuraPlayerController.cpp:AbilityInputHeld","message":"Input held","data":{"InputTag":"InputTag.LMB","bRightMouseDown":false},"runId":"run1"}
{"sessionId":"cf25b3","id":"log_351003173494","timestamp":351003173494,"location":"AuraPlayerController.cpp:AbilityInputHeld","message":"Input held","data":{"InputTag":"InputTag.LMB","bRightMouseDown":false},"runId":"run1"}
{"sessionId":"cf25b3","id":"log_351003257151","timestamp":351003257151,"location":"AuraPlayerController.cpp:AbilityInputHeld","message":"Input held","data":{"InputTag":"InputTag.LMB","bRightMouseDown":false},"runId":"run1"}
{"sessionId":"cf25b3","id":"log_351003340299","timestamp":351003340299,"location":"AuraPlayerController.cpp:AbilityInputHeld","message":"Input held","data":{"InputTag":"InputTag.LMB","bRightMouseDown":false},"runId":"run1"}
{"sessionId":"cf25b3","id":"log_351003423463","timestamp":351003423463,"location":"AuraPlayerController.cpp:AbilityInputHeld","message":"Input held","data":{"InputTag":"InputTag.LMB","bRightMouseDown":false},"runId":"run1"}
{"sessionId":"cf25b3","id":"log_351003506906","timestamp":351003506906,"location":"AuraPlayerController.cpp:AbilityInputHeld","message":"Input held","data":{"InputTag":"InputTag.LMB","bRightMouseDown":false},"runId":"run1"}
{"sessionId":"cf25b3","id":"log_351003590290","timestamp":351003590290,"location":"AuraPlayerController.cpp:AbilityInputHeld","message":"Input held","data":{"InputTag":"InputTag.LMB","bRightMouseDown":false},"runId":"run1"}
{"sessionId":"cf25b3","id":"log_351003673760","timestamp":351003673760,"location":"AuraPlayerController.cpp:AbilityInputHeld","message":"Input held","data":{"InputTag":"InputTag.LMB","bRightMouseDown":false},"runId":"run1"}
{"sessionId":"cf25b3","id":"log_351003757656","timestamp":351003757656,"location":"AuraPlayerController.cpp:AbilityInputHeld","message":"Input held","data":{"InputTag":"InputTag.LMB","bRightMouseDown":false},"runId":"run1"}
{"sessionId":"cf25b3","id":"log_351003840345","timestamp":351003840345,"location":"AuraPlayerController.cpp:AbilityInputHeld","message":"Input held","data":{"InputTag":"InputTag.LMB","bRightMouseDown":false},"runId":"run1"}
{"sessionId":"cf25b3","id":"log_351003923559","timestamp":351003923559,"location":"AuraPlayerController.cpp:AbilityInputHeld","message":"Input held","data":{"InputTag":"InputTag.LMB","bRightMouseDown":false},"runId":"run1"}
{"sessionId":"cf25b3","id":"log_351004007130","timestamp":351004007130,"location":"AuraPlayerController.cpp:AbilityInputHeld","message":"Input held","data":{"InputTag":"InputTag.LMB","bRightMouseDown":false},"runId":"run1"}
{"sessionId":"cf25b3","id":"log_351004091531","timestamp":351004091531,"location":"AuraPlayerController.cpp:AbilityInputHeld","message":"Input held","data":{"InputTag":"InputTag.LMB","bRightMouseDown":false},"runId":"run1"}
{"sessionId":"cf25b3","id":"log_351004173502","timestamp":351004173502,"location":"AuraPlayerController.cpp:AbilityInputHeld","message":"Input held","data":{"InputTag":"InputTag.LMB","bRightMouseDown":false},"runId":"run1"}
{"sessionId":"cf25b3","id":"log_351004257650","timestamp":351004257650,"location":"AuraPlayerController.cpp:AbilityInputHeld","message":"Input held","data":{"InputTag":"InputTag.LMB","bRightMouseDown":false},"runId":"run1"}
{"sessionId":"cf25b3","id":"log_351004340163","timestamp":351004340163,"location":"AuraPlayerController.cpp:AbilityInputHeld","message":"Input held","data":{"InputTag":"InputTag.LMB","bRightMouseDown":false},"runId":"run1"}
{"sessionId":"cf25b3","id":"log_351004423910","timestamp":351004423910,"location":"AuraPlayerController.cpp:AbilityInputHeld","message":"Input held","data":{"InputTag":"InputTag.LMB","bRightMouseDown":false},"runId":"run1"}
{"sessionId":"cf25b3","id":"log_351004506904","timestamp":351004506904,"location":"AuraPlayerController.cpp:AbilityInputHeld","message":"Input held","data":{"InputTag":"InputTag.LMB","bRightMouseDown":false},"runId":"run1"}
{"sessionId":"cf25b3","id":"log_351004590683","timestamp":351004590683,"location":"AuraPlayerController.cpp:AbilityInputHeld","message":"Input held","data":{"InputTag":"InputTag.LMB","bRightMouseDown":false},"runId":"run1"}
{"sessionId":"cf25b3","id":"log_351004673720","timestamp":351004673720,"location":"AuraPlayerController.cpp:AbilityInputHeld","message":"Input held","data":{"InputTag":"InputTag.LMB","bRightMouseDown":false},"runId":"run1"}
{"sessionId":"cf25b3","id":"log_351004757179","timestamp":351004757179,"location":"AuraPlayerController.cpp:AbilityInputHeld","message":"Input held","data":{"InputTag":"InputTag.LMB","bRightMouseDown":false},"runId":"run1"}
{"sessionId":"cf25b3","id":"log_351004840061","timestamp":351004840061,"location":"AuraPlayerController.cpp:AbilityInputHeld","message":"Input held","data":{"InputTag":"InputTag.LMB","bRightMouseDown":false},"runId":"run1"}
{"sessionId":"cf25b3","id":"log_351004923272","timestamp":351004923272,"location":"AuraPlayerController.cpp:AbilityInputHeld","message":"Input held","data":{"InputTag":"InputTag.LMB","bRightMouseDown":false},"runId":"run1"}
{"sessionId":"cf25b3","id":"log_351005008070","timestamp":351005008070,"location":"AuraPlayerController.cpp:AbilityInputHeld","message":"Input held","data":{"InputTag":"InputTag.LMB","bRightMouseDown":false},"runId":"run1"}
{"sessionId":"cf25b3","id":"log_351005090255","timestamp":351005090255,"location":"AuraPlayerController.cpp:AbilityInputHeld","message":"Input held","data":{"InputTag":"InputTag.LMB","bRightMouseDown":false},"runId":"run1"}
{"sessionId":"cf25b3","id":"log_351005173967","timestamp":351005173967,"location":"AuraPlayerController.cpp:AbilityInputHeld","message":"Input held","data":{"InputTag":"InputTag.LMB","bRightMouseDown":false},"runId":"run1"}
{"sessionId":"cf25b3","id":"log_351005257537","timestamp":351005257537,"location":"AuraPlayerController.cpp:AbilityInputHeld","message":"Input held","data":{"InputTag":"InputTag.LMB","bRightMouseDown":false},"runId":"run1"}
{"sessionId":"cf25b3","id":"log_351005340203","timestamp":351005340203,"location":"AuraPlayerController.cpp:AbilityInputHeld","message":"Input held","data":{"InputTag":"InputTag.LMB","bRightMouseDown":false},"runId":"run1"}
{"sessionId":"cf25b3","id":"log_351005423523","timestamp":351005423523,"location":"AuraPlayerController.cpp:AbilityInputHeld","message":"Input held","data":{"InputTag":"InputTag.LMB","bRightMouseDown":false},"runId":"run1"}
{"sessionId":"cf25b3","id":"log_351005508901","timestamp":351005508901,"location":"AuraPlayerController.cpp:Look","message":"Look invoked","data":{"x":0.14000,"y":0.00000,"bRightMouseDown":false,"hypothesisId":"A"},"runId":"run1"}
{"sessionId":"cf25b3","id":"log_351005513345","timestamp":351005513345,"location":"AuraPlayerController.cpp:AbilityInputHeld","message":"Input held","data":{"InputTag":"InputTag.LMB","bRightMouseDown":false},"runId":"run1"}
{"sessionId":"cf25b3","id":"log_351005591883","timestamp":351005591883,"location":"AuraPlayerController.cpp:Look","message":"Look invoked","data":{"x":0.21000,"y":0.00000,"bRightMouseDown":false,"hypothesisId":"A"},"runId":"run1"}
{"sessionId":"cf25b3","id":"log_351005595946","timestamp":351005595946,"location":"AuraPlayerController.cpp:AbilityInputHeld","message":"Input held","data":{"InputTag":"InputTag.LMB","bRightMouseDown":false},"runId":"run1"}
{"sessionId":"cf25b3","id":"log_351005675485","timestamp":351005675485,"location":"AuraPlayerController.cpp:Look","message":"Look invoked","data":{"x":0.42000,"y":0.00000,"bRightMouseDown":false,"hypothesisId":"A"},"runId":"run1"}
{"sessionId":"cf25b3","id":"log_351005679219","timestamp":351005679219,"location":"AuraPlayerController.cpp:AbilityInputHeld","message":"Input held","data":{"InputTag":"InputTag.LMB","bRightMouseDown":false},"runId":"run1"}
{"sessionId":"cf25b3","id":"log_351005758483","timestamp":351005758483,"location":"AuraPlayerController.cpp:Look","message":"Look invoked","data":{"x":0.35000,"y":0.00000,"bRightMouseDown":false,"hypothesisId":"A"},"runId":"run1"}
{"sessionId":"cf25b3","id":"log_351005761935","timestamp":351005761935,"location":"AuraPlayerController.cpp:AbilityInputHeld","message":"Input held","data":{"InputTag":"InputTag.LMB","bRightMouseDown":false},"runId":"run1"}
{"sessionId":"cf25b3","id":"log_351005841911","timestamp":351005841911,"location":"AuraPlayerController.cpp:Look","message":"Look invoked","data":{"x":0.56000,"y":0.00000,"bRightMouseDown":false,"hypothesisId":"A"},"runId":"run1"}
{"sessionId":"cf25b3","id":"log_351005845841","timestamp":351005845841,"location":"AuraPlayerController.cpp:AbilityInputHeld","message":"Input held","data":{"InputTag":"InputTag.LMB","bRightMouseDown":false},"runId":"run1"}
{"sessionId":"cf25b3","id":"log_351005925016","timestamp":351005925016,"location":"AuraPlayerController.cpp:Look","message":"Look invoked","data":{"x":0.91000,"y":0.00000,"bRightMouseDown":false,"hypothesisId":"A"},"runId":"run1"}
{"sessionId":"cf25b3","id":"log_351005928886","timestamp":351005928886,"location":"AuraPlayerController.cpp:AbilityInputHeld","message":"Input held","data":{"InputTag":"InputTag.LMB","bRightMouseDown":false},"runId":"run1"}
{"sessionId":"cf25b3","id":"log_351006010008","timestamp":351006010008,"location":"AuraPlayerController.cpp:Look","message":"Look invoked","data":{"x":0.98000,"y":0.00000,"bRightMouseDown":false,"hypothesisId":"A"},"runId":"run1"}
{"sessionId":"cf25b3","id":"log_351006013615","timestamp":351006013615,"location":"AuraPlayerController.cpp:AbilityInputHeld","message":"Input held","data":{"InputTag":"InputTag.LMB","bRightMouseDown":false},"runId":"run1"}
{"sessionId":"cf25b3","id":"log_351006092174","timestamp":351006092174,"location":"AuraPlayerController.cpp:Look","message":"Look invoked","data":{"x":0.84000,"y":0.00000,"bRightMouseDown":false,"hypothesisId":"A"},"runId":"run1"}
{"sessionId":"cf25b3","id":"log_351006095697","timestamp":351006095697,"location":"AuraPlayerController.cpp:AbilityInputHeld","message":"Input held","data":{"InputTag":"InputTag.LMB","bRightMouseDown":false},"runId":"run1"}
{"sessionId":"cf25b3","id":"log_351006175467","timestamp":351006175467,"location":"AuraPlayerController.cpp:Look","message":"Look invoked","data":{"x":1.54000,"y":0.00000,"bRightMouseDown":false,"hypothesisId":"A"},"runId":"run1"}
{"sessionId":"cf25b3","id":"log_351006179275","timestamp":351006179275,"location":"AuraPlayerController.cpp:AbilityInputHeld","message":"Input held","data":{"InputTag":"InputTag.LMB","bRightMouseDown":false},"runId":"run1"}
{"sessionId":"cf25b3","id":"log_351006261328","timestamp":351006261328,"location":"AuraPlayerController.cpp:Look","message":"Look invoked","data":{"x":1.19000,"y":0.00000,"bRightMouseDown":false,"hypothesisId":"A"},"runId":"run1"}
{"sessionId":"cf25b3","id":"log_351006264708","timestamp":351006264708,"location":"AuraPlayerController.cpp:AbilityInputHeld","message":"Input held","data":{"InputTag":"InputTag.LMB","bRightMouseDown":false},"runId":"run1"}
{"sessionId":"cf25b3","id":"log_351006341917","timestamp":351006341917,"location":"AuraPlayerController.cpp:Look","message":"Look invoked","data":{"x":1.05000,"y":0.00000,"bRightMouseDown":false,"hypothesisId":"A"},"runId":"run1"}
{"sessionId":"cf25b3","id":"log_351006346107","timestamp":351006346107,"location":"AuraPlayerController.cpp:AbilityInputHeld","message":"Input held","data":{"InputTag":"InputTag.LMB","bRightMouseDown":false},"runId":"run1"}
{"sessionId":"cf25b3","id":"log_351006425262","timestamp":351006425262,"location":"AuraPlayerController.cpp:Look","message":"Look invoked","data":{"x":1.61000,"y":0.00000,"bRightMouseDown":false,"hypothesisId":"A"},"runId":"run1"}
{"sessionId":"cf25b3","id":"log_351006429442","timestamp":351006429442,"location":"AuraPlayerController.cpp:AbilityInputHeld","message":"Input held","data":{"InputTag":"InputTag.LMB","bRightMouseDown":false},"runId":"run1"}
{"sessionId":"cf25b3","id":"log_351006511432","timestamp":351006511432,"location":"AuraPlayerController.cpp:Look","message":"Look invoked","data":{"x":1.05000,"y":0.00000,"bRightMouseDown":false,"hypothesisId":"A"},"runId":"run1"}
{"sessionId":"cf25b3","id":"log_351006515947","timestamp":351006515947,"location":"AuraPlayerController.cpp:AbilityInputHeld","message":"Input held","data":{"InputTag":"InputTag.LMB","bRightMouseDown":false},"runId":"run1"}
{"sessionId":"cf25b3","id":"log_351006591970","timestamp":351006591970,"location":"AuraPlayerController.cpp:Look","message":"Look invoked","data":{"x":0.84000,"y":0.00000,"bRightMouseDown":false,"hypothesisId":"A"},"runId":"run1"}
{"sessionId":"cf25b3","id":"log_351006595516","timestamp":351006595516,"location":"AuraPlayerController.cpp:AbilityInputHeld","message":"Input held","data":{"InputTag":"InputTag.LMB","bRightMouseDown":false},"runId":"run1"}
{"sessionId":"cf25b3","id":"log_351006675490","timestamp":351006675490,"location":"AuraPlayerController.cpp:Look","message":"Look invoked","data":{"x":0.70000,"y":0.00000,"bRightMouseDown":false,"hypothesisId":"A"},"runId":"run1"}
{"sessionId":"cf25b3","id":"log_351006679991","timestamp":351006679991,"location":"AuraPlayerController.cpp:AbilityInputHeld","message":"Input held","data":{"InputTag":"InputTag.LMB","bRightMouseDown":false},"runId":"run1"}
{"sessionId":"cf25b3","id":"log_351006759701","timestamp":351006759701,"location":"AuraPlayerController.cpp:Look","message":"Look invoked","data":{"x":0.91000,"y":0.00000,"bRightMouseDown":false,"hypothesisId":"A"},"runId":"run1"}
{"sessionId":"cf25b3","id":"log_351006765100","timestamp":351006765100,"location":"AuraPlayerController.cpp:AbilityInputHeld","message":"Input held","data":{"InputTag":"InputTag.LMB","bRightMouseDown":false},"runId":"run1"}
{"sessionId":"cf25b3","id":"log_351006841558","timestamp":351006841558,"location":"AuraPlayerController.cpp:Look","message":"Look invoked","data":{"x":0.56000,"y":0.00000,"bRightMouseDown":false,"hypothesisId":"A"},"runId":"run1"}
{"sessionId":"cf25b3","id":"log_351006845267","timestamp":351006845267,"location":"AuraPlayerController.cpp:AbilityInputHeld","message":"Input held","data":{"InputTag":"InputTag.LMB","bRightMouseDown":false},"runId":"run1"}
{"sessionId":"cf25b3","id":"log_351006925374","timestamp":351006925374,"location":"AuraPlayerController.cpp:Look","message":"Look invoked","data":{"x":0.77000,"y":0.00000,"bRightMouseDown":false,"hypothesisId":"A"},"runId":"run1"}
{"sessionId":"cf25b3","id":"log_351006928690","timestamp":351006928690,"location":"AuraPlayerController.cpp:AbilityInputHeld","message":"Input held","data":{"InputTag":"InputTag.LMB","bRightMouseDown":false},"runId":"run1"}
{"sessionId":"cf25b3","id":"log_351007008842","timestamp":351007008842,"location":"AuraPlayerController.cpp:Look","message":"Look invoked","data":{"x":0.56000,"y":0.00000,"bRightMouseDown":false,"hypothesisId":"A"},"runId":"run1"}
{"sessionId":"cf25b3","id":"log_351007013541","timestamp":351007013541,"location":"AuraPlayerController.cpp:AbilityInputHeld","message":"Input held","data":{"InputTag":"InputTag.LMB","bRightMouseDown":false},"runId":"run1"}
{"sessionId":"cf25b3","id":"log_351007091822","timestamp":351007091822,"location":"AuraPlayerController.cpp:Look","message":"Look invoked","data":{"x":0.28000,"y":0.00000,"bRightMouseDown":false,"hypothesisId":"A"},"runId":"run1"}
{"sessionId":"cf25b3","id":"log_351007095578","timestamp":351007095578,"location":"AuraPlayerController.cpp:AbilityInputHeld","message":"Input held","data":{"InputTag":"InputTag.LMB","bRightMouseDown":false},"runId":"run1"}
{"sessionId":"cf25b3","id":"log_351007175597","timestamp":351007175597,"location":"AuraPlayerController.cpp:Look","message":"Look invoked","data":{"x":0.49000,"y":0.00000,"bRightMouseDown":false,"hypothesisId":"A"},"runId":"run1"}
{"sessionId":"cf25b3","id":"log_351007179090","timestamp":351007179090,"location":"AuraPlayerController.cpp:AbilityInputHeld","message":"Input held","data":{"InputTag":"InputTag.LMB","bRightMouseDown":false},"runId":"run1"}
{"sessionId":"cf25b3","id":"log_351007268108","timestamp":351007268108,"location":"AuraPlayerController.cpp:Look","message":"Look invoked","data":{"x":0.28000,"y":0.00000,"bRightMouseDown":false,"hypothesisId":"A"},"runId":"run1"}
{"sessionId":"cf25b3","id":"log_351007271973","timestamp":351007271973,"location":"AuraPlayerController.cpp:AbilityInputHeld","message":"Input held","data":{"InputTag":"InputTag.LMB","bRightMouseDown":false},"runId":"run1"}
{"sessionId":"cf25b3","id":"log_351007341524","timestamp":351007341524,"location":"AuraPlayerController.cpp:Look","message":"Look invoked","data":{"x":0.14000,"y":0.00000,"bRightMouseDown":false,"hypothesisId":"A"},"runId":"run1"}
{"sessionId":"cf25b3","id":"log_351007345433","timestamp":351007345433,"location":"AuraPlayerController.cpp:AbilityInputHeld","message":"Input held","data":{"InputTag":"InputTag.LMB","bRightMouseDown":false},"runId":"run1"}
{"sessionId":"cf25b3","id":"log_351007426792","timestamp":351007426792,"location":"AuraPlayerController.cpp:Look","message":"Look invoked","data":{"x":0.21000,"y":0.00000,"bRightMouseDown":false,"hypothesisId":"A"},"runId":"run1"}
{"sessionId":"cf25b3","id":"log_351007430765","timestamp":351007430765,"location":"AuraPlayerController.cpp:AbilityInputHeld","message":"Input held","data":{"InputTag":"InputTag.LMB","bRightMouseDown":false},"runId":"run1"}
{"sessionId":"cf25b3","id":"log_351007507281","timestamp":351007507281,"location":"AuraPlayerController.cpp:AbilityInputHeld","message":"Input held","data":{"InputTag":"InputTag.LMB","bRightMouseDown":false},"runId":"run1"}
{"sessionId":"cf25b3","id":"log_351007591150","timestamp":351007591150,"location":"AuraPlayerController.cpp:AbilityInputHeld","message":"Input held","data":{"InputTag":"InputTag.LMB","bRightMouseDown":false},"runId":"run1"}
{"sessionId":"cf25b3","id":"log_351007673806","timestamp":351007673806,"location":"AuraPlayerController.cpp:AbilityInputHeld","message":"Input held","data":{"InputTag":"InputTag.LMB","bRightMouseDown":false},"runId":"run1"}
{"sessionId":"cf25b3","id":"log_351007757016","timestamp":351007757016,"location":"AuraPlayerController.cpp:AbilityInputHeld","message":"Input held","data":{"InputTag":"InputTag.LMB","bRightMouseDown":false},"runId":"run1"}
{"sessionId":"cf25b3","id":"log_351007840244","timestamp":351007840244,"location":"AuraPlayerController.cpp:AbilityInputHeld","message":"Input held","data":{"InputTag":"InputTag.LMB","bRightMouseDown":false},"runId":"run1"}
{"sessionId":"cf25b3","id":"log_351007923704","timestamp":351007923704,"location":"AuraPlayerController.cpp:AbilityInputHeld","message":"Input held","data":{"InputTag":"InputTag.LMB","bRightMouseDown":false},"runId":"run1"}
{"sessionId":"cf25b3","id":"log_351008007415","timestamp":351008007415,"location":"AuraPlayerController.cpp:AbilityInputHeld","message":"Input held","data":{"InputTag":"InputTag.LMB","bRightMouseDown":false},"runId":"run1"}
{"sessionId":"cf25b3","id":"log_351008090269","timestamp":351008090269,"location":"AuraPlayerController.cpp:AbilityInputHeld","message":"Input held","data":{"InputTag":"InputTag.LMB","bRightMouseDown":false},"runId":"run1"}
{"sessionId":"cf25b3","id":"log_351008173990","timestamp":351008173990,"location":"AuraPlayerController.cpp:AbilityInputHeld","message":"Input held","data":{"InputTag":"InputTag.LMB","bRightMouseDown":false},"runId":"run1"}
{"sessionId":"cf25b3","id":"log_351008257287","timestamp":351008257287,"location":"AuraPlayerController.cpp:AbilityInputHeld","message":"Input held","data":{"InputTag":"InputTag.LMB","bRightMouseDown":false},"runId":"run1"}
{"sessionId":"cf25b3","id":"log_351008340859","timestamp":351008340859,"location":"AuraPlayerController.cpp:AbilityInputHeld","message":"Input held","data":{"InputTag":"InputTag.LMB","bRightMouseDown":false},"runId":"run1"}
{"sessionId":"cf25b3","id":"log_351008423956","timestamp":351008423956,"location":"AuraPlayerController.cpp:AbilityInputHeld","message":"Input held","data":{"InputTag":"InputTag.LMB","bRightMouseDown":false},"runId":"run1"}
{"sessionId":"cf25b3","id":"log_351008507077","timestamp":351008507077,"location":"AuraPlayerController.cpp:AbilityInputHeld","message":"Input held","data":{"InputTag":"InputTag.LMB","bRightMouseDown":false},"runId":"run1"}
{"sessionId":"cf25b3","id":"log_351008590793","timestamp":351008590793,"location":"AuraPlayerController.cpp:AbilityInputHeld","message":"Input held","data":{"InputTag":"InputTag.LMB","bRightMouseDown":false},"runId":"run1"}
{"sessionId":"cf25b3","id":"log_351008673821","timestamp":351008673821,"location":"AuraPlayerController.cpp:AbilityInputHeld","message":"Input held","data":{"InputTag":"InputTag.LMB","bRightMouseDown":false},"runId":"run1"}
{"sessionId":"cf25b3","id":"log_351008757184","timestamp":351008757184,"location":"AuraPlayerController.cpp:AbilityInputHeld","message":"Input held","data":{"InputTag":"InputTag.LMB","bRightMouseDown":false},"runId":"run1"}
{"sessionId":"cf25b3","id":"log_351008840716","timestamp":351008840716,"location":"AuraPlayerController.cpp:AbilityInputHeld","message":"Input held","data":{"InputTag":"InputTag.LMB","bRightMouseDown":false},"runId":"run1"}
{"sessionId":"cf25b3","id":"log_351008924014","timestamp":351008924014,"location":"AuraPlayerController.cpp:AbilityInputHeld","message":"Input held","data":{"InputTag":"InputTag.LMB","bRightMouseDown":false},"runId":"run1"}
{"sessionId":"cf25b3","id":"log_351009006957","timestamp":351009006957,"location":"AuraPlayerController.cpp:AbilityInputHeld","message":"Input held","data":{"InputTag":"InputTag.LMB","bRightMouseDown":false},"runId":"run1"}
{"sessionId":"cf25b3","id":"log_351009090770","timestamp":351009090770,"location":"AuraPlayerController.cpp:AbilityInputHeld","message":"Input held","data":{"InputTag":"InputTag.LMB","bRightMouseDown":false},"runId":"run1"}
{"sessionId":"cf25b3","id":"log_351009173973","timestamp":351009173973,"location":"AuraPlayerController.cpp:AbilityInputHeld","message":"Input held","data":{"InputTag":"InputTag.LMB","bRightMouseDown":false},"runId":"run1"}
{"sessionId":"cf25b3","id":"log_351009257415","timestamp":351009257415,"location":"AuraPlayerController.cpp:AbilityInputHeld","message":"Input held","data":{"InputTag":"InputTag.LMB","bRightMouseDown":false},"runId":"run1"}
{"sessionId":"cf25b3","id":"log_351009340516","timestamp":351009340516,"location":"AuraPlayerController.cpp:AbilityInputHeld","message":"Input held","data":{"InputTag":"InputTag.LMB","bRightMouseDown":false},"runId":"run1"}
{"sessionId":"cf25b3","id":"log_351009423708","timestamp":351009423708,"location":"AuraPlayerController.cpp:AbilityInputHeld","message":"Input held","data":{"InputTag":"InputTag.LMB","bRightMouseDown":false},"runId":"run1"}
{"sessionId":"cf25b3","id":"log_351009507105","timestamp":351009507105,"location":"AuraPlayerController.cpp:AbilityInputHeld","message":"Input held","data":{"InputTag":"InputTag.LMB","bRightMouseDown":false},"runId":"run1"}
{"sessionId":"cf25b3","id":"log_351009591389","timestamp":351009591389,"location":"AuraPlayerController.cpp:AbilityInputHeld","message":"Input held","data":{"InputTag":"InputTag.LMB","bRightMouseDown":false},"runId":"run1"}
{"sessionId":"cf25b3","id":"log_351009674094","timestamp":351009674094,"location":"AuraPlayerController.cpp:AbilityInputHeld","message":"Input held","data":{"InputTag":"InputTag.LMB","bRightMouseDown":false},"runId":"run1"}
{"sessionId":"cf25b3","id":"log_351009757164","timestamp":351009757164,"location":"AuraPlayerController.cpp:AbilityInputHeld","message":"Input held","data":{"InputTag":"InputTag.LMB","bRightMouseDown":false},"runId":"run1"}
{"sessionId":"cf25b3","id":"log_351009840838","timestamp":351009840838,"location":"AuraPlayerController.cpp:AbilityInputHeld","message":"Input held","data":{"InputTag":"InputTag.LMB","bRightMouseDown":false},"runId":"run1"}
{"sessionId":"cf25b3","id":"log_351009924015","timestamp":351009924015,"location":"AuraPlayerController.cpp:AbilityInputHeld","message":"Input held","data":{"InputTag":"InputTag.LMB","bRightMouseDown":false},"runId":"run1"}
{"sessionId":"cf25b3","id":"log_351010007237","timestamp":351010007237,"location":"AuraPlayerController.cpp:AbilityInputHeld","message":"Input held","data":{"InputTag":"InputTag.LMB","bRightMouseDown":false},"runId":"run1"}
{"sessionId":"cf25b3","id":"log_351010090964","timestamp":351010090964,"location":"AuraPlayerController.cpp:AbilityInputHeld","message":"Input held","data":{"InputTag":"InputTag.LMB","bRightMouseDown":false},"runId":"run1"}
{"sessionId":"cf25b3","id":"log_351010173988","timestamp":351010173988,"location":"AuraPlayerController.cpp:AbilityInputHeld","message":"Input held","data":{"InputTag":"InputTag.LMB","bRightMouseDown":false},"runId":"run1"}
{"sessionId":"cf25b3","id":"log_351010257300","timestamp":351010257300,"location":"AuraPlayerController.cpp:AbilityInputHeld","message":"Input held","data":{"InputTag":"InputTag.LMB","bRightMouseDown":false},"runId":"run1"}
{"sessionId":"cf25b3","id":"log_351010342300","timestamp":351010342300,"location":"AuraPlayerController.cpp:Look","message":"Look invoked","data":{"x":0.14000,"y":0.00000,"bRightMouseDown":false,"hypothesisId":"A"},"runId":"run1"}
{"sessionId":"cf25b3","id":"log_351010347694","timestamp":351010347694,"location":"AuraPlayerController.cpp:AbilityInputHeld","message":"Input held","data":{"InputTag":"InputTag.LMB","bRightMouseDown":false},"runId":"run1"}
{"sessionId":"cf25b3","id":"log_351010425209","timestamp":351010425209,"location":"AuraPlayerController.cpp:Look","message":"Look invoked","data":{"x":-0.28000,"y":0.00000,"bRightMouseDown":false,"hypothesisId":"A"},"runId":"run1"}
{"sessionId":"cf25b3","id":"log_351010428886","timestamp":351010428886,"location":"AuraPlayerController.cpp:AbilityInputHeld","message":"Input held","data":{"InputTag":"InputTag.LMB","bRightMouseDown":false},"runId":"run1"}
{"sessionId":"cf25b3","id":"log_351010510904","timestamp":351010510904,"location":"AuraPlayerController.cpp:Look","message":"Look invoked","data":{"x":0.35000,"y":0.00000,"bRightMouseDown":false,"hypothesisId":"A"},"runId":"run1"}
{"sessionId":"cf25b3","id":"log_351010514253","timestamp":351010514253,"location":"AuraPlayerController.cpp:AbilityInputHeld","message":"Input held","data":{"InputTag":"InputTag.LMB","bRightMouseDown":false},"runId":"run1"}
{"sessionId":"cf25b3","id":"log_351010592343","timestamp":351010592343,"location":"AuraPlayerController.cpp:Look","message":"Look invoked","data":{"x":-0.35000,"y":0.00000,"bRightMouseDown":false,"hypothesisId":"A"},"runId":"run1"}
{"sessionId":"cf25b3","id":"log_351010597572","timestamp":351010597572,"location":"AuraPlayerController.cpp:AbilityInputHeld","message":"Input held","data":{"InputTag":"InputTag.LMB","bRightMouseDown":false},"runId":"run1"}
{"sessionId":"cf25b3","id":"log_351010676064","timestamp":351010676064,"location":"AuraPlayerController.cpp:Look","message":"Look invoked","data":{"x":-0.56000,"y":0.00000,"bRightMouseDown":false,"hypothesisId":"A"},"runId":"run1"}
{"sessionId":"cf25b3","id":"log_351010679595","timestamp":351010679595,"location":"AuraPlayerController.cpp:AbilityInputHeld","message":"Input held","data":{"InputTag":"InputTag.LMB","bRightMouseDown":false},"runId":"run1"}
{"sessionId":"cf25b3","id":"log_351010759298","timestamp":351010759298,"location":"AuraPlayerController.cpp:Look","message":"Look invoked","data":{"x":-0.14000,"y":0.00000,"bRightMouseDown":false,"hypothesisId":"A"},"runId":"run1"}
{"sessionId":"cf25b3","id":"log_351010762751","timestamp":351010762751,"location":"AuraPlayerController.cpp:AbilityInputHeld","message":"Input held","data":{"InputTag":"InputTag.LMB","bRightMouseDown":false},"runId":"run1"}
{"sessionId":"cf25b3","id":"log_351010844126","timestamp":351010844126,"location":"AuraPlayerController.cpp:Look","message":"Look invoked","data":{"x":-0.35000,"y":0.00000,"bRightMouseDown":false,"hypothesisId":"A"},"runId":"run1"}
{"sessionId":"cf25b3","id":"log_351010848080","timestamp":351010848080,"location":"AuraPlayerController.cpp:AbilityInputHeld","message":"Input held","data":{"InputTag":"InputTag.LMB","bRightMouseDown":false},"runId":"run1"}
{"sessionId":"cf25b3","id":"log_351010925493","timestamp":351010925493,"location":"AuraPlayerController.cpp:Look","message":"Look invoked","data":{"x":-0.63000,"y":0.00000,"bRightMouseDown":false,"hypothesisId":"A"},"runId":"run1"}
{"sessionId":"cf25b3","id":"log_351010929965","timestamp":351010929965,"location":"AuraPlayerController.cpp:AbilityInputHeld","message":"Input held","data":{"InputTag":"InputTag.LMB","bRightMouseDown":false},"runId":"run1"}
{"sessionId":"cf25b3","id":"log_351011008876","timestamp":351011008876,"location":"AuraPlayerController.cpp:Look","message":"Look invoked","data":{"x":-0.56000,"y":0.00000,"bRightMouseDown":false,"hypothesisId":"A"},"runId":"run1"}
{"sessionId":"cf25b3","id":"log_351011012613","timestamp":351011012613,"location":"AuraPlayerController.cpp:AbilityInputHeld","message":"Input held","data":{"InputTag":"InputTag.LMB","bRightMouseDown":false},"runId":"run1"}
{"sessionId":"cf25b3","id":"log_351011091916","timestamp":351011091916,"location":"AuraPlayerController.cpp:Look","message":"Look invoked","data":{"x":-0.56000,"y":0.00000,"bRightMouseDown":false,"hypothesisId":"A"},"runId":"run1"}
{"sessionId":"cf25b3","id":"log_351011095456","timestamp":351011095456,"location":"AuraPlayerController.cpp:AbilityInputHeld","message":"Input held","data":{"InputTag":"InputTag.LMB","bRightMouseDown":false},"runId":"run1"}
{"sessionId":"cf25b3","id":"log_351011175843","timestamp":351011175843,"location":"AuraPlayerController.cpp:Look","message":"Look invoked","data":{"x":0.77000,"y":0.00000,"bRightMouseDown":false,"hypothesisId":"A"},"runId":"run1"}
{"sessionId":"cf25b3","id":"log_351011179212","timestamp":351011179212,"location":"AuraPlayerController.cpp:AbilityInputHeld","message":"Input held","data":{"InputTag":"InputTag.LMB","bRightMouseDown":false},"runId":"run1"}
{"sessionId":"cf25b3","id":"log_351011259611","timestamp":351011259611,"location":"AuraPlayerController.cpp:Look","message":"Look invoked","data":{"x":-0.63000,"y":0.00000,"bRightMouseDown":false,"hypothesisId":"A"},"runId":"run1"}
{"sessionId":"cf25b3","id":"log_351011263844","timestamp":351011263844,"location":"AuraPlayerController.cpp:AbilityInputHeld","message":"Input held","data":{"InputTag":"InputTag.LMB","bRightMouseDown":false},"runId":"run1"}
{"sessionId":"cf25b3","id":"log_351011342368","timestamp":351011342368,"location":"AuraPlayerController.cpp:Look","message":"Look invoked","data":{"x":0.56000,"y":0.00000,"bRightMouseDown":false,"hypothesisId":"A"},"runId":"run1"}
{"sessionId":"cf25b3","id":"log_351011346135","timestamp":351011346135,"location":"AuraPlayerController.cpp:AbilityInputHeld","message":"Input held","data":{"InputTag":"InputTag.LMB","bRightMouseDown":false},"runId":"run1"}
{"sessionId":"cf25b3","id":"log_351011426578","timestamp":351011426578,"location":"AuraPlayerController.cpp:Look","message":"Look invoked","data":{"x":0.84000,"y":0.00000,"bRightMouseDown":false,"hypothesisId":"A"},"runId":"run1"}
{"sessionId":"cf25b3","id":"log_351011430041","timestamp":351011430041,"location":"AuraPlayerController.cpp:AbilityInputHeld","message":"Input held","data":{"InputTag":"InputTag.LMB","bRightMouseDown":false},"runId":"run1"}
{"sessionId":"cf25b3","id":"log_351011510875","timestamp":351011510875,"location":"AuraPlayerController.cpp:Look","message":"Look invoked","data":{"x":-0.49000,"y":0.00000,"bRightMouseDown":false,"hypothesisId":"A"},"runId":"run1"}
{"sessionId":"cf25b3","id":"log_351011514170","timestamp":351011514170,"location":"AuraPlayerController.cpp:AbilityInputHeld","message":"Input held","data":{"InputTag":"InputTag.LMB","bRightMouseDown":false},"runId":"run1"}
{"sessionId":"cf25b3","id":"log_351011593537","timestamp":351011593537,"location":"AuraPlayerController.cpp:Look","message":"Look invoked","data":{"x":0.49000,"y":0.00000,"bRightMouseDown":false,"hypothesisId":"A"},"runId":"run1"}
{"sessionId":"cf25b3","id":"log_351011597325","timestamp":351011597325,"location":"AuraPlayerController.cpp:AbilityInputHeld","message":"Input held","data":{"InputTag":"InputTag.LMB","bRightMouseDown":false},"runId":"run1"}
{"sessionId":"cf25b3","id":"log_351011675890","timestamp":351011675890,"location":"AuraPlayerController.cpp:Look","message":"Look invoked","data":{"x":0.63000,"y":0.00000,"bRightMouseDown":false,"hypothesisId":"A"},"runId":"run1"}
{"sessionId":"cf25b3","id":"log_351011679905","timestamp":351011679905,"location":"AuraPlayerController.cpp:AbilityInputHeld","message":"Input held","data":{"InputTag":"InputTag.LMB","bRightMouseDown":false},"runId":"run1"}
{"sessionId":"cf25b3","id":"log_351011759575","timestamp":351011759575,"location":"AuraPlayerController.cpp:Look","message":"Look invoked","data":{"x":-0.21000,"y":0.00000,"bRightMouseDown":false,"hypothesisId":"A"},"runId":"run1"}
{"sessionId":"cf25b3","id":"log_351011764142","timestamp":351011764142,"location":"AuraPlayerController.cpp:AbilityInputHeld","message":"Input held","data":{"InputTag":"InputTag.LMB","bRightMouseDown":false},"runId":"run1"}
{"sessionId":"cf25b3","id":"log_351011841919","timestamp":351011841919,"location":"AuraPlayerController.cpp:Look","message":"Look invoked","data":{"x":0.63000,"y":0.00000,"bRightMouseDown":false,"hypothesisId":"A"},"runId":"run1"}
{"sessionId":"cf25b3","id":"log_351011845588","timestamp":351011845588,"location":"AuraPlayerController.cpp:AbilityInputHeld","message":"Input held","data":{"InputTag":"InputTag.LMB","bRightMouseDown":false},"runId":"run1"}
{"sessionId":"cf25b3","id":"log_351011925735","timestamp":351011925735,"location":"AuraPlayerController.cpp:Look","message":"Look invoked","data":{"x":-0.42000,"y":0.00000,"bRightMouseDown":false,"hypothesisId":"A"},"runId":"run1"}
{"sessionId":"cf25b3","id":"log_351011929027","timestamp":351011929027,"location":"AuraPlayerController.cpp:AbilityInputHeld","message":"Input held","data":{"InputTag":"InputTag.LMB","bRightMouseDown":false},"runId":"run1"}
{"sessionId":"cf25b3","id":"log_351012008942","timestamp":351012008942,"location":"AuraPlayerController.cpp:Look","message":"Look invoked","data":{"x":-0.28000,"y":0.00000,"bRightMouseDown":false,"hypothesisId":"A"},"runId":"run1"}
{"sessionId":"cf25b3","id":"log_351012012941","timestamp":351012012941,"location":"AuraPlayerController.cpp:AbilityInputHeld","message":"Input held","data":{"InputTag":"InputTag.LMB","bRightMouseDown":false},"runId":"run1"}
{"sessionId":"cf25b3","id":"log_351012092350","timestamp":351012092350,"location":"AuraPlayerController.cpp:Look","message":"Look invoked","data":{"x":-0.21000,"y":0.00000,"bRightMouseDown":false,"hypothesisId":"A"},"runId":"run1"}
{"sessionId":"cf25b3","id":"log_351012096669","timestamp":351012096669,"location":"AuraPlayerController.cpp:AbilityInputHeld","message":"Input held","data":{"InputTag":"InputTag.LMB","bRightMouseDown":false},"runId":"run1"}
{"sessionId":"cf25b3","id":"log_351012175857","timestamp":351012175857,"location":"AuraPlayerController.cpp:Look","message":"Look invoked","data":{"x":-0.21000,"y":0.00000,"bRightMouseDown":false,"hypothesisId":"A"},"runId":"run1"}
{"sessionId":"cf25b3","id":"log_351012179721","timestamp":351012179721,"location":"AuraPlayerController.cpp:AbilityInputHeld","message":"Input held","data":{"InputTag":"InputTag.LMB","bRightMouseDown":false},"runId":"run1"}
{"sessionId":"cf25b3","id":"log_351012258850","timestamp":351012258850,"location":"AuraPlayerController.cpp:Look","message":"Look invoked","data":{"x":-0.07000,"y":0.00000,"bRightMouseDown":false,"hypothesisId":"A"},"runId":"run1"}
{"sessionId":"cf25b3","id":"log_351012262686","timestamp":351012262686,"location":"AuraPlayerController.cpp:AbilityInputHeld","message":"Input held","data":{"InputTag":"InputTag.LMB","bRightMouseDown":false},"runId":"run1"}
{"sessionId":"cf25b3","id":"log_351012342060","timestamp":351012342060,"location":"AuraPlayerController.cpp:Look","message":"Look invoked","data":{"x":-0.07000,"y":0.00000,"bRightMouseDown":false,"hypothesisId":"A"},"runId":"run1"}
{"sessionId":"cf25b3","id":"log_351012346324","timestamp":351012346324,"location":"AuraPlayerController.cpp:AbilityInputHeld","message":"Input held","data":{"InputTag":"InputTag.LMB","bRightMouseDown":false},"runId":"run1"}
{"sessionId":"cf25b3","id":"log_351012425294","timestamp":351012425294,"location":"AuraPlayerController.cpp:Look","message":"Look invoked","data":{"x":-0.07000,"y":0.00000,"bRightMouseDown":false,"hypothesisId":"A"},"runId":"run1"}
{"sessionId":"cf25b3","id":"log_351012429302","timestamp":351012429302,"location":"AuraPlayerController.cpp:AbilityInputHeld","message":"Input held","data":{"InputTag":"InputTag.LMB","bRightMouseDown":false},"runId":"run1"}
{"sessionId":"cf25b3","id":"log_351012507856","timestamp":351012507856,"location":"AuraPlayerController.cpp:AbilityInputHeld","message":"Input held","data":{"InputTag":"InputTag.LMB","bRightMouseDown":false},"runId":"run1"}
{"sessionId":"cf25b3","id":"log_351012591183","timestamp":351012591183,"location":"AuraPlayerController.cpp:AbilityInputHeld","message":"Input held","data":{"InputTag":"InputTag.LMB","bRightMouseDown":false},"runId":"run1"}
{"sessionId":"cf25b3","id":"log_351012674160","timestamp":351012674160,"location":"AuraPlayerController.cpp:AbilityInputHeld","message":"Input held","data":{"InputTag":"InputTag.LMB","bRightMouseDown":false},"runId":"run1"}
{"sessionId":"cf25b3","id":"log_351012757355","timestamp":351012757355,"location":"AuraPlayerController.cpp:AbilityInputHeld","message":"Input held","data":{"InputTag":"InputTag.LMB","bRightMouseDown":false},"runId":"run1"}
{"sessionId":"cf25b3","id":"log_351012840557","timestamp":351012840557,"location":"AuraPlayerController.cpp:AbilityInputHeld","message":"Input held","data":{"InputTag":"InputTag.LMB","bRightMouseDown":false},"runId":"run1"}
{"sessionId":"cf25b3","id":"log_351012923952","timestamp":351012923952,"location":"AuraPlayerController.cpp:AbilityInputHeld","message":"Input held","data":{"InputTag":"InputTag.LMB","bRightMouseDown":false},"runId":"run1"}
{"sessionId":"cf25b3","id":"log_351013009487","timestamp":351013009487,"location":"AuraPlayerController.cpp:AbilityInputHeld","message":"Input held","data":{"InputTag":"InputTag.LMB","bRightMouseDown":false},"runId":"run1"}
{"sessionId":"cf25b3","id":"log_351013090676","timestamp":351013090676,"location":"AuraPlayerController.cpp:AbilityInputHeld","message":"Input held","data":{"InputTag":"InputTag.LMB","bRightMouseDown":false},"runId":"run1"}
{"sessionId":"cf25b3","id":"log_351013174352","timestamp":351013174352,"location":"AuraPlayerController.cpp:AbilityInputHeld","message":"Input held","data":{"InputTag":"InputTag.LMB","bRightMouseDown":false},"runId":"run1"}
{"sessionId":"cf25b3","id":"log_351013257472","timestamp":351013257472,"location":"AuraPlayerController.cpp:AbilityInputHeld","message":"Input held","data":{"InputTag":"InputTag.LMB","bRightMouseDown":false},"runId":"run1"}
{"sessionId":"cf25b3","id":"log_351013340840","timestamp":351013340840,"location":"AuraPlayerController.cpp:AbilityInputHeld","message":"Input held","data":{"InputTag":"InputTag.LMB","bRightMouseDown":false},"runId":"run1"}
{"sessionId":"cf25b3","id":"log_351013423838","timestamp":351013423838,"location":"AuraPlayerController.cpp:AbilityInputHeld","message":"Input held","data":{"InputTag":"InputTag.LMB","bRightMouseDown":false},"runId":"run1"}
{"sessionId":"cf25b3","id":"log_351013507943","timestamp":351013507943,"location":"AuraPlayerController.cpp:AbilityInputHeld","message":"Input held","data":{"InputTag":"InputTag.LMB","bRightMouseDown":false},"runId":"run1"}
{"sessionId":"cf25b3","id":"log_351013591048","timestamp":351013591048,"location":"AuraPlayerController.cpp:AbilityInputHeld","message":"Input held","data":{"InputTag":"InputTag.LMB","bRightMouseDown":false},"runId":"run1"}
{"sessionId":"cf25b3","id":"log_351013674105","timestamp":351013674105,"location":"AuraPlayerController.cpp:AbilityInputHeld","message":"Input held","data":{"InputTag":"InputTag.LMB","bRightMouseDown":false},"runId":"run1"}
{"sessionId":"cf25b3","id":"log_351013757617","timestamp":351013757617,"location":"AuraPlayerController.cpp:AbilityInputHeld","message":"Input held","data":{"InputTag":"InputTag.LMB","bRightMouseDown":false},"runId":"run1"}
{"sessionId":"cf25b3","id":"log_351013841047","timestamp":351013841047,"location":"AuraPlayerController.cpp:AbilityInputHeld","message":"Input held","data":{"InputTag":"InputTag.LMB","bRightMouseDown":false},"runId":"run1"}
{"sessionId":"cf25b3","id":"log_351013923978","timestamp":351013923978,"location":"AuraPlayerController.cpp:AbilityInputHeld","message":"Input held","data":{"InputTag":"InputTag.LMB","bRightMouseDown":false},"runId":"run1"}
{"sessionId":"cf25b3","id":"log_351014007295","timestamp":351014007295,"location":"AuraPlayerController.cpp:AbilityInputHeld","message":"Input held","data":{"InputTag":"InputTag.LMB","bRightMouseDown":false},"runId":"run1"}
{"sessionId":"cf25b3","id":"log_351014090471","timestamp":351014090471,"location":"AuraPlayerController.cpp:AbilityInputHeld","message":"Input held","data":{"InputTag":"InputTag.LMB","bRightMouseDown":false},"runId":"run1"}
{"sessionId":"cf25b3","id":"log_351014174333","timestamp":351014174333,"location":"AuraPlayerController.cpp:AbilityInputHeld","message":"Input held","data":{"InputTag":"InputTag.LMB","bRightMouseDown":false},"runId":"run1"}
{"sessionId":"cf25b3","id":"log_351014257265","timestamp":351014257265,"location":"AuraPlayerController.cpp:AbilityInputHeld","message":"Input held","data":{"InputTag":"InputTag.LMB","bRightMouseDown":false},"runId":"run1"}
{"sessionId":"cf25b3","id":"log_351014340936","timestamp":351014340936,"location":"AuraPlayerController.cpp:AbilityInputHeld","message":"Input held","data":{"InputTag":"InputTag.LMB","bRightMouseDown":false},"runId":"run1"}
{"sessionId":"cf25b3","id":"log_351014425078","timestamp":351014425078,"location":"AuraPlayerController.cpp:AbilityInputHeld","message":"Input held","data":{"InputTag":"InputTag.LMB","bRightMouseDown":false},"runId":"run1"}
{"sessionId":"cf25b3","id":"log_351014507198","timestamp":351014507198,"location":"AuraPlayerController.cpp:AbilityInputHeld","message":"Input held","data":{"InputTag":"InputTag.LMB","bRightMouseDown":false},"runId":"run1"}
{"sessionId":"cf25b3","id":"log_351014591279","timestamp":351014591279,"location":"AuraPlayerController.cpp:AbilityInputHeld","message":"Input held","data":{"InputTag":"InputTag.LMB","bRightMouseDown":false},"runId":"run1"}
{"sessionId":"cf25b3","id":"log_351014674174","timestamp":351014674174,"location":"AuraPlayerController.cpp:AbilityInputHeld","message":"Input held","data":{"InputTag":"InputTag.LMB","bRightMouseDown":false},"runId":"run1"}
{"sessionId":"cf25b3","id":"log_351014757541","timestamp":351014757541,"location":"AuraPlayerController.cpp:AbilityInputHeld","message":"Input held","data":{"InputTag":"InputTag.LMB","bRightMouseDown":false},"runId":"run1"}
{"sessionId":"cf25b3","id":"log_351014840529","timestamp":351014840529,"location":"AuraPlayerController.cpp:AbilityInputHeld","message":"Input held","data":{"InputTag":"InputTag.LMB","bRightMouseDown":false},"runId":"run1"}
{"sessionId":"cf25b3","id":"log_351014924646","timestamp":351014924646,"location":"AuraPlayerController.cpp:AbilityInputHeld","message":"Input held","data":{"InputTag":"InputTag.LMB","bRightMouseDown":false},"runId":"run1"}
{"sessionId":"cf25b3","id":"log_351015007418","timestamp":351015007418,"location":"AuraPlayerController.cpp:AbilityInputHeld","message":"Input held","data":{"InputTag":"InputTag.LMB","bRightMouseDown":false},"runId":"run1"}
{"sessionId":"cf25b3","id":"log_351015090626","timestamp":351015090626,"location":"AuraPlayerController.cpp:AbilityInputHeld","message":"Input held","data":{"InputTag":"InputTag.LMB","bRightMouseDown":false},"runId":"run1"}
{"sessionId":"cf25b3","id":"log_351015174090","timestamp":351015174090,"location":"AuraPlayerController.cpp:AbilityInputHeld","message":"Input held","data":{"InputTag":"InputTag.LMB","bRightMouseDown":false},"runId":"run1"}
{"sessionId":"cf25b3","id":"log_351015257250","timestamp":351015257250,"location":"AuraPlayerController.cpp:AbilityInputHeld","message":"Input held","data":{"InputTag":"InputTag.LMB","bRightMouseDown":false},"runId":"run1"}
{"sessionId":"cf25b3","id":"log_351015340653","timestamp":351015340653,"location":"AuraPlayerController.cpp:AbilityInputHeld","message":"Input held","data":{"InputTag":"InputTag.LMB","bRightMouseDown":false},"runId":"run1"}
{"sessionId":"cf25b3","id":"log_351015424438","timestamp":351015424438,"location":"AuraPlayerController.cpp:AbilityInputHeld","message":"Input held","data":{"InputTag":"InputTag.LMB","bRightMouseDown":false},"runId":"run1"}
{"sessionId":"cf25b3","id":"log_351015507446","timestamp":351015507446,"location":"AuraPlayerController.cpp:AbilityInputHeld","message":"Input held","data":{"InputTag":"InputTag.LMB","bRightMouseDown":false},"runId":"run1"}
{"sessionId":"cf25b3","id":"log_351015591421","timestamp":351015591421,"location":"AuraPlayerController.cpp:AbilityInputHeld","message":"Input held","data":{"InputTag":"InputTag.LMB","bRightMouseDown":false},"runId":"run1"}
{"sessionId":"cf25b3","id":"log_351015674574","timestamp":351015674574,"location":"AuraPlayerController.cpp:AbilityInputHeld","message":"Input held","data":{"InputTag":"InputTag.LMB","bRightMouseDown":false},"runId":"run1"}
{"sessionId":"cf25b3","id":"log_351015758165","timestamp":351015758165,"location":"AuraPlayerController.cpp:AbilityInputHeld","message":"Input held","data":{"InputTag":"InputTag.LMB","bRightMouseDown":false},"runId":"run1"}
{"sessionId":"cf25b3","id":"log_351015840758","timestamp":351015840758,"location":"AuraPlayerController.cpp:AbilityInputHeld","message":"Input held","data":{"InputTag":"InputTag.LMB","bRightMouseDown":false},"runId":"run1"}
{"sessionId":"cf25b3","id":"log_351015923920","timestamp":351015923920,"location":"AuraPlayerController.cpp:AbilityInputHeld","message":"Input held","data":{"InputTag":"InputTag.LMB","bRightMouseDown":false},"runId":"run1"}
{"sessionId":"cf25b3","id":"log_351016007648","timestamp":351016007648,"location":"AuraPlayerController.cpp:AbilityInputHeld","message":"Input held","data":{"InputTag":"InputTag.LMB","bRightMouseDown":false},"runId":"run1"}
{"sessionId":"cf25b3","id":"log_351016091380","timestamp":351016091380,"location":"AuraPlayerController.cpp:AbilityInputHeld","message":"Input held","data":{"InputTag":"InputTag.LMB","bRightMouseDown":false},"runId":"run1"}
{"sessionId":"cf25b3","id":"log_351016174165","timestamp":351016174165,"location":"AuraPlayerController.cpp:AbilityInputHeld","message":"Input held","data":{"InputTag":"InputTag.LMB","bRightMouseDown":false},"runId":"run1"}
{"sessionId":"cf25b3","id":"log_351016257389","timestamp":351016257389,"location":"AuraPlayerController.cpp:AbilityInputHeld","message":"Input held","data":{"InputTag":"InputTag.LMB","bRightMouseDown":false},"runId":"run1"}
{"sessionId":"cf25b3","id":"log_351016340783","timestamp":351016340783,"location":"AuraPlayerController.cpp:AbilityInputHeld","message":"Input held","data":{"InputTag":"InputTag.LMB","bRightMouseDown":false},"runId":"run1"}
{"sessionId":"cf25b3","id":"log_351016424480","timestamp":351016424480,"location":"AuraPlayerController.cpp:AbilityInputHeld","message":"Input held","data":{"InputTag":"InputTag.LMB","bRightMouseDown":false},"runId":"run1"}
{"sessionId":"cf25b3","id":"log_351016508532","timestamp":351016508532,"location":"AuraPlayerController.cpp:AbilityInputHeld","message":"Input held","data":{"InputTag":"InputTag.LMB","bRightMouseDown":false},"runId":"run1"}
{"sessionId":"cf25b3","id":"log_351016590678","timestamp":351016590678,"location":"AuraPlayerController.cpp:AbilityInputHeld","message":"Input held","data":{"InputTag":"InputTag.LMB","bRightMouseDown":false},"runId":"run1"}
{"sessionId":"cf25b3","id":"log_351016674365","timestamp":351016674365,"location":"AuraPlayerController.cpp:AbilityInputHeld","message":"Input held","data":{"InputTag":"InputTag.LMB","bRightMouseDown":false},"runId":"run1"}
{"sessionId":"cf25b3","id":"log_351016757780","timestamp":351016757780,"location":"AuraPlayerController.cpp:AbilityInputHeld","message":"Input held","data":{"InputTag":"InputTag.LMB","bRightMouseDown":false},"runId":"run1"}
{"sessionId":"cf25b3","id":"log_351016844190","timestamp":351016844190,"location":"AuraPlayerController.cpp:AbilityInputReleased","message":"Input released","data":{"InputTag":"InputTag.LMB","bRightMouseDown":false},"runId":"run1"}
{"sessionId":"cf25b3","id":"log_351019429772","timestamp":351019429772,"location":"AuraPlayerController.cpp:AbilityInputHeld","message":"Input held","data":{"InputTag":"InputTag.LMB","bRightMouseDown":false},"runId":"run1"}
{"sessionId":"cf25b3","id":"log_351019507996","timestamp":351019507996,"location":"AuraPlayerController.cpp:AbilityInputHeld","message":"Input held","data":{"InputTag":"InputTag.LMB","bRightMouseDown":false},"runId":"run1"}
{"sessionId":"cf25b3","id":"log_351019591324","timestamp":351019591324,"location":"AuraPlayerController.cpp:AbilityInputHeld","message":"Input held","data":{"InputTag":"InputTag.LMB","bRightMouseDown":false},"runId":"run1"}
{"sessionId":"cf25b3","id":"log_351019674541","timestamp":351019674541,"location":"AuraPlayerController.cpp:AbilityInputHeld","message":"Input held","data":{"InputTag":"InputTag.LMB","bRightMouseDown":false},"runId":"run1"}
{"sessionId":"cf25b3","id":"log_351019757709","timestamp":351019757709,"location":"AuraPlayerController.cpp:AbilityInputHeld","message":"Input held","data":{"InputTag":"InputTag.LMB","bRightMouseDown":false},"runId":"run1"}
{"sessionId":"cf25b3","id":"log_351019841165","timestamp":351019841165,"location":"AuraPlayerController.cpp:AbilityInputHeld","message":"Input held","data":{"InputTag":"InputTag.LMB","bRightMouseDown":false},"runId":"run1"}
{"sessionId":"cf25b3","id":"log_351019924276","timestamp":351019924276,"location":"AuraPlayerController.cpp:AbilityInputHeld","message":"Input held","data":{"InputTag":"InputTag.LMB","bRightMouseDown":false},"runId":"run1"}
{"sessionId":"cf25b3","id":"log_351020007748","timestamp":351020007748,"location":"AuraPlayerController.cpp:AbilityInputHeld","message":"Input held","data":{"InputTag":"InputTag.LMB","bRightMouseDown":false},"runId":"run1"}
{"sessionId":"cf25b3","id":"log_351020091437","timestamp":351020091437,"location":"AuraPlayerController.cpp:AbilityInputHeld","message":"Input held","data":{"InputTag":"InputTag.LMB","bRightMouseDown":false},"runId":"run1"}
{"sessionId":"cf25b3","id":"log_351020174500","timestamp":351020174500,"location":"AuraPlayerController.cpp:AbilityInputHeld","message":"Input held","data":{"InputTag":"InputTag.LMB","bRightMouseDown":false},"runId":"run1"}
{"sessionId":"cf25b3","id":"log_351020258357","timestamp":351020258357,"location":"AuraPlayerController.cpp:AbilityInputHeld","message":"Input held","data":{"InputTag":"InputTag.LMB","bRightMouseDown":false},"runId":"run1"}
{"sessionId":"cf25b3","id":"log_351020341203","timestamp":351020341203,"location":"AuraPlayerController.cpp:AbilityInputHeld","message":"Input held","data":{"InputTag":"InputTag.LMB","bRightMouseDown":false},"runId":"run1"}
{"sessionId":"cf25b3","id":"log_351020424277","timestamp":351020424277,"location":"AuraPlayerController.cpp:AbilityInputHeld","message":"Input held","data":{"InputTag":"InputTag.LMB","bRightMouseDown":false},"runId":"run1"}
{"sessionId":"cf25b3","id":"log_351020507564","timestamp":351020507564,"location":"AuraPlayerController.cpp:AbilityInputHeld","message":"Input held","data":{"InputTag":"InputTag.LMB","bRightMouseDown":false},"runId":"run1"}
{"sessionId":"cf25b3","id":"log_351020591083","timestamp":351020591083,"location":"AuraPlayerController.cpp:AbilityInputHeld","message":"Input held","data":{"InputTag":"InputTag.LMB","bRightMouseDown":false},"runId":"run1"}
{"sessionId":"cf25b3","id":"log_351020677611","timestamp":351020677611,"location":"AuraPlayerController.cpp:AbilityInputHeld","message":"Input held","data":{"InputTag":"InputTag.LMB","bRightMouseDown":false},"runId":"run1"}
{"sessionId":"cf25b3","id":"log_351020758251","timestamp":351020758251,"location":"AuraPlayerController.cpp:AbilityInputHeld","message":"Input held","data":{"InputTag":"InputTag.LMB","bRightMouseDown":false},"runId":"run1"}
{"sessionId":"cf25b3","id":"log_351020841802","timestamp":351020841802,"location":"AuraPlayerController.cpp:AbilityInputHeld","message":"Input held","data":{"InputTag":"InputTag.LMB","bRightMouseDown":false},"runId":"run1"}
{"sessionId":"cf25b3","id":"log_351020924793","timestamp":351020924793,"location":"AuraPlayerController.cpp:AbilityInputHeld","message":"Input held","data":{"InputTag":"InputTag.LMB","bRightMouseDown":false},"runId":"run1"}
{"sessionId":"cf25b3","id":"log_351021008422","timestamp":351021008422,"location":"AuraPlayerController.cpp:AbilityInputHeld","message":"Input held","data":{"InputTag":"InputTag.LMB","bRightMouseDown":false},"runId":"run1"}
{"sessionId":"cf25b3","id":"log_351021091610","timestamp":351021091610,"location":"AuraPlayerController.cpp:AbilityInputHeld","message":"Input held","data":{"InputTag":"InputTag.LMB","bRightMouseDown":false},"runId":"run1"}
{"sessionId":"cf25b3","id":"log_351021175392","timestamp":351021175392,"location":"AuraPlayerController.cpp:AbilityInputHeld","message":"Input held","data":{"InputTag":"InputTag.LMB","bRightMouseDown":false},"runId":"run1"}
{"sessionId":"cf25b3","id":"log_351021258520","timestamp":351021258520,"location":"AuraPlayerController.cpp:AbilityInputHeld","message":"Input held","data":{"InputTag":"InputTag.LMB","bRightMouseDown":false},"runId":"run1"}
{"sessionId":"cf25b3","id":"log_351021341790","timestamp":351021341790,"location":"AuraPlayerController.cpp:AbilityInputHeld","message":"Input held","data":{"InputTag":"InputTag.LMB","bRightMouseDown":false},"runId":"run1"}
{"sessionId":"cf25b3","id":"log_351021425196","timestamp":351021425196,"location":"AuraPlayerController.cpp:AbilityInputHeld","message":"Input held","data":{"InputTag":"InputTag.LMB","bRightMouseDown":false},"runId":"run1"}
{"sessionId":"cf25b3","id":"log_351021508161","timestamp":351021508161,"location":"AuraPlayerController.cpp:AbilityInputHeld","message":"Input held","data":{"InputTag":"InputTag.LMB","bRightMouseDown":false},"runId":"run1"}
{"sessionId":"cf25b3","id":"log_351021592414","timestamp":351021592414,"location":"AuraPlayerController.cpp:AbilityInputHeld","message":"Input held","data":{"InputTag":"InputTag.LMB","bRightMouseDown":false},"runId":"run1"}
{"sessionId":"cf25b3","id":"log_351021678667","timestamp":351021678667,"location":"AuraPlayerController.cpp:AbilityInputReleased","message":"Input released","data":{"InputTag":"InputTag.LMB","bRightMouseDown":false},"runId":"run1"}
{"sessionId":"cf25b3","id":"log_351023682151","timestamp":351023682151,"location":"AuraPlayerController.cpp:AbilityInputHeld","message":"Input held","data":{"InputTag":"InputTag.LMB","bRightMouseDown":false},"runId":"run1"}
{"sessionId":"cf25b3","id":"log_351023758844","timestamp":351023758844,"location":"AuraPlayerController.cpp:AbilityInputHeld","message":"Input held","data":{"InputTag":"InputTag.LMB","bRightMouseDown":false},"runId":"run1"}
{"sessionId":"cf25b3","id":"log_351023842263","timestamp":351023842263,"location":"AuraPlayerController.cpp:AbilityInputHeld","message":"Input held","data":{"InputTag":"InputTag.LMB","bRightMouseDown":false},"runId":"run1"}
{"sessionId":"cf25b3","id":"log_351023924975","timestamp":351023924975,"location":"AuraPlayerController.cpp:AbilityInputHeld","message":"Input held","data":{"InputTag":"InputTag.LMB","bRightMouseDown":false},"runId":"run1"}
{"sessionId":"cf25b3","id":"log_351024008416","timestamp":351024008416,"location":"AuraPlayerController.cpp:AbilityInputHeld","message":"Input held","data":{"InputTag":"InputTag.LMB","bRightMouseDown":false},"runId":"run1"}
{"sessionId":"cf25b3","id":"log_351024091734","timestamp":351024091734,"location":"AuraPlayerController.cpp:AbilityInputHeld","message":"Input held","data":{"InputTag":"InputTag.LMB","bRightMouseDown":false},"runId":"run1"}
{"sessionId":"cf25b3","id":"log_351024175334","timestamp":351024175334,"location":"AuraPlayerController.cpp:AbilityInputHeld","message":"Input held","data":{"InputTag":"InputTag.LMB","bRightMouseDown":false},"runId":"run1"}
{"sessionId":"cf25b3","id":"log_351024259622","timestamp":351024259622,"location":"AuraPlayerController.cpp:AbilityInputHeld","message":"Input held","data":{"InputTag":"InputTag.LMB","bRightMouseDown":false},"runId":"run1"}
{"sessionId":"cf25b3","id":"log_351024341822","timestamp":351024341822,"location":"AuraPlayerController.cpp:AbilityInputHeld","message":"Input held","data":{"InputTag":"InputTag.LMB","bRightMouseDown":false},"runId":"run1"}
{"sessionId":"cf25b3","id":"log_351024426585","timestamp":351024426585,"location":"AuraPlayerController.cpp:AbilityInputHeld","message":"Input held","data":{"InputTag":"InputTag.LMB","bRightMouseDown":false},"runId":"run1"}
{"sessionId":"cf25b3","id":"log_351024508301","timestamp":351024508301,"location":"AuraPlayerController.cpp:AbilityInputHeld","message":"Input held","data":{"InputTag":"InputTag.LMB","bRightMouseDown":false},"runId":"run1"}
{"sessionId":"cf25b3","id":"log_351024593599","timestamp":351024593599,"location":"AuraPlayerController.cpp:AbilityInputHeld","message":"Input held","data":{"InputTag":"InputTag.LMB","bRightMouseDown":false},"runId":"run1"}
{"sessionId":"cf25b3","id":"log_351024679923","timestamp":351024679923,"location":"AuraPlayerController.cpp:AbilityInputReleased","message":"Input released","data":{"InputTag":"InputTag.LMB","bRightMouseDown":false},"runId":"run1"}
{"sessionId":"cf25b3","id":"log_351026430962","timestamp":351026430962,"location":"AuraPlayerController.cpp:AbilityInputHeld","message":"Input held","data":{"InputTag":"InputTag.LMB","bRightMouseDown":false},"runId":"run1"}
{"sessionId":"cf25b3","id":"log_351026509143","timestamp":351026509143,"location":"AuraPlayerController.cpp:AbilityInputHeld","message":"Input held","data":{"InputTag":"InputTag.LMB","bRightMouseDown":false},"runId":"run1"}
{"sessionId":"cf25b3","id":"log_351026593724","timestamp":351026593724,"location":"AuraPlayerController.cpp:AbilityInputHeld","message":"Input held","data":{"InputTag":"InputTag.LMB","bRightMouseDown":false},"runId":"run1"}
{"sessionId":"cf25b3","id":"log_351026676119","timestamp":351026676119,"location":"AuraPlayerController.cpp:AbilityInputHeld","message":"Input held","data":{"InputTag":"InputTag.LMB","bRightMouseDown":false},"runId":"run1"}
{"sessionId":"cf25b3","id":"log_351026759689","timestamp":351026759689,"location":"AuraPlayerController.cpp:AbilityInputHeld","message":"Input held","data":{"InputTag":"InputTag.LMB","bRightMouseDown":false},"runId":"run1"}
{"sessionId":"cf25b3","id":"log_351026841737","timestamp":351026841737,"location":"AuraPlayerController.cpp:AbilityInputHeld","message":"Input held","data":{"InputTag":"InputTag.LMB","bRightMouseDown":false},"runId":"run1"}
{"sessionId":"cf25b3","id":"log_351026925158","timestamp":351026925158,"location":"AuraPlayerController.cpp:AbilityInputHeld","message":"Input held","data":{"InputTag":"InputTag.LMB","bRightMouseDown":false},"runId":"run1"}
{"sessionId":"cf25b3","id":"log_351027009734","timestamp":351027009734,"location":"AuraPlayerController.cpp:Look","message":"Look invoked","data":{"x":0.07000,"y":0.00000,"bRightMouseDown":false,"hypothesisId":"A"},"runId":"run1"}
{"sessionId":"cf25b3","id":"log_351027013685","timestamp":351027013685,"location":"AuraPlayerController.cpp:AbilityInputHeld","message":"Input held","data":{"InputTag":"InputTag.LMB","bRightMouseDown":false},"runId":"run1"}
{"sessionId":"cf25b3","id":"log_351027093942","timestamp":351027093942,"location":"AuraPlayerController.cpp:Look","message":"Look invoked","data":{"x":0.21000,"y":0.00000,"bRightMouseDown":false,"hypothesisId":"A"},"runId":"run1"}
{"sessionId":"cf25b3","id":"log_351027098535","timestamp":351027098535,"location":"AuraPlayerController.cpp:AbilityInputHeld","message":"Input held","data":{"InputTag":"InputTag.LMB","bRightMouseDown":false},"runId":"run1"}
{"sessionId":"cf25b3","id":"log_351027182197","timestamp":351027182197,"location":"AuraPlayerController.cpp:Look","message":"Look invoked","data":{"x":0.28000,"y":0.00000,"bRightMouseDown":false,"hypothesisId":"A"},"runId":"run1"}
{"sessionId":"cf25b3","id":"log_351027187599","timestamp":351027187599,"location":"AuraPlayerController.cpp:AbilityInputReleased","message":"Input released","data":{"InputTag":"InputTag.LMB","bRightMouseDown":false},"runId":"run1"}
{"sessionId":"cf25b3","id":"log_351028348376","timestamp":351028348376,"location":"AuraPlayerController.cpp:Look","message":"Look invoked","data":{"x":0.14000,"y":0.00000,"bRightMouseDown":false,"hypothesisId":"A"},"runId":"run1"}
{"sessionId":"cf25b3","id":"log_351028352449","timestamp":351028352449,"location":"AuraPlayerController.cpp:AbilityInputHeld","message":"Input held","data":{"InputTag":"InputTag.LMB","bRightMouseDown":false},"runId":"run1"}
{"sessionId":"cf25b3","id":"log_351028426974","timestamp":351028426974,"location":"AuraPlayerController.cpp:Look","message":"Look invoked","data":{"x":0.07000,"y":0.00000,"bRightMouseDown":false,"hypothesisId":"A"},"runId":"run1"}
{"sessionId":"cf25b3","id":"log_351028430586","timestamp":351028430586,"location":"AuraPlayerController.cpp:AbilityInputHeld","message":"Input held","data":{"InputTag":"InputTag.LMB","bRightMouseDown":false},"runId":"run1"}
{"sessionId":"cf25b3","id":"log_351028509072","timestamp":351028509072,"location":"AuraPlayerController.cpp:AbilityInputHeld","message":"Input held","data":{"InputTag":"InputTag.LMB","bRightMouseDown":false},"runId":"run1"}
{"sessionId":"cf25b3","id":"log_351028592537","timestamp":351028592537,"location":"AuraPlayerController.cpp:AbilityInputHeld","message":"Input held","data":{"InputTag":"InputTag.LMB","bRightMouseDown":false},"runId":"run1"}
{"sessionId":"cf25b3","id":"log_351028675746","timestamp":351028675746,"location":"AuraPlayerController.cpp:AbilityInputHeld","message":"Input held","data":{"InputTag":"InputTag.LMB","bRightMouseDown":false},"runId":"run1"}
{"sessionId":"cf25b3","id":"log_351028758678","timestamp":351028758678,"location":"AuraPlayerController.cpp:AbilityInputHeld","message":"Input held","data":{"InputTag":"InputTag.LMB","bRightMouseDown":false},"runId":"run1"}
{"sessionId":"cf25b3","id":"log_351028842113","timestamp":351028842113,"location":"AuraPlayerController.cpp:AbilityInputHeld","message":"Input held","data":{"InputTag":"InputTag.LMB","bRightMouseDown":false},"runId":"run1"}
{"sessionId":"cf25b3","id":"log_351028925620","timestamp":351028925620,"location":"AuraPlayerController.cpp:AbilityInputHeld","message":"Input held","data":{"InputTag":"InputTag.LMB","bRightMouseDown":false},"runId":"run1"}
{"sessionId":"cf25b3","id":"log_351029010790","timestamp":351029010790,"location":"AuraPlayerController.cpp:Look","message":"Look invoked","data":{"x":0.07000,"y":0.00000,"bRightMouseDown":false,"hypothesisId":"A"},"runId":"run1"}
{"sessionId":"cf25b3","id":"log_351029014708","timestamp":351029014708,"location":"AuraPlayerController.cpp:AbilityInputHeld","message":"Input held","data":{"InputTag":"InputTag.LMB","bRightMouseDown":false},"runId":"run1"}
{"sessionId":"cf25b3","id":"log_351029093833","timestamp":351029093833,"location":"AuraPlayerController.cpp:Look","message":"Look invoked","data":{"x":0.07000,"y":0.00000,"bRightMouseDown":false,"hypothesisId":"A"},"runId":"run1"}
{"sessionId":"cf25b3","id":"log_351029100289","timestamp":351029100289,"location":"AuraPlayerController.cpp:AbilityInputHeld","message":"Input held","data":{"InputTag":"InputTag.LMB","bRightMouseDown":false},"runId":"run1"}
{"sessionId":"cf25b3","id":"log_351029177552","timestamp":351029177552,"location":"AuraPlayerController.cpp:Look","message":"Look invoked","data":{"x":0.14000,"y":0.00000,"bRightMouseDown":false,"hypothesisId":"A"},"runId":"run1"}
{"sessionId":"cf25b3","id":"log_351029182055","timestamp":351029182055,"location":"AuraPlayerController.cpp:AbilityInputHeld","message":"Input held","data":{"InputTag":"InputTag.LMB","bRightMouseDown":false},"runId":"run1"}
{"sessionId":"cf25b3","id":"log_351029260607","timestamp":351029260607,"location":"AuraPlayerController.cpp:AbilityInputHeld","message":"Input held","data":{"InputTag":"InputTag.LMB","bRightMouseDown":false},"runId":"run1"}
{"sessionId":"cf25b3","id":"log_351029343666","timestamp":351029343666,"location":"AuraPlayerController.cpp:AbilityInputHeld","message":"Input held","data":{"InputTag":"InputTag.LMB","bRightMouseDown":false},"runId":"run1"}
{"sessionId":"cf25b3","id":"log_351029431688","timestamp":351029431688,"location":"AuraPlayerController.cpp:Look","message":"Look invoked","data":{"x":1.19000,"y":0.00000,"bRightMouseDown":false,"hypothesisId":"A"},"runId":"run1"}
{"sessionId":"cf25b3","id":"log_351029436342","timestamp":351029436342,"location":"AuraPlayerController.cpp:AbilityInputReleased","message":"Input released","data":{"InputTag":"InputTag.LMB","bRightMouseDown":false},"runId":"run1"}
{"sessionId":"cf25b3","id":"log_351030931094","timestamp":351030931094,"location":"AuraPlayerController.cpp:AbilityInputHeld","message":"Input held","data":{"InputTag":"InputTag.LMB","bRightMouseDown":false},"runId":"run1"}
{"sessionId":"cf25b3","id":"log_351031008828","timestamp":351031008828,"location":"AuraPlayerController.cpp:AbilityInputHeld","message":"Input held","data":{"InputTag":"InputTag.LMB","bRightMouseDown":false},"runId":"run1"}
{"sessionId":"cf25b3","id":"log_351031091964","timestamp":351031091964,"location":"AuraPlayerController.cpp:AbilityInputHeld","message":"Input held","data":{"InputTag":"InputTag.LMB","bRightMouseDown":false},"runId":"run1"}
{"sessionId":"cf25b3","id":"log_351031175994","timestamp":351031175994,"location":"AuraPlayerController.cpp:AbilityInputHeld","message":"Input held","data":{"InputTag":"InputTag.LMB","bRightMouseDown":false},"runId":"run1"}
{"sessionId":"cf25b3","id":"log_351031258783","timestamp":351031258783,"location":"AuraPlayerController.cpp:AbilityInputHeld","message":"Input held","data":{"InputTag":"InputTag.LMB","bRightMouseDown":false},"runId":"run1"}
{"sessionId":"cf25b3","id":"log_351031342139","timestamp":351031342139,"location":"AuraPlayerController.cpp:AbilityInputHeld","message":"Input held","data":{"InputTag":"InputTag.LMB","bRightMouseDown":false},"runId":"run1"}
{"sessionId":"cf25b3","id":"log_351031425313","timestamp":351031425313,"location":"AuraPlayerController.cpp:AbilityInputHeld","message":"Input held","data":{"InputTag":"InputTag.LMB","bRightMouseDown":false},"runId":"run1"}
{"sessionId":"cf25b3","id":"log_351031508696","timestamp":351031508696,"location":"AuraPlayerController.cpp:AbilityInputHeld","message":"Input held","data":{"InputTag":"InputTag.LMB","bRightMouseDown":false},"runId":"run1"}
{"sessionId":"cf25b3","id":"log_351031592176","timestamp":351031592176,"location":"AuraPlayerController.cpp:AbilityInputHeld","message":"Input held","data":{"InputTag":"InputTag.LMB","bRightMouseDown":false},"runId":"run1"}
{"sessionId":"cf25b3","id":"log_351031675465","timestamp":351031675465,"location":"AuraPlayerController.cpp:AbilityInputHeld","message":"Input held","data":{"InputTag":"InputTag.LMB","bRightMouseDown":false},"runId":"run1"}
{"sessionId":"cf25b3","id":"log_351031759580","timestamp":351031759580,"location":"AuraPlayerController.cpp:AbilityInputHeld","message":"Input held","data":{"InputTag":"InputTag.LMB","bRightMouseDown":false},"runId":"run1"}
{"sessionId":"cf25b3","id":"log_351031843612","timestamp":351031843612,"location":"AuraPlayerController.cpp:Look","message":"Look invoked","data":{"x":0.14000,"y":0.00000,"bRightMouseDown":false,"hypothesisId":"A"},"runId":"run1"}
{"sessionId":"cf25b3","id":"log_351031847259","timestamp":351031847259,"location":"AuraPlayerController.cpp:AbilityInputHeld","message":"Input held","data":{"InputTag":"InputTag.LMB","bRightMouseDown":false},"runId":"run1"}
{"sessionId":"cf25b3","id":"log_351031932078","timestamp":351031932078,"location":"AuraPlayerController.cpp:Look","message":"Look invoked","data":{"x":0.28000,"y":0.00000,"bRightMouseDown":false,"hypothesisId":"A"},"runId":"run1"}
{"sessionId":"cf25b3","id":"log_351031936090","timestamp":351031936090,"location":"AuraPlayerController.cpp:AbilityInputReleased","message":"Input released","data":{"InputTag":"InputTag.LMB","bRightMouseDown":false},"runId":"run1"}
{"sessionId":"cf25b3","id":"log_351033014523","timestamp":351033014523,"location":"AuraPlayerController.cpp:Look","message":"Look invoked","data":{"x":0.07000,"y":0.00000,"bRightMouseDown":false,"hypothesisId":"A"},"runId":"run1"}
{"sessionId":"cf25b3","id":"log_351033021824","timestamp":351033021824,"location":"AuraPlayerController.cpp:AbilityInputHeld","message":"Input held","data":{"InputTag":"InputTag.LMB","bRightMouseDown":false},"runId":"run1"}
{"sessionId":"cf25b3","id":"log_351033092718","timestamp":351033092718,"location":"AuraPlayerController.cpp:AbilityInputHeld","message":"Input held","data":{"InputTag":"InputTag.LMB","bRightMouseDown":false},"runId":"run1"}
{"sessionId":"cf25b3","id":"log_351033175736","timestamp":351033175736,"location":"AuraPlayerController.cpp:AbilityInputHeld","message":"Input held","data":{"InputTag":"InputTag.LMB","bRightMouseDown":false},"runId":"run1"}
{"sessionId":"cf25b3","id":"log_351033258954","timestamp":351033258954,"location":"AuraPlayerController.cpp:AbilityInputHeld","message":"Input held","data":{"InputTag":"InputTag.LMB","bRightMouseDown":false},"runId":"run1"}
{"sessionId":"cf25b3","id":"log_351033342336","timestamp":351033342336,"location":"AuraPlayerController.cpp:AbilityInputHeld","message":"Input held","data":{"InputTag":"InputTag.LMB","bRightMouseDown":false},"runId":"run1"}
{"sessionId":"cf25b3","id":"log_351033425456","timestamp":351033425456,"location":"AuraPlayerController.cpp:AbilityInputHeld","message":"Input held","data":{"InputTag":"InputTag.LMB","bRightMouseDown":false},"runId":"run1"}
{"sessionId":"cf25b3","id":"log_351033509030","timestamp":351033509030,"location":"AuraPlayerController.cpp:AbilityInputHeld","message":"Input held","data":{"InputTag":"InputTag.LMB","bRightMouseDown":false},"runId":"run1"}
{"sessionId":"cf25b3","id":"log_351033592451","timestamp":351033592451,"location":"AuraPlayerController.cpp:AbilityInputHeld","message":"Input held","data":{"InputTag":"InputTag.LMB","bRightMouseDown":false},"runId":"run1"}
{"sessionId":"cf25b3","id":"log_351033675974","timestamp":351033675974,"location":"AuraPlayerController.cpp:AbilityInputHeld","message":"Input held","data":{"InputTag":"InputTag.LMB","bRightMouseDown":false},"runId":"run1"}
{"sessionId":"cf25b3","id":"log_351033759170","timestamp":351033759170,"location":"AuraPlayerController.cpp:AbilityInputHeld","message":"Input held","data":{"InputTag":"InputTag.LMB","bRightMouseDown":false},"runId":"run1"}
{"sessionId":"cf25b3","id":"log_351033847362","timestamp":351033847362,"location":"AuraPlayerController.cpp:AbilityInputReleased","message":"Input released","data":{"InputTag":"InputTag.LMB","bRightMouseDown":false},"runId":"run1"}
{"sessionId":"cf25b3","id":"log_351047021254","timestamp":351047021254,"location":"AuraPlayerController.cpp:Look","message":"Look invoked","data":{"x":0.14000,"y":0.00000,"bRightMouseDown":false,"hypothesisId":"A"},"runId":"run1"}
{"sessionId":"cf25b3","id":"log_351047025699","timestamp":351047025699,"location":"AuraPlayerController.cpp:AbilityInputHeld","message":"Input held","data":{"InputTag":"InputTag.LMB","bRightMouseDown":false},"runId":"run1"}
{"sessionId":"cf25b3","id":"log_351047102992","timestamp":351047102992,"location":"AuraPlayerController.cpp:Look","message":"Look invoked","data":{"x":0.21000,"y":0.00000,"bRightMouseDown":false,"hypothesisId":"A"},"runId":"run1"}
{"sessionId":"cf25b3","id":"log_351047107832","timestamp":351047107832,"location":"AuraPlayerController.cpp:AbilityInputHeld","message":"Input held","data":{"InputTag":"InputTag.LMB","bRightMouseDown":false},"runId":"run1"}
{"sessionId":"cf25b3","id":"log_351047180317","timestamp":351047180317,"location":"AuraPlayerController.cpp:Look","message":"Look invoked","data":{"x":0.21000,"y":0.00000,"bRightMouseDown":false,"hypothesisId":"A"},"runId":"run1"}
{"sessionId":"cf25b3","id":"log_351047184171","timestamp":351047184171,"location":"AuraPlayerController.cpp:AbilityInputHeld","message":"Input held","data":{"InputTag":"InputTag.LMB","bRightMouseDown":false},"runId":"run1"}
{"sessionId":"cf25b3","id":"log_351047264475","timestamp":351047264475,"location":"AuraPlayerController.cpp:Look","message":"Look invoked","data":{"x":0.21000,"y":0.00000,"bRightMouseDown":false,"hypothesisId":"A"},"runId":"run1"}
{"sessionId":"cf25b3","id":"log_351047268455","timestamp":351047268455,"location":"AuraPlayerController.cpp:AbilityInputHeld","message":"Input held","data":{"InputTag":"InputTag.LMB","bRightMouseDown":false},"runId":"run1"}
{"sessionId":"cf25b3","id":"log_351047347405","timestamp":351047347405,"location":"AuraPlayerController.cpp:Look","message":"Look invoked","data":{"x":0.14000,"y":0.00000,"bRightMouseDown":false,"hypothesisId":"A"},"runId":"run1"}
{"sessionId":"cf25b3","id":"log_351047351243","timestamp":351047351243,"location":"AuraPlayerController.cpp:AbilityInputHeld","message":"Input held","data":{"InputTag":"InputTag.LMB","bRightMouseDown":false},"runId":"run1"}
{"sessionId":"cf25b3","id":"log_351047431500","timestamp":351047431500,"location":"AuraPlayerController.cpp:Look","message":"Look invoked","data":{"x":0.21000,"y":0.00000,"bRightMouseDown":false,"hypothesisId":"A"},"runId":"run1"}
{"sessionId":"cf25b3","id":"log_351047435389","timestamp":351047435389,"location":"AuraPlayerController.cpp:AbilityInputHeld","message":"Input held","data":{"InputTag":"InputTag.LMB","bRightMouseDown":false},"runId":"run1"}
{"sessionId":"cf25b3","id":"log_351047513933","timestamp":351047513933,"location":"AuraPlayerController.cpp:Look","message":"Look invoked","data":{"x":0.07000,"y":0.00000,"bRightMouseDown":false,"hypothesisId":"A"},"runId":"run1"}
{"sessionId":"cf25b3","id":"log_351047519063","timestamp":351047519063,"location":"AuraPlayerController.cpp:AbilityInputHeld","message":"Input held","data":{"InputTag":"InputTag.LMB","bRightMouseDown":false},"runId":"run1"}
{"sessionId":"cf25b3","id":"log_351047600057","timestamp":351047600057,"location":"AuraPlayerController.cpp:Look","message":"Look invoked","data":{"x":0.14000,"y":0.00000,"bRightMouseDown":false,"hypothesisId":"A"},"runId":"run1"}
{"sessionId":"cf25b3","id":"log_351047604063","timestamp":351047604063,"location":"AuraPlayerController.cpp:AbilityInputHeld","message":"Input held","data":{"InputTag":"InputTag.LMB","bRightMouseDown":false},"runId":"run1"}
{"sessionId":"cf25b3","id":"log_351047680187","timestamp":351047680187,"location":"AuraPlayerController.cpp:Look","message":"Look invoked","data":{"x":0.35000,"y":0.00000,"bRightMouseDown":false,"hypothesisId":"A"},"runId":"run1"}
{"sessionId":"cf25b3","id":"log_351047684792","timestamp":351047684792,"location":"AuraPlayerController.cpp:AbilityInputHeld","message":"Input held","data":{"InputTag":"InputTag.LMB","bRightMouseDown":false},"runId":"run1"}
{"sessionId":"cf25b3","id":"log_351047764137","timestamp":351047764137,"location":"AuraPlayerController.cpp:Look","message":"Look invoked","data":{"x":0.28000,"y":0.00000,"bRightMouseDown":false,"hypothesisId":"A"},"runId":"run1"}
{"sessionId":"cf25b3","id":"log_351047767615","timestamp":351047767615,"location":"AuraPlayerController.cpp:AbilityInputHeld","message":"Input held","data":{"InputTag":"InputTag.LMB","bRightMouseDown":false},"runId":"run1"}
{"sessionId":"cf25b3","id":"log_351047848154","timestamp":351047848154,"location":"AuraPlayerController.cpp:Look","message":"Look invoked","data":{"x":0.28000,"y":0.00000,"bRightMouseDown":false,"hypothesisId":"A"},"runId":"run1"}
{"sessionId":"cf25b3","id":"log_351047851858","timestamp":351047851858,"location":"AuraPlayerController.cpp:AbilityInputHeld","message":"Input held","data":{"InputTag":"InputTag.LMB","bRightMouseDown":false},"runId":"run1"}
{"sessionId":"cf25b3","id":"log_351047931511","timestamp":351047931511,"location":"AuraPlayerController.cpp:Look","message":"Look invoked","data":{"x":0.70000,"y":0.00000,"bRightMouseDown":false,"hypothesisId":"A"},"runId":"run1"}
{"sessionId":"cf25b3","id":"log_351047935325","timestamp":351047935325,"location":"AuraPlayerController.cpp:AbilityInputHeld","message":"Input held","data":{"InputTag":"InputTag.LMB","bRightMouseDown":false},"runId":"run1"}
{"sessionId":"cf25b3","id":"log_351048013763","timestamp":351048013763,"location":"AuraPlayerController.cpp:Look","message":"Look invoked","data":{"x":0.35000,"y":0.00000,"bRightMouseDown":false,"hypothesisId":"A"},"runId":"run1"}
{"sessionId":"cf25b3","id":"log_351048019930","timestamp":351048019930,"location":"AuraPlayerController.cpp:AbilityInputHeld","message":"Input held","data":{"InputTag":"InputTag.LMB","bRightMouseDown":false},"runId":"run1"}
{"sessionId":"cf25b3","id":"log_351048096759","timestamp":351048096759,"location":"AuraPlayerController.cpp:Look","message":"Look invoked","data":{"x":0.35000,"y":0.00000,"bRightMouseDown":false,"hypothesisId":"A"},"runId":"run1"}
{"sessionId":"cf25b3","id":"log_351048101810","timestamp":351048101810,"location":"AuraPlayerController.cpp:AbilityInputHeld","message":"Input held","data":{"InputTag":"InputTag.LMB","bRightMouseDown":false},"runId":"run1"}
{"sessionId":"cf25b3","id":"log_351048181768","timestamp":351048181768,"location":"AuraPlayerController.cpp:Look","message":"Look invoked","data":{"x":0.42000,"y":0.00000,"bRightMouseDown":false,"hypothesisId":"A"},"runId":"run1"}
{"sessionId":"cf25b3","id":"log_351048185315","timestamp":351048185315,"location":"AuraPlayerController.cpp:AbilityInputHeld","message":"Input held","data":{"InputTag":"InputTag.LMB","bRightMouseDown":false},"runId":"run1"}
{"sessionId":"cf25b3","id":"log_351048263454","timestamp":351048263454,"location":"AuraPlayerController.cpp:Look","message":"Look invoked","data":{"x":0.07000,"y":0.00000,"bRightMouseDown":false,"hypothesisId":"A"},"runId":"run1"}
{"sessionId":"cf25b3","id":"log_351048267309","timestamp":351048267309,"location":"AuraPlayerController.cpp:AbilityInputHeld","message":"Input held","data":{"InputTag":"InputTag.LMB","bRightMouseDown":false},"runId":"run1"}
{"sessionId":"cf25b3","id":"log_351048346815","timestamp":351048346815,"location":"AuraPlayerController.cpp:Look","message":"Look invoked","data":{"x":0.07000,"y":0.00000,"bRightMouseDown":false,"hypothesisId":"A"},"runId":"run1"}
{"sessionId":"cf25b3","id":"log_351048351125","timestamp":351048351125,"location":"AuraPlayerController.cpp:AbilityInputHeld","message":"Input held","data":{"InputTag":"InputTag.LMB","bRightMouseDown":false},"runId":"run1"}
{"sessionId":"cf25b3","id":"log_351048430273","timestamp":351048430273,"location":"AuraPlayerController.cpp:Look","message":"Look invoked","data":{"x":0.07000,"y":0.00000,"bRightMouseDown":false,"hypothesisId":"A"},"runId":"run1"}
{"sessionId":"cf25b3","id":"log_351048436151","timestamp":351048436151,"location":"AuraPlayerController.cpp:AbilityInputHeld","message":"Input held","data":{"InputTag":"InputTag.LMB","bRightMouseDown":false},"runId":"run1"}
{"sessionId":"cf25b3","id":"log_351048513646","timestamp":351048513646,"location":"AuraPlayerController.cpp:AbilityInputHeld","message":"Input held","data":{"InputTag":"InputTag.LMB","bRightMouseDown":false},"runId":"run1"}
{"sessionId":"cf25b3","id":"log_351048595465","timestamp":351048595465,"location":"AuraPlayerController.cpp:AbilityInputHeld","message":"Input held","data":{"InputTag":"InputTag.LMB","bRightMouseDown":false},"runId":"run1"}
{"sessionId":"cf25b3","id":"log_351048679282","timestamp":351048679282,"location":"AuraPlayerController.cpp:AbilityInputHeld","message":"Input held","data":{"InputTag":"InputTag.LMB","bRightMouseDown":false},"runId":"run1"}
{"sessionId":"cf25b3","id":"log_351048762494","timestamp":351048762494,"location":"AuraPlayerController.cpp:AbilityInputHeld","message":"Input held","data":{"InputTag":"InputTag.LMB","bRightMouseDown":false},"runId":"run1"}
{"sessionId":"cf25b3","id":"log_351048847001","timestamp":351048847001,"location":"AuraPlayerController.cpp:AbilityInputHeld","message":"Input held","data":{"InputTag":"InputTag.LMB","bRightMouseDown":false},"runId":"run1"}
{"sessionId":"cf25b3","id":"log_351048931531","timestamp":351048931531,"location":"AuraPlayerController.cpp:AbilityInputHeld","message":"Input held","data":{"InputTag":"InputTag.LMB","bRightMouseDown":false},"runId":"run1"}
{"sessionId":"cf25b3","id":"log_351049012212","timestamp":351049012212,"location":"AuraPlayerController.cpp:AbilityInputHeld","message":"Input held","data":{"InputTag":"InputTag.LMB","bRightMouseDown":false},"runId":"run1"}
{"sessionId":"cf25b3","id":"log_351049098295","timestamp":351049098295,"location":"AuraPlayerController.cpp:Look","message":"Look invoked","data":{"x":0.07000,"y":0.00000,"bRightMouseDown":false,"hypothesisId":"A"},"runId":"run1"}
{"sessionId":"cf25b3","id":"log_351049102288","timestamp":351049102288,"location":"AuraPlayerController.cpp:AbilityInputHeld","message":"Input held","data":{"InputTag":"InputTag.LMB","bRightMouseDown":false},"runId":"run1"}
{"sessionId":"cf25b3","id":"log_351049180748","timestamp":351049180748,"location":"AuraPlayerController.cpp:Look","message":"Look invoked","data":{"x":-0.21000,"y":0.00000,"bRightMouseDown":false,"hypothesisId":"A"},"runId":"run1"}
{"sessionId":"cf25b3","id":"log_351049184396","timestamp":351049184396,"location":"AuraPlayerController.cpp:AbilityInputHeld","message":"Input held","data":{"InputTag":"InputTag.LMB","bRightMouseDown":false},"runId":"run1"}
{"sessionId":"cf25b3","id":"log_351049264182","timestamp":351049264182,"location":"AuraPlayerController.cpp:Look","message":"Look invoked","data":{"x":0.14000,"y":0.00000,"bRightMouseDown":false,"hypothesisId":"A"},"runId":"run1"}
{"sessionId":"cf25b3","id":"log_351049267829","timestamp":351049267829,"location":"AuraPlayerController.cpp:AbilityInputHeld","message":"Input held","data":{"InputTag":"InputTag.LMB","bRightMouseDown":false},"runId":"run1"}
{"sessionId":"cf25b3","id":"log_351049346997","timestamp":351049346997,"location":"AuraPlayerController.cpp:Look","message":"Look invoked","data":{"x":0.14000,"y":0.00000,"bRightMouseDown":false,"hypothesisId":"A"},"runId":"run1"}
{"sessionId":"cf25b3","id":"log_351049351545","timestamp":351049351545,"location":"AuraPlayerController.cpp:AbilityInputHeld","message":"Input held","data":{"InputTag":"InputTag.LMB","bRightMouseDown":false},"runId":"run1"}
{"sessionId":"cf25b3","id":"log_351049431704","timestamp":351049431704,"location":"AuraPlayerController.cpp:Look","message":"Look invoked","data":{"x":-0.28000,"y":0.00000,"bRightMouseDown":false,"hypothesisId":"A"},"runId":"run1"}
{"sessionId":"cf25b3","id":"log_351049435398","timestamp":351049435398,"location":"AuraPlayerController.cpp:AbilityInputHeld","message":"Input held","data":{"InputTag":"InputTag.LMB","bRightMouseDown":false},"runId":"run1"}
{"sessionId":"cf25b3","id":"log_351049513463","timestamp":351049513463,"location":"AuraPlayerController.cpp:Look","message":"Look invoked","data":{"x":-0.14000,"y":0.00000,"bRightMouseDown":false,"hypothesisId":"A"},"runId":"run1"}
{"sessionId":"cf25b3","id":"log_351049517637","timestamp":351049517637,"location":"AuraPlayerController.cpp:AbilityInputHeld","message":"Input held","data":{"InputTag":"InputTag.LMB","bRightMouseDown":false},"runId":"run1"}
{"sessionId":"cf25b3","id":"log_351049600477","timestamp":351049600477,"location":"AuraPlayerController.cpp:Look","message":"Look invoked","data":{"x":-0.14000,"y":0.00000,"bRightMouseDown":false,"hypothesisId":"A"},"runId":"run1"}
{"sessionId":"cf25b3","id":"log_351049604243","timestamp":351049604243,"location":"AuraPlayerController.cpp:AbilityInputHeld","message":"Input held","data":{"InputTag":"InputTag.LMB","bRightMouseDown":false},"runId":"run1"}
{"sessionId":"cf25b3","id":"log_351049680957","timestamp":351049680957,"location":"AuraPlayerController.cpp:Look","message":"Look invoked","data":{"x":-0.14000,"y":0.00000,"bRightMouseDown":false,"hypothesisId":"A"},"runId":"run1"}
{"sessionId":"cf25b3","id":"log_351049690472","timestamp":351049690472,"location":"AuraPlayerController.cpp:AbilityInputHeld","message":"Input held","data":{"InputTag":"InputTag.LMB","bRightMouseDown":false},"runId":"run1"}
{"sessionId":"cf25b3","id":"log_351049768314","timestamp":351049768314,"location":"AuraPlayerController.cpp:Look","message":"Look invoked","data":{"x":0.07000,"y":0.00000,"bRightMouseDown":false,"hypothesisId":"A"},"runId":"run1"}
{"sessionId":"cf25b3","id":"log_351049772561","timestamp":351049772561,"location":"AuraPlayerController.cpp:AbilityInputHeld","message":"Input held","data":{"InputTag":"InputTag.LMB","bRightMouseDown":false},"runId":"run1"}
{"sessionId":"cf25b3","id":"log_351049846452","timestamp":351049846452,"location":"AuraPlayerController.cpp:AbilityInputHeld","message":"Input held","data":{"InputTag":"InputTag.LMB","bRightMouseDown":false},"runId":"run1"}
{"sessionId":"cf25b3","id":"log_351049931544","timestamp":351049931544,"location":"AuraPlayerController.cpp:Look","message":"Look invoked","data":{"x":-0.21000,"y":0.00000,"bRightMouseDown":false,"hypothesisId":"A"},"runId":"run1"}
{"sessionId":"cf25b3","id":"log_351049935231","timestamp":351049935231,"location":"AuraPlayerController.cpp:AbilityInputHeld","message":"Input held","data":{"InputTag":"InputTag.LMB","bRightMouseDown":false},"runId":"run1"}
{"sessionId":"cf25b3","id":"log_351050016120","timestamp":351050016120,"location":"AuraPlayerController.cpp:Look","message":"Look invoked","data":{"x":0.07000,"y":0.00000,"bRightMouseDown":false,"hypothesisId":"A"},"runId":"run1"}
{"sessionId":"cf25b3","id":"log_351050019490","timestamp":351050019490,"location":"AuraPlayerController.cpp:AbilityInputHeld","message":"Input held","data":{"InputTag":"InputTag.LMB","bRightMouseDown":false},"runId":"run1"}
{"sessionId":"cf25b3","id":"log_351050097316","timestamp":351050097316,"location":"AuraPlayerController.cpp:Look","message":"Look invoked","data":{"x":-0.14000,"y":0.00000,"bRightMouseDown":false,"hypothesisId":"A"},"runId":"run1"}
{"sessionId":"cf25b3","id":"log_351050101059","timestamp":351050101059,"location":"AuraPlayerController.cpp:AbilityInputHeld","message":"Input held","data":{"InputTag":"InputTag.LMB","bRightMouseDown":false},"runId":"run1"}
{"sessionId":"cf25b3","id":"log_351050184497","timestamp":351050184497,"location":"AuraPlayerController.cpp:Look","message":"Look invoked","data":{"x":-0.21000,"y":0.00000,"bRightMouseDown":false,"hypothesisId":"A"},"runId":"run1"}
{"sessionId":"cf25b3","id":"log_351050187422","timestamp":351050187422,"location":"AuraPlayerController.cpp:AbilityInputHeld","message":"Input held","data":{"InputTag":"InputTag.LMB","bRightMouseDown":false},"runId":"run1"}
{"sessionId":"cf25b3","id":"log_351050264117","timestamp":351050264117,"location":"AuraPlayerController.cpp:Look","message":"Look invoked","data":{"x":-0.14000,"y":0.00000,"bRightMouseDown":false,"hypothesisId":"A"},"runId":"run1"}
{"sessionId":"cf25b3","id":"log_351050267714","timestamp":351050267714,"location":"AuraPlayerController.cpp:AbilityInputHeld","message":"Input held","data":{"InputTag":"InputTag.LMB","bRightMouseDown":false},"runId":"run1"}
{"sessionId":"cf25b3","id":"log_351050347346","timestamp":351050347346,"location":"AuraPlayerController.cpp:Look","message":"Look invoked","data":{"x":-0.21000,"y":0.00000,"bRightMouseDown":false,"hypothesisId":"A"},"runId":"run1"}
{"sessionId":"cf25b3","id":"log_351050350739","timestamp":351050350739,"location":"AuraPlayerController.cpp:AbilityInputHeld","message":"Input held","data":{"InputTag":"InputTag.LMB","bRightMouseDown":false},"runId":"run1"}
{"sessionId":"cf25b3","id":"log_351050430826","timestamp":351050430826,"location":"AuraPlayerController.cpp:Look","message":"Look invoked","data":{"x":-0.21000,"y":0.00000,"bRightMouseDown":false,"hypothesisId":"A"},"runId":"run1"}
{"sessionId":"cf25b3","id":"log_351050435470","timestamp":351050435470,"location":"AuraPlayerController.cpp:AbilityInputHeld","message":"Input held","data":{"InputTag":"InputTag.LMB","bRightMouseDown":false},"runId":"run1"}
{"sessionId":"cf25b3","id":"log_351050518592","timestamp":351050518592,"location":"AuraPlayerController.cpp:Look","message":"Look invoked","data":{"x":-0.14000,"y":0.00000,"bRightMouseDown":false,"hypothesisId":"A"},"runId":"run1"}
{"sessionId":"cf25b3","id":"log_351050521603","timestamp":351050521603,"location":"AuraPlayerController.cpp:AbilityInputHeld","message":"Input held","data":{"InputTag":"InputTag.LMB","bRightMouseDown":false},"runId":"run1"}
{"sessionId":"cf25b3","id":"log_351050598723","timestamp":351050598723,"location":"AuraPlayerController.cpp:Look","message":"Look invoked","data":{"x":-0.14000,"y":0.00000,"bRightMouseDown":false,"hypothesisId":"A"},"runId":"run1"}
{"sessionId":"cf25b3","id":"log_351050602067","timestamp":351050602067,"location":"AuraPlayerController.cpp:AbilityInputHeld","message":"Input held","data":{"InputTag":"InputTag.LMB","bRightMouseDown":false},"runId":"run1"}
{"sessionId":"cf25b3","id":"log_351050680980","timestamp":351050680980,"location":"AuraPlayerController.cpp:Look","message":"Look invoked","data":{"x":-0.21000,"y":0.00000,"bRightMouseDown":false,"hypothesisId":"A"},"runId":"run1"}
{"sessionId":"cf25b3","id":"log_351050684046","timestamp":351050684046,"location":"AuraPlayerController.cpp:AbilityInputHeld","message":"Input held","data":{"InputTag":"InputTag.LMB","bRightMouseDown":false},"runId":"run1"}
{"sessionId":"cf25b3","id":"log_351050764698","timestamp":351050764698,"location":"AuraPlayerController.cpp:Look","message":"Look invoked","data":{"x":-0.14000,"y":0.00000,"bRightMouseDown":false,"hypothesisId":"A"},"runId":"run1"}
{"sessionId":"cf25b3","id":"log_351050768810","timestamp":351050768810,"location":"AuraPlayerController.cpp:AbilityInputHeld","message":"Input held","data":{"InputTag":"InputTag.LMB","bRightMouseDown":false},"runId":"run1"}
{"sessionId":"cf25b3","id":"log_351050849652","timestamp":351050849652,"location":"AuraPlayerController.cpp:Look","message":"Look invoked","data":{"x":-0.14000,"y":0.00000,"bRightMouseDown":false,"hypothesisId":"A"},"runId":"run1"}
{"sessionId":"cf25b3","id":"log_351050855544","timestamp":351050855544,"location":"AuraPlayerController.cpp:AbilityInputHeld","message":"Input held","data":{"InputTag":"InputTag.LMB","bRightMouseDown":false},"runId":"run1"}
{"sessionId":"cf25b3","id":"log_351050931549","timestamp":351050931549,"location":"AuraPlayerController.cpp:Look","message":"Look invoked","data":{"x":-0.28000,"y":0.00000,"bRightMouseDown":false,"hypothesisId":"A"},"runId":"run1"}
{"sessionId":"cf25b3","id":"log_351050935346","timestamp":351050935346,"location":"AuraPlayerController.cpp:AbilityInputHeld","message":"Input held","data":{"InputTag":"InputTag.LMB","bRightMouseDown":false},"runId":"run1"}
{"sessionId":"cf25b3","id":"log_351051017385","timestamp":351051017385,"location":"AuraPlayerController.cpp:Look","message":"Look invoked","data":{"x":-0.14000,"y":0.00000,"bRightMouseDown":false,"hypothesisId":"A"},"runId":"run1"}
{"sessionId":"cf25b3","id":"log_351051020688","timestamp":351051020688,"location":"AuraPlayerController.cpp:AbilityInputHeld","message":"Input held","data":{"InputTag":"InputTag.LMB","bRightMouseDown":false},"runId":"run1"}
{"sessionId":"cf25b3","id":"log_351051099125","timestamp":351051099125,"location":"AuraPlayerController.cpp:Look","message":"Look invoked","data":{"x":-0.21000,"y":0.00000,"bRightMouseDown":false,"hypothesisId":"A"},"runId":"run1"}
{"sessionId":"cf25b3","id":"log_351051104179","timestamp":351051104179,"location":"AuraPlayerController.cpp:AbilityInputHeld","message":"Input held","data":{"InputTag":"InputTag.LMB","bRightMouseDown":false},"runId":"run1"}
{"sessionId":"cf25b3","id":"log_351051181292","timestamp":351051181292,"location":"AuraPlayerController.cpp:Look","message":"Look invoked","data":{"x":-0.28000,"y":0.00000,"bRightMouseDown":false,"hypothesisId":"A"},"runId":"run1"}
{"sessionId":"cf25b3","id":"log_351051187738","timestamp":351051187738,"location":"AuraPlayerController.cpp:AbilityInputHeld","message":"Input held","data":{"InputTag":"InputTag.LMB","bRightMouseDown":false},"runId":"run1"}
{"sessionId":"cf25b3","id":"log_351051270647","timestamp":351051270647,"location":"AuraPlayerController.cpp:Look","message":"Look invoked","data":{"x":-0.28000,"y":0.00000,"bRightMouseDown":false,"hypothesisId":"A"},"runId":"run1"}
{"sessionId":"cf25b3","id":"log_351051274648","timestamp":351051274648,"location":"AuraPlayerController.cpp:AbilityInputHeld","message":"Input held","data":{"InputTag":"InputTag.LMB","bRightMouseDown":false},"runId":"run1"}
{"sessionId":"cf25b3","id":"log_351051347860","timestamp":351051347860,"location":"AuraPlayerController.cpp:Look","message":"Look invoked","data":{"x":-0.14000,"y":0.00000,"bRightMouseDown":false,"hypothesisId":"A"},"runId":"run1"}
{"sessionId":"cf25b3","id":"log_351051351319","timestamp":351051351319,"location":"AuraPlayerController.cpp:AbilityInputHeld","message":"Input held","data":{"InputTag":"InputTag.LMB","bRightMouseDown":false},"runId":"run1"}
{"sessionId":"cf25b3","id":"log_351051434089","timestamp":351051434089,"location":"AuraPlayerController.cpp:Look","message":"Look invoked","data":{"x":-0.28000,"y":0.00000,"bRightMouseDown":false,"hypothesisId":"A"},"runId":"run1"}
{"sessionId":"cf25b3","id":"log_351051436861","timestamp":351051436861,"location":"AuraPlayerController.cpp:AbilityInputHeld","message":"Input held","data":{"InputTag":"InputTag.LMB","bRightMouseDown":false},"runId":"run1"}
{"sessionId":"cf25b3","id":"log_351051516055","timestamp":351051516055,"location":"AuraPlayerController.cpp:Look","message":"Look invoked","data":{"x":-0.14000,"y":0.00000,"bRightMouseDown":false,"hypothesisId":"A"},"runId":"run1"}
{"sessionId":"cf25b3","id":"log_351051522759","timestamp":351051522759,"location":"AuraPlayerController.cpp:AbilityInputHeld","message":"Input held","data":{"InputTag":"InputTag.LMB","bRightMouseDown":false},"runId":"run1"}
{"sessionId":"cf25b3","id":"log_351051598515","timestamp":351051598515,"location":"AuraPlayerController.cpp:Look","message":"Look invoked","data":{"x":-0.14000,"y":0.00000,"bRightMouseDown":false,"hypothesisId":"A"},"runId":"run1"}
{"sessionId":"cf25b3","id":"log_351051602671","timestamp":351051602671,"location":"AuraPlayerController.cpp:AbilityInputHeld","message":"Input held","data":{"InputTag":"InputTag.LMB","bRightMouseDown":false},"runId":"run1"}
{"sessionId":"cf25b3","id":"log_351051685529","timestamp":351051685529,"location":"AuraPlayerController.cpp:Look","message":"Look invoked","data":{"x":-0.14000,"y":0.00000,"bRightMouseDown":false,"hypothesisId":"A"},"runId":"run1"}
{"sessionId":"cf25b3","id":"log_351051690655","timestamp":351051690655,"location":"AuraPlayerController.cpp:AbilityInputHeld","message":"Input held","data":{"InputTag":"InputTag.LMB","bRightMouseDown":false},"runId":"run1"}
{"sessionId":"cf25b3","id":"log_351051764381","timestamp":351051764381,"location":"AuraPlayerController.cpp:Look","message":"Look invoked","data":{"x":0.07000,"y":0.00000,"bRightMouseDown":false,"hypothesisId":"A"},"runId":"run1"}
{"sessionId":"cf25b3","id":"log_351051768686","timestamp":351051768686,"location":"AuraPlayerController.cpp:AbilityInputHeld","message":"Input held","data":{"InputTag":"InputTag.LMB","bRightMouseDown":false},"runId":"run1"}
{"sessionId":"cf25b3","id":"log_351051848125","timestamp":351051848125,"location":"AuraPlayerController.cpp:Look","message":"Look invoked","data":{"x":-0.14000,"y":0.00000,"bRightMouseDown":false,"hypothesisId":"A"},"runId":"run1"}
{"sessionId":"cf25b3","id":"log_351051851862","timestamp":351051851862,"location":"AuraPlayerController.cpp:AbilityInputHeld","message":"Input held","data":{"InputTag":"InputTag.LMB","bRightMouseDown":false},"runId":"run1"}
{"sessionId":"cf25b3","id":"log_351051931019","timestamp":351051931019,"location":"AuraPlayerController.cpp:Look","message":"Look invoked","data":{"x":-0.21000,"y":0.00000,"bRightMouseDown":false,"hypothesisId":"A"},"runId":"run1"}
{"sessionId":"cf25b3","id":"log_351051935083","timestamp":351051935083,"location":"AuraPlayerController.cpp:AbilityInputHeld","message":"Input held","data":{"InputTag":"InputTag.LMB","bRightMouseDown":false},"runId":"run1"}
{"sessionId":"cf25b3","id":"log_351052013922","timestamp":351052013922,"location":"AuraPlayerController.cpp:Look","message":"Look invoked","data":{"x":0.07000,"y":0.00000,"bRightMouseDown":false,"hypothesisId":"A"},"runId":"run1"}
{"sessionId":"cf25b3","id":"log_351052017385","timestamp":351052017385,"location":"AuraPlayerController.cpp:AbilityInputHeld","message":"Input held","data":{"InputTag":"InputTag.LMB","bRightMouseDown":false},"runId":"run1"}
{"sessionId":"cf25b3","id":"log_351052098222","timestamp":351052098222,"location":"AuraPlayerController.cpp:Look","message":"Look invoked","data":{"x":-0.14000,"y":0.00000,"bRightMouseDown":false,"hypothesisId":"A"},"runId":"run1"}
{"sessionId":"cf25b3","id":"log_351052101737","timestamp":351052101737,"location":"AuraPlayerController.cpp:AbilityInputHeld","message":"Input held","data":{"InputTag":"InputTag.LMB","bRightMouseDown":false},"runId":"run1"}
{"sessionId":"cf25b3","id":"log_351052181185","timestamp":351052181185,"location":"AuraPlayerController.cpp:Look","message":"Look invoked","data":{"x":-0.14000,"y":0.00000,"bRightMouseDown":false,"hypothesisId":"A"},"runId":"run1"}
{"sessionId":"cf25b3","id":"log_351052184735","timestamp":351052184735,"location":"AuraPlayerController.cpp:AbilityInputHeld","message":"Input held","data":{"InputTag":"InputTag.LMB","bRightMouseDown":false},"runId":"run1"}
{"sessionId":"cf25b3","id":"log_351052264286","timestamp":351052264286,"location":"AuraPlayerController.cpp:Look","message":"Look invoked","data":{"x":-0.07000,"y":0.00000,"bRightMouseDown":false,"hypothesisId":"A"},"runId":"run1"}
{"sessionId":"cf25b3","id":"log_351052267754","timestamp":351052267754,"location":"AuraPlayerController.cpp:AbilityInputHeld","message":"Input held","data":{"InputTag":"InputTag.LMB","bRightMouseDown":false},"runId":"run1"}
{"sessionId":"cf25b3","id":"log_351052347671","timestamp":351052347671,"location":"AuraPlayerController.cpp:Look","message":"Look invoked","data":{"x":0.07000,"y":0.00000,"bRightMouseDown":false,"hypothesisId":"A"},"runId":"run1"}
{"sessionId":"cf25b3","id":"log_351052351620","timestamp":351052351620,"location":"AuraPlayerController.cpp:AbilityInputHeld","message":"Input held","data":{"InputTag":"InputTag.LMB","bRightMouseDown":false},"runId":"run1"}
{"sessionId":"cf25b3","id":"log_351052438955","timestamp":351052438955,"location":"AuraPlayerController.cpp:Look","message":"Look invoked","data":{"x":-0.14000,"y":0.00000,"bRightMouseDown":false,"hypothesisId":"A"},"runId":"run1"}
{"sessionId":"cf25b3","id":"log_351052442633","timestamp":351052442633,"location":"AuraPlayerController.cpp:AbilityInputHeld","message":"Input held","data":{"InputTag":"InputTag.LMB","bRightMouseDown":false},"runId":"run1"}
{"sessionId":"cf25b3","id":"log_351052526242","timestamp":351052526242,"location":"AuraPlayerController.cpp:Look","message":"Look invoked","data":{"x":-0.07000,"y":0.00000,"bRightMouseDown":false,"hypothesisId":"A"},"runId":"run1"}
{"sessionId":"cf25b3","id":"log_351052530025","timestamp":351052530025,"location":"AuraPlayerController.cpp:AbilityInputHeld","message":"Input held","data":{"InputTag":"InputTag.LMB","bRightMouseDown":false},"runId":"run1"}
{"sessionId":"cf25b3","id":"log_351052603939","timestamp":351052603939,"location":"AuraPlayerController.cpp:Look","message":"Look invoked","data":{"x":0.07000,"y":0.00000,"bRightMouseDown":false,"hypothesisId":"A"},"runId":"run1"}
{"sessionId":"cf25b3","id":"log_351052608000","timestamp":351052608000,"location":"AuraPlayerController.cpp:AbilityInputHeld","message":"Input held","data":{"InputTag":"InputTag.LMB","bRightMouseDown":false},"runId":"run1"}
{"sessionId":"cf25b3","id":"log_351052690804","timestamp":351052690804,"location":"AuraPlayerController.cpp:Look","message":"Look invoked","data":{"x":-0.35000,"y":0.00000,"bRightMouseDown":false,"hypothesisId":"A"},"runId":"run1"}
{"sessionId":"cf25b3","id":"log_351052696462","timestamp":351052696462,"location":"AuraPlayerController.cpp:AbilityInputHeld","message":"Input held","data":{"InputTag":"InputTag.LMB","bRightMouseDown":false},"runId":"run1"}
{"sessionId":"cf25b3","id":"log_351052771052","timestamp":351052771052,"location":"AuraPlayerController.cpp:Look","message":"Look invoked","data":{"x":-0.35000,"y":0.00000,"bRightMouseDown":false,"hypothesisId":"A"},"runId":"run1"}
{"sessionId":"cf25b3","id":"log_351052774853","timestamp":351052774853,"location":"AuraPlayerController.cpp:AbilityInputHeld","message":"Input held","data":{"InputTag":"InputTag.LMB","bRightMouseDown":false},"runId":"run1"}
{"sessionId":"cf25b3","id":"log_351052857696","timestamp":351052857696,"location":"AuraPlayerController.cpp:Look","message":"Look invoked","data":{"x":-0.28000,"y":0.00000,"bRightMouseDown":false,"hypothesisId":"A"},"runId":"run1"}
{"sessionId":"cf25b3","id":"log_351052861224","timestamp":351052861224,"location":"AuraPlayerController.cpp:AbilityInputHeld","message":"Input held","data":{"InputTag":"InputTag.LMB","bRightMouseDown":false},"runId":"run1"}
{"sessionId":"cf25b3","id":"log_351052937556","timestamp":351052937556,"location":"AuraPlayerController.cpp:Look","message":"Look invoked","data":{"x":-0.35000,"y":0.00000,"bRightMouseDown":false,"hypothesisId":"A"},"runId":"run1"}
{"sessionId":"cf25b3","id":"log_351052941203","timestamp":351052941203,"location":"AuraPlayerController.cpp:AbilityInputHeld","message":"Input held","data":{"InputTag":"InputTag.LMB","bRightMouseDown":false},"runId":"run1"}
{"sessionId":"cf25b3","id":"log_351053020742","timestamp":351053020742,"location":"AuraPlayerController.cpp:Look","message":"Look invoked","data":{"x":-0.21000,"y":0.00000,"bRightMouseDown":false,"hypothesisId":"A"},"runId":"run1"}
{"sessionId":"cf25b3","id":"log_351053024967","timestamp":351053024967,"location":"AuraPlayerController.cpp:AbilityInputHeld","message":"Input held","data":{"InputTag":"InputTag.LMB","bRightMouseDown":false},"runId":"run1"}
{"sessionId":"cf25b3","id":"log_351053104484","timestamp":351053104484,"location":"AuraPlayerController.cpp:Look","message":"Look invoked","data":{"x":-0.14000,"y":0.00000,"bRightMouseDown":false,"hypothesisId":"A"},"runId":"run1"}
{"sessionId":"cf25b3","id":"log_351053108075","timestamp":351053108075,"location":"AuraPlayerController.cpp:AbilityInputHeld","message":"Input held","data":{"InputTag":"InputTag.LMB","bRightMouseDown":false},"runId":"run1"}
{"sessionId":"cf25b3","id":"log_351053187468","timestamp":351053187468,"location":"AuraPlayerController.cpp:Look","message":"Look invoked","data":{"x":-0.28000,"y":0.00000,"bRightMouseDown":false,"hypothesisId":"A"},"runId":"run1"}
{"sessionId":"cf25b3","id":"log_351053191131","timestamp":351053191131,"location":"AuraPlayerController.cpp:AbilityInputHeld","message":"Input held","data":{"InputTag":"InputTag.LMB","bRightMouseDown":false},"runId":"run1"}
{"sessionId":"cf25b3","id":"log_351053270968","timestamp":351053270968,"location":"AuraPlayerController.cpp:Look","message":"Look invoked","data":{"x":-0.14000,"y":0.00000,"bRightMouseDown":false,"hypothesisId":"A"},"runId":"run1"}
{"sessionId":"cf25b3","id":"log_351053274874","timestamp":351053274874,"location":"AuraPlayerController.cpp:AbilityInputHeld","message":"Input held","data":{"InputTag":"InputTag.LMB","bRightMouseDown":false},"runId":"run1"}
{"sessionId":"cf25b3","id":"log_351053353885","timestamp":351053353885,"location":"AuraPlayerController.cpp:Look","message":"Look invoked","data":{"x":-0.14000,"y":0.00000,"bRightMouseDown":false,"hypothesisId":"A"},"runId":"run1"}
{"sessionId":"cf25b3","id":"log_351053357840","timestamp":351053357840,"location":"AuraPlayerController.cpp:AbilityInputHeld","message":"Input held","data":{"InputTag":"InputTag.LMB","bRightMouseDown":false},"runId":"run1"}
{"sessionId":"cf25b3","id":"log_351053438956","timestamp":351053438956,"location":"AuraPlayerController.cpp:Look","message":"Look invoked","data":{"x":-0.14000,"y":0.00000,"bRightMouseDown":false,"hypothesisId":"A"},"runId":"run1"}
{"sessionId":"cf25b3","id":"log_351053443289","timestamp":351053443289,"location":"AuraPlayerController.cpp:AbilityInputHeld","message":"Input held","data":{"InputTag":"InputTag.LMB","bRightMouseDown":false},"runId":"run1"}
{"sessionId":"cf25b3","id":"log_351053520473","timestamp":351053520473,"location":"AuraPlayerController.cpp:Look","message":"Look invoked","data":{"x":-0.14000,"y":0.00000,"bRightMouseDown":false,"hypothesisId":"A"},"runId":"run1"}
{"sessionId":"cf25b3","id":"log_351053524331","timestamp":351053524331,"location":"AuraPlayerController.cpp:AbilityInputHeld","message":"Input held","data":{"InputTag":"InputTag.LMB","bRightMouseDown":false},"runId":"run1"}
{"sessionId":"cf25b3","id":"log_351053604999","timestamp":351053604999,"location":"AuraPlayerController.cpp:Look","message":"Look invoked","data":{"x":-0.14000,"y":0.00000,"bRightMouseDown":false,"hypothesisId":"A"},"runId":"run1"}
{"sessionId":"cf25b3","id":"log_351053611020","timestamp":351053611020,"location":"AuraPlayerController.cpp:AbilityInputHeld","message":"Input held","data":{"InputTag":"InputTag.LMB","bRightMouseDown":false},"runId":"run1"}
{"sessionId":"cf25b3","id":"log_351053687190","timestamp":351053687190,"location":"AuraPlayerController.cpp:Look","message":"Look invoked","data":{"x":-0.14000,"y":0.00000,"bRightMouseDown":false,"hypothesisId":"A"},"runId":"run1"}
{"sessionId":"cf25b3","id":"log_351053692252","timestamp":351053692252,"location":"AuraPlayerController.cpp:AbilityInputHeld","message":"Input held","data":{"InputTag":"InputTag.LMB","bRightMouseDown":false},"runId":"run1"}
{"sessionId":"cf25b3","id":"log_351053773015","timestamp":351053773015,"location":"AuraPlayerController.cpp:Look","message":"Look invoked","data":{"x":-0.21000,"y":0.00000,"bRightMouseDown":false,"hypothesisId":"A"},"runId":"run1"}
{"sessionId":"cf25b3","id":"log_351053776397","timestamp":351053776397,"location":"AuraPlayerController.cpp:AbilityInputHeld","message":"Input held","data":{"InputTag":"InputTag.LMB","bRightMouseDown":false},"runId":"run1"}
{"sessionId":"cf25b3","id":"log_351053854093","timestamp":351053854093,"location":"AuraPlayerController.cpp:Look","message":"Look invoked","data":{"x":-0.14000,"y":0.00000,"bRightMouseDown":false,"hypothesisId":"A"},"runId":"run1"}
{"sessionId":"cf25b3","id":"log_351053858021","timestamp":351053858021,"location":"AuraPlayerController.cpp:AbilityInputHeld","message":"Input held","data":{"InputTag":"InputTag.LMB","bRightMouseDown":false},"runId":"run1"}
{"sessionId":"cf25b3","id":"log_351053938225","timestamp":351053938225,"location":"AuraPlayerController.cpp:Look","message":"Look invoked","data":{"x":-0.14000,"y":0.00000,"bRightMouseDown":false,"hypothesisId":"A"},"runId":"run1"}
{"sessionId":"cf25b3","id":"log_351053942239","timestamp":351053942239,"location":"AuraPlayerController.cpp:AbilityInputHeld","message":"Input held","data":{"InputTag":"InputTag.LMB","bRightMouseDown":false},"runId":"run1"}
{"sessionId":"cf25b3","id":"log_351054020919","timestamp":351054020919,"location":"AuraPlayerController.cpp:Look","message":"Look invoked","data":{"x":0.07000,"y":0.00000,"bRightMouseDown":false,"hypothesisId":"A"},"runId":"run1"}
{"sessionId":"cf25b3","id":"log_351054024936","timestamp":351054024936,"location":"AuraPlayerController.cpp:AbilityInputHeld","message":"Input held","data":{"InputTag":"InputTag.LMB","bRightMouseDown":false},"runId":"run1"}
{"sessionId":"cf25b3","id":"log_351054103073","timestamp":351054103073,"location":"AuraPlayerController.cpp:AbilityInputHeld","message":"Input held","data":{"InputTag":"InputTag.LMB","bRightMouseDown":false},"runId":"run1"}
{"sessionId":"cf25b3","id":"log_351054186260","timestamp":351054186260,"location":"AuraPlayerController.cpp:AbilityInputHeld","message":"Input held","data":{"InputTag":"InputTag.LMB","bRightMouseDown":false},"runId":"run1"}
{"sessionId":"cf25b3","id":"log_351054270752","timestamp":351054270752,"location":"AuraPlayerController.cpp:Look","message":"Look invoked","data":{"x":-0.07000,"y":0.00000,"bRightMouseDown":false,"hypothesisId":"A"},"runId":"run1"}
{"sessionId":"cf25b3","id":"log_351054275298","timestamp":351054275298,"location":"AuraPlayerController.cpp:AbilityInputHeld","message":"Input held","data":{"InputTag":"InputTag.LMB","bRightMouseDown":false},"runId":"run1"}
{"sessionId":"cf25b3","id":"log_351054352144","timestamp":351054352144,"location":"AuraPlayerController.cpp:AbilityInputHeld","message":"Input held","data":{"InputTag":"InputTag.LMB","bRightMouseDown":false},"runId":"run1"}
{"sessionId":"cf25b3","id":"log_351054437755","timestamp":351054437755,"location":"AuraPlayerController.cpp:Look","message":"Look invoked","data":{"x":-0.07000,"y":0.00000,"bRightMouseDown":false,"hypothesisId":"A"},"runId":"run1"}
{"sessionId":"cf25b3","id":"log_351054441699","timestamp":351054441699,"location":"AuraPlayerController.cpp:AbilityInputHeld","message":"Input held","data":{"InputTag":"InputTag.LMB","bRightMouseDown":false},"runId":"run1"}
{"sessionId":"cf25b3","id":"log_351054520147","timestamp":351054520147,"location":"AuraPlayerController.cpp:Look","message":"Look invoked","data":{"x":-0.07000,"y":0.00000,"bRightMouseDown":false,"hypothesisId":"A"},"runId":"run1"}
{"sessionId":"cf25b3","id":"log_351054524109","timestamp":351054524109,"location":"AuraPlayerController.cpp:AbilityInputHeld","message":"Input held","data":{"InputTag":"InputTag.LMB","bRightMouseDown":false},"runId":"run1"}
{"sessionId":"cf25b3","id":"log_351054602554","timestamp":351054602554,"location":"AuraPlayerController.cpp:AbilityInputHeld","message":"Input held","data":{"InputTag":"InputTag.LMB","bRightMouseDown":false},"runId":"run1"}
{"sessionId":"cf25b3","id":"log_351054688772","timestamp":351054688772,"location":"AuraPlayerController.cpp:Look","message":"Look invoked","data":{"x":-0.14000,"y":0.00000,"bRightMouseDown":false,"hypothesisId":"A"},"runId":"run1"}
{"sessionId":"cf25b3","id":"log_351054695322","timestamp":351054695322,"location":"AuraPlayerController.cpp:AbilityInputHeld","message":"Input held","data":{"InputTag":"InputTag.LMB","bRightMouseDown":false},"runId":"run1"}
{"sessionId":"cf25b3","id":"log_351054771225","timestamp":351054771225,"location":"AuraPlayerController.cpp:AbilityInputHeld","message":"Input held","data":{"InputTag":"InputTag.LMB","bRightMouseDown":false},"runId":"run1"}
{"sessionId":"cf25b3","id":"log_351054853056","timestamp":351054853056,"location":"AuraPlayerController.cpp:AbilityInputHeld","message":"Input held","data":{"InputTag":"InputTag.LMB","bRightMouseDown":false},"runId":"run1"}
{"sessionId":"cf25b3","id":"log_351054937267","timestamp":351054937267,"location":"AuraPlayerController.cpp:Look","message":"Look invoked","data":{"x":-0.07000,"y":0.00000,"bRightMouseDown":false,"hypothesisId":"A"},"runId":"run1"}
{"sessionId":"cf25b3","id":"log_351054940691","timestamp":351054940691,"location":"AuraPlayerController.cpp:AbilityInputHeld","message":"Input held","data":{"InputTag":"InputTag.LMB","bRightMouseDown":false},"runId":"run1"}
{"sessionId":"cf25b3","id":"log_351055021311","timestamp":351055021311,"location":"AuraPlayerController.cpp:AbilityInputHeld","message":"Input held","data":{"InputTag":"InputTag.LMB","bRightMouseDown":false},"runId":"run1"}
{"sessionId":"cf25b3","id":"log_351055103730","timestamp":351055103730,"location":"AuraPlayerController.cpp:Look","message":"Look invoked","data":{"x":-0.07000,"y":0.00000,"bRightMouseDown":false,"hypothesisId":"A"},"runId":"run1"}
{"sessionId":"cf25b3","id":"log_351055108635","timestamp":351055108635,"location":"AuraPlayerController.cpp:AbilityInputHeld","message":"Input held","data":{"InputTag":"InputTag.LMB","bRightMouseDown":false},"runId":"run1"}
{"sessionId":"cf25b3","id":"log_351055185645","timestamp":351055185645,"location":"AuraPlayerController.cpp:AbilityInputHeld","message":"Input held","data":{"InputTag":"InputTag.LMB","bRightMouseDown":false},"runId":"run1"}
{"sessionId":"cf25b3","id":"log_351055270783","timestamp":351055270783,"location":"AuraPlayerController.cpp:Look","message":"Look invoked","data":{"x":-0.07000,"y":0.00000,"bRightMouseDown":false,"hypothesisId":"A"},"runId":"run1"}
{"sessionId":"cf25b3","id":"log_351055274460","timestamp":351055274460,"location":"AuraPlayerController.cpp:AbilityInputHeld","message":"Input held","data":{"InputTag":"InputTag.LMB","bRightMouseDown":false},"runId":"run1"}
{"sessionId":"cf25b3","id":"log_351055354141","timestamp":351055354141,"location":"AuraPlayerController.cpp:Look","message":"Look invoked","data":{"x":-0.07000,"y":0.00000,"bRightMouseDown":false,"hypothesisId":"A"},"runId":"run1"}
{"sessionId":"cf25b3","id":"log_351055358402","timestamp":351055358402,"location":"AuraPlayerController.cpp:AbilityInputHeld","message":"Input held","data":{"InputTag":"InputTag.LMB","bRightMouseDown":false},"runId":"run1"}
{"sessionId":"cf25b3","id":"log_351055437406","timestamp":351055437406,"location":"AuraPlayerController.cpp:Look","message":"Look invoked","data":{"x":-0.14000,"y":0.00000,"bRightMouseDown":false,"hypothesisId":"A"},"runId":"run1"}
{"sessionId":"cf25b3","id":"log_351055441049","timestamp":351055441049,"location":"AuraPlayerController.cpp:AbilityInputHeld","message":"Input held","data":{"InputTag":"InputTag.LMB","bRightMouseDown":false},"runId":"run1"}
{"sessionId":"cf25b3","id":"log_351055520841","timestamp":351055520841,"location":"AuraPlayerController.cpp:Look","message":"Look invoked","data":{"x":-0.07000,"y":0.00000,"bRightMouseDown":false,"hypothesisId":"A"},"runId":"run1"}
{"sessionId":"cf25b3","id":"log_351055525991","timestamp":351055525991,"location":"AuraPlayerController.cpp:AbilityInputHeld","message":"Input held","data":{"InputTag":"InputTag.LMB","bRightMouseDown":false},"runId":"run1"}
{"sessionId":"cf25b3","id":"log_351055603439","timestamp":351055603439,"location":"AuraPlayerController.cpp:Look","message":"Look invoked","data":{"x":-0.14000,"y":0.00000,"bRightMouseDown":false,"hypothesisId":"A"},"runId":"run1"}
{"sessionId":"cf25b3","id":"log_351055608927","timestamp":351055608927,"location":"AuraPlayerController.cpp:AbilityInputHeld","message":"Input held","data":{"InputTag":"InputTag.LMB","bRightMouseDown":false},"runId":"run1"}
{"sessionId":"cf25b3","id":"log_351055686874","timestamp":351055686874,"location":"AuraPlayerController.cpp:Look","message":"Look invoked","data":{"x":-0.14000,"y":0.00000,"bRightMouseDown":false,"hypothesisId":"A"},"runId":"run1"}
{"sessionId":"cf25b3","id":"log_351055691026","timestamp":351055691026,"location":"AuraPlayerController.cpp:AbilityInputHeld","message":"Input held","data":{"InputTag":"InputTag.LMB","bRightMouseDown":false},"runId":"run1"}
{"sessionId":"cf25b3","id":"log_351055770675","timestamp":351055770675,"location":"AuraPlayerController.cpp:Look","message":"Look invoked","data":{"x":0.07000,"y":0.00000,"bRightMouseDown":false,"hypothesisId":"A"},"runId":"run1"}
{"sessionId":"cf25b3","id":"log_351055774161","timestamp":351055774161,"location":"AuraPlayerController.cpp:AbilityInputHeld","message":"Input held","data":{"InputTag":"InputTag.LMB","bRightMouseDown":false},"runId":"run1"}
{"sessionId":"cf25b3","id":"log_351055853538","timestamp":351055853538,"location":"AuraPlayerController.cpp:Look","message":"Look invoked","data":{"x":-0.21000,"y":0.00000,"bRightMouseDown":false,"hypothesisId":"A"},"runId":"run1"}
{"sessionId":"cf25b3","id":"log_351055856939","timestamp":351055856939,"location":"AuraPlayerController.cpp:AbilityInputHeld","message":"Input held","data":{"InputTag":"InputTag.LMB","bRightMouseDown":false},"runId":"run1"}
{"sessionId":"cf25b3","id":"log_351055937315","timestamp":351055937315,"location":"AuraPlayerController.cpp:Look","message":"Look invoked","data":{"x":-0.21000,"y":0.00000,"bRightMouseDown":false,"hypothesisId":"A"},"runId":"run1"}
{"sessionId":"cf25b3","id":"log_351055941951","timestamp":351055941951,"location":"AuraPlayerController.cpp:AbilityInputHeld","message":"Input held","data":{"InputTag":"InputTag.LMB","bRightMouseDown":false},"runId":"run1"}
{"sessionId":"cf25b3","id":"log_351056020984","timestamp":351056020984,"location":"AuraPlayerController.cpp:Look","message":"Look invoked","data":{"x":-0.14000,"y":0.00000,"bRightMouseDown":false,"hypothesisId":"A"},"runId":"run1"}
{"sessionId":"cf25b3","id":"log_351056024692","timestamp":351056024692,"location":"AuraPlayerController.cpp:AbilityInputHeld","message":"Input held","data":{"InputTag":"InputTag.LMB","bRightMouseDown":false},"runId":"run1"}
{"sessionId":"cf25b3","id":"log_351056103590","timestamp":351056103590,"location":"AuraPlayerController.cpp:Look","message":"Look invoked","data":{"x":0.07000,"y":0.00000,"bRightMouseDown":false,"hypothesisId":"A"},"runId":"run1"}
{"sessionId":"cf25b3","id":"log_351056108367","timestamp":351056108367,"location":"AuraPlayerController.cpp:AbilityInputHeld","message":"Input held","data":{"InputTag":"InputTag.LMB","bRightMouseDown":false},"runId":"run1"}
{"sessionId":"cf25b3","id":"log_351056189922","timestamp":351056189922,"location":"AuraPlayerController.cpp:Look","message":"Look invoked","data":{"x":-0.21000,"y":0.00000,"bRightMouseDown":false,"hypothesisId":"A"},"runId":"run1"}
{"sessionId":"cf25b3","id":"log_351056193898","timestamp":351056193898,"location":"AuraPlayerController.cpp:AbilityInputHeld","message":"Input held","data":{"InputTag":"InputTag.LMB","bRightMouseDown":false},"runId":"run1"}
{"sessionId":"cf25b3","id":"log_351056270582","timestamp":351056270582,"location":"AuraPlayerController.cpp:Look","message":"Look invoked","data":{"x":-0.07000,"y":0.00000,"bRightMouseDown":false,"hypothesisId":"A"},"runId":"run1"}
{"sessionId":"cf25b3","id":"log_351056274245","timestamp":351056274245,"location":"AuraPlayerController.cpp:AbilityInputHeld","message":"Input held","data":{"InputTag":"InputTag.LMB","bRightMouseDown":false},"runId":"run1"}
{"sessionId":"cf25b3","id":"log_351056353606","timestamp":351056353606,"location":"AuraPlayerController.cpp:Look","message":"Look invoked","data":{"x":-0.14000,"y":0.00000,"bRightMouseDown":false,"hypothesisId":"A"},"runId":"run1"}
{"sessionId":"cf25b3","id":"log_351056357708","timestamp":351056357708,"location":"AuraPlayerController.cpp:AbilityInputHeld","message":"Input held","data":{"InputTag":"InputTag.LMB","bRightMouseDown":false},"runId":"run1"}
{"sessionId":"cf25b3","id":"log_351056440856","timestamp":351056440856,"location":"AuraPlayerController.cpp:Look","message":"Look invoked","data":{"x":-0.21000,"y":0.00000,"bRightMouseDown":false,"hypothesisId":"A"},"runId":"run1"}
{"sessionId":"cf25b3","id":"log_351056444836","timestamp":351056444836,"location":"AuraPlayerController.cpp:AbilityInputHeld","message":"Input held","data":{"InputTag":"InputTag.LMB","bRightMouseDown":false},"runId":"run1"}
{"sessionId":"cf25b3","id":"log_351056521347","timestamp":351056521347,"location":"AuraPlayerController.cpp:Look","message":"Look invoked","data":{"x":0.14000,"y":0.00000,"bRightMouseDown":false,"hypothesisId":"A"},"runId":"run1"}
{"sessionId":"cf25b3","id":"log_351056525684","timestamp":351056525684,"location":"AuraPlayerController.cpp:AbilityInputHeld","message":"Input held","data":{"InputTag":"InputTag.LMB","bRightMouseDown":false},"runId":"run1"}
{"sessionId":"cf25b3","id":"log_351056603868","timestamp":351056603868,"location":"AuraPlayerController.cpp:Look","message":"Look invoked","data":{"x":-0.21000,"y":0.00000,"bRightMouseDown":false,"hypothesisId":"A"},"runId":"run1"}
{"sessionId":"cf25b3","id":"log_351056609458","timestamp":351056609458,"location":"AuraPlayerController.cpp:AbilityInputHeld","message":"Input held","data":{"InputTag":"InputTag.LMB","bRightMouseDown":false},"runId":"run1"}
{"sessionId":"cf25b3","id":"log_351056687492","timestamp":351056687492,"location":"AuraPlayerController.cpp:Look","message":"Look invoked","data":{"x":-0.35000,"y":0.00000,"bRightMouseDown":false,"hypothesisId":"A"},"runId":"run1"}
{"sessionId":"cf25b3","id":"log_351056691896","timestamp":351056691896,"location":"AuraPlayerController.cpp:AbilityInputHeld","message":"Input held","data":{"InputTag":"InputTag.LMB","bRightMouseDown":false},"runId":"run1"}
{"sessionId":"cf25b3","id":"log_351056770805","timestamp":351056770805,"location":"AuraPlayerController.cpp:Look","message":"Look invoked","data":{"x":-0.21000,"y":0.00000,"bRightMouseDown":false,"hypothesisId":"A"},"runId":"run1"}
{"sessionId":"cf25b3","id":"log_351056774654","timestamp":351056774654,"location":"AuraPlayerController.cpp:AbilityInputHeld","message":"Input held","data":{"InputTag":"InputTag.LMB","bRightMouseDown":false},"runId":"run1"}
{"sessionId":"cf25b3","id":"log_351056853768","timestamp":351056853768,"location":"AuraPlayerController.cpp:Look","message":"Look invoked","data":{"x":-0.21000,"y":0.00000,"bRightMouseDown":false,"hypothesisId":"A"},"runId":"run1"}
{"sessionId":"cf25b3","id":"log_351056858308","timestamp":351056858308,"location":"AuraPlayerController.cpp:AbilityInputHeld","message":"Input held","data":{"InputTag":"InputTag.LMB","bRightMouseDown":false},"runId":"run1"}
{"sessionId":"cf25b3","id":"log_351056937486","timestamp":351056937486,"location":"AuraPlayerController.cpp:Look","message":"Look invoked","data":{"x":-0.35000,"y":0.00000,"bRightMouseDown":false,"hypothesisId":"A"},"runId":"run1"}
{"sessionId":"cf25b3","id":"log_351056940557","timestamp":351056940557,"location":"AuraPlayerController.cpp:AbilityInputHeld","message":"Input held","data":{"InputTag":"InputTag.LMB","bRightMouseDown":false},"runId":"run1"}
{"sessionId":"cf25b3","id":"log_351057020094","timestamp":351057020094,"location":"AuraPlayerController.cpp:Look","message":"Look invoked","data":{"x":-0.21000,"y":0.00000,"bRightMouseDown":false,"hypothesisId":"A"},"runId":"run1"}
{"sessionId":"cf25b3","id":"log_351057023320","timestamp":351057023320,"location":"AuraPlayerController.cpp:AbilityInputHeld","message":"Input held","data":{"InputTag":"InputTag.LMB","bRightMouseDown":false},"runId":"run1"}
{"sessionId":"cf25b3","id":"log_351057103664","timestamp":351057103664,"location":"AuraPlayerController.cpp:Look","message":"Look invoked","data":{"x":-0.21000,"y":0.00000,"bRightMouseDown":false,"hypothesisId":"A"},"runId":"run1"}
{"sessionId":"cf25b3","id":"log_351057107959","timestamp":351057107959,"location":"AuraPlayerController.cpp:AbilityInputHeld","message":"Input held","data":{"InputTag":"InputTag.LMB","bRightMouseDown":false},"runId":"run1"}
{"sessionId":"cf25b3","id":"log_351057187105","timestamp":351057187105,"location":"AuraPlayerController.cpp:Look","message":"Look invoked","data":{"x":-0.28000,"y":0.00000,"bRightMouseDown":false,"hypothesisId":"A"},"runId":"run1"}
{"sessionId":"cf25b3","id":"log_351057191212","timestamp":351057191212,"location":"AuraPlayerController.cpp:AbilityInputHeld","message":"Input held","data":{"InputTag":"InputTag.LMB","bRightMouseDown":false},"runId":"run1"}
{"sessionId":"cf25b3","id":"log_351057270589","timestamp":351057270589,"location":"AuraPlayerController.cpp:Look","message":"Look invoked","data":{"x":-0.14000,"y":0.00000,"bRightMouseDown":false,"hypothesisId":"A"},"runId":"run1"}
{"sessionId":"cf25b3","id":"log_351057274882","timestamp":351057274882,"location":"AuraPlayerController.cpp:AbilityInputHeld","message":"Input held","data":{"InputTag":"InputTag.LMB","bRightMouseDown":false},"runId":"run1"}
{"sessionId":"cf25b3","id":"log_351057355500","timestamp":351057355500,"location":"AuraPlayerController.cpp:Look","message":"Look invoked","data":{"x":-0.14000,"y":0.00000,"bRightMouseDown":false,"hypothesisId":"A"},"runId":"run1"}
{"sessionId":"cf25b3","id":"log_351057358798","timestamp":351057358798,"location":"AuraPlayerController.cpp:AbilityInputHeld","message":"Input held","data":{"InputTag":"InputTag.LMB","bRightMouseDown":false},"runId":"run1"}
{"sessionId":"cf25b3","id":"log_351057437935","timestamp":351057437935,"location":"AuraPlayerController.cpp:Look","message":"Look invoked","data":{"x":-0.35000,"y":0.00000,"bRightMouseDown":false,"hypothesisId":"A"},"runId":"run1"}
{"sessionId":"cf25b3","id":"log_351057441794","timestamp":351057441794,"location":"AuraPlayerController.cpp:AbilityInputHeld","message":"Input held","data":{"InputTag":"InputTag.LMB","bRightMouseDown":false},"runId":"run1"}
{"sessionId":"cf25b3","id":"log_351057520319","timestamp":351057520319,"location":"AuraPlayerController.cpp:Look","message":"Look invoked","data":{"x":-0.21000,"y":0.00000,"bRightMouseDown":false,"hypothesisId":"A"},"runId":"run1"}
{"sessionId":"cf25b3","id":"log_351057523636","timestamp":351057523636,"location":"AuraPlayerController.cpp:AbilityInputHeld","message":"Input held","data":{"InputTag":"InputTag.LMB","bRightMouseDown":false},"runId":"run1"}
{"sessionId":"cf25b3","id":"log_351057605568","timestamp":351057605568,"location":"AuraPlayerController.cpp:Look","message":"Look invoked","data":{"x":-0.21000,"y":0.00000,"bRightMouseDown":false,"hypothesisId":"A"},"runId":"run1"}
{"sessionId":"cf25b3","id":"log_351057609711","timestamp":351057609711,"location":"AuraPlayerController.cpp:AbilityInputHeld","message":"Input held","data":{"InputTag":"InputTag.LMB","bRightMouseDown":false},"runId":"run1"}
{"sessionId":"cf25b3","id":"log_351057687446","timestamp":351057687446,"location":"AuraPlayerController.cpp:Look","message":"Look invoked","data":{"x":-0.42000,"y":0.00000,"bRightMouseDown":false,"hypothesisId":"A"},"runId":"run1"}
{"sessionId":"cf25b3","id":"log_351057693114","timestamp":351057693114,"location":"AuraPlayerController.cpp:AbilityInputHeld","message":"Input held","data":{"InputTag":"InputTag.LMB","bRightMouseDown":false},"runId":"run1"}
{"sessionId":"cf25b3","id":"log_351057770229","timestamp":351057770229,"location":"AuraPlayerController.cpp:Look","message":"Look invoked","data":{"x":-0.28000,"y":0.00000,"bRightMouseDown":false,"hypothesisId":"A"},"runId":"run1"}
{"sessionId":"cf25b3","id":"log_351057774369","timestamp":351057774369,"location":"AuraPlayerController.cpp:AbilityInputHeld","message":"Input held","data":{"InputTag":"InputTag.LMB","bRightMouseDown":false},"runId":"run1"}
{"sessionId":"cf25b3","id":"log_351057853571","timestamp":351057853571,"location":"AuraPlayerController.cpp:Look","message":"Look invoked","data":{"x":-0.21000,"y":0.00000,"bRightMouseDown":false,"hypothesisId":"A"},"runId":"run1"}
{"sessionId":"cf25b3","id":"log_351057858450","timestamp":351057858450,"location":"AuraPlayerController.cpp:AbilityInputHeld","message":"Input held","data":{"InputTag":"InputTag.LMB","bRightMouseDown":false},"runId":"run1"}
{"sessionId":"cf25b3","id":"log_351057937018","timestamp":351057937018,"location":"AuraPlayerController.cpp:Look","message":"Look invoked","data":{"x":-0.42000,"y":0.00000,"bRightMouseDown":false,"hypothesisId":"A"},"runId":"run1"}
{"sessionId":"cf25b3","id":"log_351057940812","timestamp":351057940812,"location":"AuraPlayerController.cpp:AbilityInputHeld","message":"Input held","data":{"InputTag":"InputTag.LMB","bRightMouseDown":false},"runId":"run1"}
{"sessionId":"cf25b3","id":"log_351058020173","timestamp":351058020173,"location":"AuraPlayerController.cpp:Look","message":"Look invoked","data":{"x":-0.21000,"y":0.00000,"bRightMouseDown":false,"hypothesisId":"A"},"runId":"run1"}
{"sessionId":"cf25b3","id":"log_351058023603","timestamp":351058023603,"location":"AuraPlayerController.cpp:AbilityInputHeld","message":"Input held","data":{"InputTag":"InputTag.LMB","bRightMouseDown":false},"runId":"run1"}
{"sessionId":"cf25b3","id":"log_351058103835","timestamp":351058103835,"location":"AuraPlayerController.cpp:Look","message":"Look invoked","data":{"x":-0.14000,"y":0.00000,"bRightMouseDown":false,"hypothesisId":"A"},"runId":"run1"}
{"sessionId":"cf25b3","id":"log_351058107619","timestamp":351058107619,"location":"AuraPlayerController.cpp:AbilityInputHeld","message":"Input held","data":{"InputTag":"InputTag.LMB","bRightMouseDown":false},"runId":"run1"}
{"sessionId":"cf25b3","id":"log_351058187137","timestamp":351058187137,"location":"AuraPlayerController.cpp:Look","message":"Look invoked","data":{"x":-0.21000,"y":0.00000,"bRightMouseDown":false,"hypothesisId":"A"},"runId":"run1"}
{"sessionId":"cf25b3","id":"log_351058190311","timestamp":351058190311,"location":"AuraPlayerController.cpp:AbilityInputHeld","message":"Input held","data":{"InputTag":"InputTag.LMB","bRightMouseDown":false},"runId":"run1"}
{"sessionId":"cf25b3","id":"log_351058271129","timestamp":351058271129,"location":"AuraPlayerController.cpp:Look","message":"Look invoked","data":{"x":-0.07000,"y":0.00000,"bRightMouseDown":false,"hypothesisId":"A"},"runId":"run1"}
{"sessionId":"cf25b3","id":"log_351058275414","timestamp":351058275414,"location":"AuraPlayerController.cpp:AbilityInputHeld","message":"Input held","data":{"InputTag":"InputTag.LMB","bRightMouseDown":false},"runId":"run1"}
{"sessionId":"cf25b3","id":"log_351058353384","timestamp":351058353384,"location":"AuraPlayerController.cpp:Look","message":"Look invoked","data":{"x":-0.07000,"y":0.00000,"bRightMouseDown":false,"hypothesisId":"A"},"runId":"run1"}
{"sessionId":"cf25b3","id":"log_351058357505","timestamp":351058357505,"location":"AuraPlayerController.cpp:AbilityInputHeld","message":"Input held","data":{"InputTag":"InputTag.LMB","bRightMouseDown":false},"runId":"run1"}
{"sessionId":"cf25b3","id":"log_351058438389","timestamp":351058438389,"location":"AuraPlayerController.cpp:Look","message":"Look invoked","data":{"x":-0.21000,"y":0.00000,"bRightMouseDown":false,"hypothesisId":"A"},"runId":"run1"}
{"sessionId":"cf25b3","id":"log_351058441994","timestamp":351058441994,"location":"AuraPlayerController.cpp:AbilityInputHeld","message":"Input held","data":{"InputTag":"InputTag.LMB","bRightMouseDown":false},"runId":"run1"}
{"sessionId":"cf25b3","id":"log_351058520724","timestamp":351058520724,"location":"AuraPlayerController.cpp:Look","message":"Look invoked","data":{"x":-0.07000,"y":0.00000,"bRightMouseDown":false,"hypothesisId":"A"},"runId":"run1"}
{"sessionId":"cf25b3","id":"log_351058524640","timestamp":351058524640,"location":"AuraPlayerController.cpp:AbilityInputHeld","message":"Input held","data":{"InputTag":"InputTag.LMB","bRightMouseDown":false},"runId":"run1"}
{"sessionId":"cf25b3","id":"log_351058603671","timestamp":351058603671,"location":"AuraPlayerController.cpp:Look","message":"Look invoked","data":{"x":-0.07000,"y":0.00000,"bRightMouseDown":false,"hypothesisId":"A"},"runId":"run1"}
{"sessionId":"cf25b3","id":"log_351058607440","timestamp":351058607440,"location":"AuraPlayerController.cpp:AbilityInputHeld","message":"Input held","data":{"InputTag":"InputTag.LMB","bRightMouseDown":false},"runId":"run1"}
{"sessionId":"cf25b3","id":"log_351058687177","timestamp":351058687177,"location":"AuraPlayerController.cpp:Look","message":"Look invoked","data":{"x":-0.14000,"y":0.00000,"bRightMouseDown":false,"hypothesisId":"A"},"runId":"run1"}
{"sessionId":"cf25b3","id":"log_351058690672","timestamp":351058690672,"location":"AuraPlayerController.cpp:AbilityInputHeld","message":"Input held","data":{"InputTag":"InputTag.LMB","bRightMouseDown":false},"runId":"run1"}
{"sessionId":"cf25b3","id":"log_351058774136","timestamp":351058774136,"location":"AuraPlayerController.cpp:Look","message":"Look invoked","data":{"x":-0.14000,"y":0.00000,"bRightMouseDown":false,"hypothesisId":"A"},"runId":"run1"}
{"sessionId":"cf25b3","id":"log_351058777689","timestamp":351058777689,"location":"AuraPlayerController.cpp:AbilityInputHeld","message":"Input held","data":{"InputTag":"InputTag.LMB","bRightMouseDown":false},"runId":"run1"}
{"sessionId":"cf25b3","id":"log_351058854662","timestamp":351058854662,"location":"AuraPlayerController.cpp:Look","message":"Look invoked","data":{"x":-0.07000,"y":0.00000,"bRightMouseDown":false,"hypothesisId":"A"},"runId":"run1"}
{"sessionId":"cf25b3","id":"log_351058858751","timestamp":351058858751,"location":"AuraPlayerController.cpp:AbilityInputHeld","message":"Input held","data":{"InputTag":"InputTag.LMB","bRightMouseDown":false},"runId":"run1"}
{"sessionId":"cf25b3","id":"log_351058942436","timestamp":351058942436,"location":"AuraPlayerController.cpp:Look","message":"Look invoked","data":{"x":-0.21000,"y":0.00000,"bRightMouseDown":false,"hypothesisId":"A"},"runId":"run1"}
{"sessionId":"cf25b3","id":"log_351058946231","timestamp":351058946231,"location":"AuraPlayerController.cpp:AbilityInputHeld","message":"Input held","data":{"InputTag":"InputTag.LMB","bRightMouseDown":false},"runId":"run1"}
{"sessionId":"cf25b3","id":"log_351059021046","timestamp":351059021046,"location":"AuraPlayerController.cpp:Look","message":"Look invoked","data":{"x":-0.07000,"y":0.00000,"bRightMouseDown":false,"hypothesisId":"A"},"runId":"run1"}
{"sessionId":"cf25b3","id":"log_351059024420","timestamp":351059024420,"location":"AuraPlayerController.cpp:AbilityInputHeld","message":"Input held","data":{"InputTag":"InputTag.LMB","bRightMouseDown":false},"runId":"run1"}
{"sessionId":"cf25b3","id":"log_351059104983","timestamp":351059104983,"location":"AuraPlayerController.cpp:Look","message":"Look invoked","data":{"x":-0.14000,"y":0.00000,"bRightMouseDown":false,"hypothesisId":"A"},"runId":"run1"}
{"sessionId":"cf25b3","id":"log_351059108428","timestamp":351059108428,"location":"AuraPlayerController.cpp:AbilityInputHeld","message":"Input held","data":{"InputTag":"InputTag.LMB","bRightMouseDown":false},"runId":"run1"}
{"sessionId":"cf25b3","id":"log_351059187651","timestamp":351059187651,"location":"AuraPlayerController.cpp:Look","message":"Look invoked","data":{"x":-0.28000,"y":0.00000,"bRightMouseDown":false,"hypothesisId":"A"},"runId":"run1"}
{"sessionId":"cf25b3","id":"log_351059190799","timestamp":351059190799,"location":"AuraPlayerController.cpp:AbilityInputHeld","message":"Input held","data":{"InputTag":"InputTag.LMB","bRightMouseDown":false},"runId":"run1"}
{"sessionId":"cf25b3","id":"log_351059272483","timestamp":351059272483,"location":"AuraPlayerController.cpp:Look","message":"Look invoked","data":{"x":-0.21000,"y":0.00000,"bRightMouseDown":false,"hypothesisId":"A"},"runId":"run1"}
{"sessionId":"cf25b3","id":"log_351059276280","timestamp":351059276280,"location":"AuraPlayerController.cpp:AbilityInputHeld","message":"Input held","data":{"InputTag":"InputTag.LMB","bRightMouseDown":false},"runId":"run1"}
{"sessionId":"cf25b3","id":"log_351059354468","timestamp":351059354468,"location":"AuraPlayerController.cpp:Look","message":"Look invoked","data":{"x":-0.14000,"y":0.00000,"bRightMouseDown":false,"hypothesisId":"A"},"runId":"run1"}
{"sessionId":"cf25b3","id":"log_351059358011","timestamp":351059358011,"location":"AuraPlayerController.cpp:AbilityInputHeld","message":"Input held","data":{"InputTag":"InputTag.LMB","bRightMouseDown":false},"runId":"run1"}
{"sessionId":"cf25b3","id":"log_351059436900","timestamp":351059436900,"location":"AuraPlayerController.cpp:Look","message":"Look invoked","data":{"x":-0.21000,"y":0.00000,"bRightMouseDown":false,"hypothesisId":"A"},"runId":"run1"}
{"sessionId":"cf25b3","id":"log_351059440389","timestamp":351059440389,"location":"AuraPlayerController.cpp:AbilityInputHeld","message":"Input held","data":{"InputTag":"InputTag.LMB","bRightMouseDown":false},"runId":"run1"}
{"sessionId":"cf25b3","id":"log_351059520449","timestamp":351059520449,"location":"AuraPlayerController.cpp:Look","message":"Look invoked","data":{"x":-0.14000,"y":0.00000,"bRightMouseDown":false,"hypothesisId":"A"},"runId":"run1"}
{"sessionId":"cf25b3","id":"log_351059524203","timestamp":351059524203,"location":"AuraPlayerController.cpp:AbilityInputHeld","message":"Input held","data":{"InputTag":"InputTag.LMB","bRightMouseDown":false},"runId":"run1"}
{"sessionId":"cf25b3","id":"log_351059604254","timestamp":351059604254,"location":"AuraPlayerController.cpp:Look","message":"Look invoked","data":{"x":-0.07000,"y":0.00000,"bRightMouseDown":false,"hypothesisId":"A"},"runId":"run1"}
{"sessionId":"cf25b3","id":"log_351059608323","timestamp":351059608323,"location":"AuraPlayerController.cpp:AbilityInputHeld","message":"Input held","data":{"InputTag":"InputTag.LMB","bRightMouseDown":false},"runId":"run1"}
{"sessionId":"cf25b3","id":"log_351059687068","timestamp":351059687068,"location":"AuraPlayerController.cpp:Look","message":"Look invoked","data":{"x":-0.21000,"y":0.00000,"bRightMouseDown":false,"hypothesisId":"A"},"runId":"run1"}
{"sessionId":"cf25b3","id":"log_351059691543","timestamp":351059691543,"location":"AuraPlayerController.cpp:AbilityInputHeld","message":"Input held","data":{"InputTag":"InputTag.LMB","bRightMouseDown":false},"runId":"run1"}
{"sessionId":"cf25b3","id":"log_351059771344","timestamp":351059771344,"location":"AuraPlayerController.cpp:Look","message":"Look invoked","data":{"x":-0.14000,"y":0.00000,"bRightMouseDown":false,"hypothesisId":"A"},"runId":"run1"}
{"sessionId":"cf25b3","id":"log_351059775123","timestamp":351059775123,"location":"AuraPlayerController.cpp:AbilityInputHeld","message":"Input held","data":{"InputTag":"InputTag.LMB","bRightMouseDown":false},"runId":"run1"}
{"sessionId":"cf25b3","id":"log_351059853495","timestamp":351059853495,"location":"AuraPlayerController.cpp:Look","message":"Look invoked","data":{"x":-0.14000,"y":0.00000,"bRightMouseDown":false,"hypothesisId":"A"},"runId":"run1"}
{"sessionId":"cf25b3","id":"log_351059858172","timestamp":351059858172,"location":"AuraPlayerController.cpp:AbilityInputHeld","message":"Input held","data":{"InputTag":"InputTag.LMB","bRightMouseDown":false},"runId":"run1"}
{"sessionId":"cf25b3","id":"log_351059938029","timestamp":351059938029,"location":"AuraPlayerController.cpp:Look","message":"Look invoked","data":{"x":-0.28000,"y":0.00000,"bRightMouseDown":false,"hypothesisId":"A"},"runId":"run1"}
{"sessionId":"cf25b3","id":"log_351059942015","timestamp":351059942015,"location":"AuraPlayerController.cpp:AbilityInputHeld","message":"Input held","data":{"InputTag":"InputTag.LMB","bRightMouseDown":false},"runId":"run1"}
{"sessionId":"cf25b3","id":"log_351060023557","timestamp":351060023557,"location":"AuraPlayerController.cpp:Look","message":"Look invoked","data":{"x":-0.21000,"y":0.00000,"bRightMouseDown":false,"hypothesisId":"A"},"runId":"run1"}
{"sessionId":"cf25b3","id":"log_351060027314","timestamp":351060027314,"location":"AuraPlayerController.cpp:AbilityInputHeld","message":"Input held","data":{"InputTag":"InputTag.LMB","bRightMouseDown":false},"runId":"run1"}
{"sessionId":"cf25b3","id":"log_351060104639","timestamp":351060104639,"location":"AuraPlayerController.cpp:Look","message":"Look invoked","data":{"x":-0.14000,"y":0.00000,"bRightMouseDown":false,"hypothesisId":"A"},"runId":"run1"}
{"sessionId":"cf25b3","id":"log_351060109160","timestamp":351060109160,"location":"AuraPlayerController.cpp:AbilityInputHeld","message":"Input held","data":{"InputTag":"InputTag.LMB","bRightMouseDown":false},"runId":"run1"}
{"sessionId":"cf25b3","id":"log_351060189665","timestamp":351060189665,"location":"AuraPlayerController.cpp:Look","message":"Look invoked","data":{"x":-0.21000,"y":0.00000,"bRightMouseDown":false,"hypothesisId":"A"},"runId":"run1"}
{"sessionId":"cf25b3","id":"log_351060193344","timestamp":351060193344,"location":"AuraPlayerController.cpp:AbilityInputHeld","message":"Input held","data":{"InputTag":"InputTag.LMB","bRightMouseDown":false},"runId":"run1"}
{"sessionId":"cf25b3","id":"log_351060270746","timestamp":351060270746,"location":"AuraPlayerController.cpp:Look","message":"Look invoked","data":{"x":-0.14000,"y":0.00000,"bRightMouseDown":false,"hypothesisId":"A"},"runId":"run1"}
{"sessionId":"cf25b3","id":"log_351060274462","timestamp":351060274462,"location":"AuraPlayerController.cpp:AbilityInputHeld","message":"Input held","data":{"InputTag":"InputTag.LMB","bRightMouseDown":false},"runId":"run1"}
{"sessionId":"cf25b3","id":"log_351060358242","timestamp":351060358242,"location":"AuraPlayerController.cpp:AbilityInputHeld","message":"Input held","data":{"InputTag":"InputTag.LMB","bRightMouseDown":false},"runId":"run1"}
{"sessionId":"cf25b3","id":"log_351060450126","timestamp":351060450126,"location":"AuraPlayerController.cpp:Look","message":"Look invoked","data":{"x":-0.14000,"y":0.00000,"bRightMouseDown":false,"hypothesisId":"A"},"runId":"run1"}
{"sessionId":"cf25b3","id":"log_351060453684","timestamp":351060453684,"location":"AuraPlayerController.cpp:AbilityInputHeld","message":"Input held","data":{"InputTag":"InputTag.LMB","bRightMouseDown":false},"runId":"run1"}
{"sessionId":"cf25b3","id":"log_351060531657","timestamp":351060531657,"location":"AuraPlayerController.cpp:AbilityInputHeld","message":"Input held","data":{"InputTag":"InputTag.LMB","bRightMouseDown":false},"runId":"run1"}
{"sessionId":"cf25b3","id":"log_351060617577","timestamp":351060617577,"location":"AuraPlayerController.cpp:Look","message":"Look invoked","data":{"x":-0.07000,"y":0.00000,"bRightMouseDown":false,"hypothesisId":"A"},"runId":"run1"}
{"sessionId":"cf25b3","id":"log_351060621174","timestamp":351060621174,"location":"AuraPlayerController.cpp:AbilityInputHeld","message":"Input held","data":{"InputTag":"InputTag.LMB","bRightMouseDown":false},"runId":"run1"}
{"sessionId":"cf25b3","id":"log_351060698203","timestamp":351060698203,"location":"AuraPlayerController.cpp:AbilityInputHeld","message":"Input held","data":{"InputTag":"InputTag.LMB","bRightMouseDown":false},"runId":"run1"}
{"sessionId":"cf25b3","id":"log_351060781484","timestamp":351060781484,"location":"AuraPlayerController.cpp:AbilityInputHeld","message":"Input held","data":{"InputTag":"InputTag.LMB","bRightMouseDown":false},"runId":"run1"}
{"sessionId":"cf25b3","id":"log_351060866304","timestamp":351060866304,"location":"AuraPlayerController.cpp:AbilityInputHeld","message":"Input held","data":{"InputTag":"InputTag.LMB","bRightMouseDown":false},"runId":"run1"}
{"sessionId":"cf25b3","id":"log_351060949601","timestamp":351060949601,"location":"AuraPlayerController.cpp:AbilityInputHeld","message":"Input held","data":{"InputTag":"InputTag.LMB","bRightMouseDown":false},"runId":"run1"}
{"sessionId":"cf25b3","id":"log_351061032987","timestamp":351061032987,"location":"AuraPlayerController.cpp:AbilityInputHeld","message":"Input held","data":{"InputTag":"InputTag.LMB","bRightMouseDown":false},"runId":"run1"}
{"sessionId":"cf25b3","id":"log_351061116442","timestamp":351061116442,"location":"AuraPlayerController.cpp:Look","message":"Look invoked","data":{"x":-0.07000,"y":0.00000,"bRightMouseDown":false,"hypothesisId":"A"},"runId":"run1"}
{"sessionId":"cf25b3","id":"log_351061119852","timestamp":351061119852,"location":"AuraPlayerController.cpp:AbilityInputHeld","message":"Input held","data":{"InputTag":"InputTag.LMB","bRightMouseDown":false},"runId":"run1"}
{"sessionId":"cf25b3","id":"log_351061199519","timestamp":351061199519,"location":"AuraPlayerController.cpp:Look","message":"Look invoked","data":{"x":-0.14000,"y":0.00000,"bRightMouseDown":false,"hypothesisId":"A"},"runId":"run1"}
{"sessionId":"cf25b3","id":"log_351061202929","timestamp":351061202929,"location":"AuraPlayerController.cpp:AbilityInputHeld","message":"Input held","data":{"InputTag":"InputTag.LMB","bRightMouseDown":false},"runId":"run1"}
{"sessionId":"cf25b3","id":"log_351061283576","timestamp":351061283576,"location":"AuraPlayerController.cpp:Look","message":"Look invoked","data":{"x":-0.07000,"y":0.00000,"bRightMouseDown":false,"hypothesisId":"A"},"runId":"run1"}
{"sessionId":"cf25b3","id":"log_351061286415","timestamp":351061286415,"location":"AuraPlayerController.cpp:AbilityInputHeld","message":"Input held","data":{"InputTag":"InputTag.LMB","bRightMouseDown":false},"runId":"run1"}
{"sessionId":"cf25b3","id":"log_351061367573","timestamp":351061367573,"location":"AuraPlayerController.cpp:Look","message":"Look invoked","data":{"x":-0.07000,"y":0.00000,"bRightMouseDown":false,"hypothesisId":"A"},"runId":"run1"}
{"sessionId":"cf25b3","id":"log_351061371384","timestamp":351061371384,"location":"AuraPlayerController.cpp:AbilityInputHeld","message":"Input held","data":{"InputTag":"InputTag.LMB","bRightMouseDown":false},"runId":"run1"}
{"sessionId":"cf25b3","id":"log_351061451809","timestamp":351061451809,"location":"AuraPlayerController.cpp:Look","message":"Look invoked","data":{"x":-0.14000,"y":0.00000,"bRightMouseDown":false,"hypothesisId":"A"},"runId":"run1"}
{"sessionId":"cf25b3","id":"log_351061456741","timestamp":351061456741,"location":"AuraPlayerController.cpp:AbilityInputHeld","message":"Input held","data":{"InputTag":"InputTag.LMB","bRightMouseDown":false},"runId":"run1"}
{"sessionId":"cf25b3","id":"log_351061533185","timestamp":351061533185,"location":"AuraPlayerController.cpp:Look","message":"Look invoked","data":{"x":-0.07000,"y":0.00000,"bRightMouseDown":false,"hypothesisId":"A"},"runId":"run1"}
{"sessionId":"cf25b3","id":"log_351061537223","timestamp":351061537223,"location":"AuraPlayerController.cpp:AbilityInputHeld","message":"Input held","data":{"InputTag":"InputTag.LMB","bRightMouseDown":false},"runId":"run1"}
{"sessionId":"cf25b3","id":"log_351061618001","timestamp":351061618001,"location":"AuraPlayerController.cpp:Look","message":"Look invoked","data":{"x":-0.07000,"y":0.00000,"bRightMouseDown":false,"hypothesisId":"A"},"runId":"run1"}
{"sessionId":"cf25b3","id":"log_351061624913","timestamp":351061624913,"location":"AuraPlayerController.cpp:AbilityInputHeld","message":"Input held","data":{"InputTag":"InputTag.LMB","bRightMouseDown":false},"runId":"run1"}
{"sessionId":"cf25b3","id":"log_351061699637","timestamp":351061699637,"location":"AuraPlayerController.cpp:Look","message":"Look invoked","data":{"x":-0.14000,"y":0.00000,"bRightMouseDown":false,"hypothesisId":"A"},"runId":"run1"}
{"sessionId":"cf25b3","id":"log_351061704289","timestamp":351061704289,"location":"AuraPlayerController.cpp:AbilityInputHeld","message":"Input held","data":{"InputTag":"InputTag.LMB","bRightMouseDown":false},"runId":"run1"}
{"sessionId":"cf25b3","id":"log_351061782673","timestamp":351061782673,"location":"AuraPlayerController.cpp:Look","message":"Look invoked","data":{"x":-0.14000,"y":0.00000,"bRightMouseDown":false,"hypothesisId":"A"},"runId":"run1"}
{"sessionId":"cf25b3","id":"log_351061786516","timestamp":351061786516,"location":"AuraPlayerController.cpp:AbilityInputHeld","message":"Input held","data":{"InputTag":"InputTag.LMB","bRightMouseDown":false},"runId":"run1"}
{"sessionId":"cf25b3","id":"log_351061866709","timestamp":351061866709,"location":"AuraPlayerController.cpp:Look","message":"Look invoked","data":{"x":-0.07000,"y":0.00000,"bRightMouseDown":false,"hypothesisId":"A"},"runId":"run1"}
{"sessionId":"cf25b3","id":"log_351061871025","timestamp":351061871025,"location":"AuraPlayerController.cpp:AbilityInputHeld","message":"Input held","data":{"InputTag":"InputTag.LMB","bRightMouseDown":false},"runId":"run1"}
{"sessionId":"cf25b3","id":"log_351061950291","timestamp":351061950291,"location":"AuraPlayerController.cpp:Look","message":"Look invoked","data":{"x":-0.28000,"y":0.00000,"bRightMouseDown":false,"hypothesisId":"A"},"runId":"run1"}
{"sessionId":"cf25b3","id":"log_351061953393","timestamp":351061953393,"location":"AuraPlayerController.cpp:AbilityInputHeld","message":"Input held","data":{"InputTag":"InputTag.LMB","bRightMouseDown":false},"runId":"run1"}
{"sessionId":"cf25b3","id":"log_351062033026","timestamp":351062033026,"location":"AuraPlayerController.cpp:Look","message":"Look invoked","data":{"x":-0.21000,"y":0.00000,"bRightMouseDown":false,"hypothesisId":"A"},"runId":"run1"}
{"sessionId":"cf25b3","id":"log_351062037156","timestamp":351062037156,"location":"AuraPlayerController.cpp:AbilityInputHeld","message":"Input held","data":{"InputTag":"InputTag.LMB","bRightMouseDown":false},"runId":"run1"}
{"sessionId":"cf25b3","id":"log_351062115996","timestamp":351062115996,"location":"AuraPlayerController.cpp:Look","message":"Look invoked","data":{"x":-0.14000,"y":0.00000,"bRightMouseDown":false,"hypothesisId":"A"},"runId":"run1"}
{"sessionId":"cf25b3","id":"log_351062119935","timestamp":351062119935,"location":"AuraPlayerController.cpp:AbilityInputHeld","message":"Input held","data":{"InputTag":"InputTag.LMB","bRightMouseDown":false},"runId":"run1"}
{"sessionId":"cf25b3","id":"log_351062201856","timestamp":351062201856,"location":"AuraPlayerController.cpp:Look","message":"Look invoked","data":{"x":-0.21000,"y":0.00000,"bRightMouseDown":false,"hypothesisId":"A"},"runId":"run1"}
{"sessionId":"cf25b3","id":"log_351062205628","timestamp":351062205628,"location":"AuraPlayerController.cpp:AbilityInputHeld","message":"Input held","data":{"InputTag":"InputTag.LMB","bRightMouseDown":false},"runId":"run1"}
{"sessionId":"cf25b3","id":"log_351062282998","timestamp":351062282998,"location":"AuraPlayerController.cpp:Look","message":"Look invoked","data":{"x":-0.07000,"y":0.00000,"bRightMouseDown":false,"hypothesisId":"A"},"runId":"run1"}
{"sessionId":"cf25b3","id":"log_351062286532","timestamp":351062286532,"location":"AuraPlayerController.cpp:AbilityInputHeld","message":"Input held","data":{"InputTag":"InputTag.LMB","bRightMouseDown":false},"runId":"run1"}
{"sessionId":"cf25b3","id":"log_351062368799","timestamp":351062368799,"location":"AuraPlayerController.cpp:Look","message":"Look invoked","data":{"x":-0.14000,"y":0.00000,"bRightMouseDown":false,"hypothesisId":"A"},"runId":"run1"}
{"sessionId":"cf25b3","id":"log_351062373277","timestamp":351062373277,"location":"AuraPlayerController.cpp:AbilityInputHeld","message":"Input held","data":{"InputTag":"InputTag.LMB","bRightMouseDown":false},"runId":"run1"}
{"sessionId":"cf25b3","id":"log_351062449607","timestamp":351062449607,"location":"AuraPlayerController.cpp:Look","message":"Look invoked","data":{"x":-0.14000,"y":0.00000,"bRightMouseDown":false,"hypothesisId":"A"},"runId":"run1"}
{"sessionId":"cf25b3","id":"log_351062452910","timestamp":351062452910,"location":"AuraPlayerController.cpp:AbilityInputHeld","message":"Input held","data":{"InputTag":"InputTag.LMB","bRightMouseDown":false},"runId":"run1"}
{"sessionId":"cf25b3","id":"log_351062533167","timestamp":351062533167,"location":"AuraPlayerController.cpp:Look","message":"Look invoked","data":{"x":-0.07000,"y":0.00000,"bRightMouseDown":false,"hypothesisId":"A"},"runId":"run1"}
{"sessionId":"cf25b3","id":"log_351062536410","timestamp":351062536410,"location":"AuraPlayerController.cpp:AbilityInputHeld","message":"Input held","data":{"InputTag":"InputTag.LMB","bRightMouseDown":false},"runId":"run1"}
{"sessionId":"cf25b3","id":"log_351062616327","timestamp":351062616327,"location":"AuraPlayerController.cpp:Look","message":"Look invoked","data":{"x":-0.07000,"y":0.00000,"bRightMouseDown":false,"hypothesisId":"A"},"runId":"run1"}
{"sessionId":"cf25b3","id":"log_351062621484","timestamp":351062621484,"location":"AuraPlayerController.cpp:AbilityInputHeld","message":"Input held","data":{"InputTag":"InputTag.LMB","bRightMouseDown":false},"runId":"run1"}
{"sessionId":"cf25b3","id":"log_351062700111","timestamp":351062700111,"location":"AuraPlayerController.cpp:Look","message":"Look invoked","data":{"x":-0.07000,"y":0.00000,"bRightMouseDown":false,"hypothesisId":"A"},"runId":"run1"}
{"sessionId":"cf25b3","id":"log_351062705319","timestamp":351062705319,"location":"AuraPlayerController.cpp:AbilityInputHeld","message":"Input held","data":{"InputTag":"InputTag.LMB","bRightMouseDown":false},"runId":"run1"}
{"sessionId":"cf25b3","id":"log_351062782917","timestamp":351062782917,"location":"AuraPlayerController.cpp:AbilityInputHeld","message":"Input held","data":{"InputTag":"InputTag.LMB","bRightMouseDown":false},"runId":"run1"}
{"sessionId":"cf25b3","id":"log_351062865458","timestamp":351062865458,"location":"AuraPlayerController.cpp:AbilityInputHeld","message":"Input held","data":{"InputTag":"InputTag.LMB","bRightMouseDown":false},"runId":"run1"}
{"sessionId":"cf25b3","id":"log_351062949676","timestamp":351062949676,"location":"AuraPlayerController.cpp:Look","message":"Look invoked","data":{"x":-0.07000,"y":0.00000,"bRightMouseDown":false,"hypothesisId":"A"},"runId":"run1"}
{"sessionId":"cf25b3","id":"log_351062953143","timestamp":351062953143,"location":"AuraPlayerController.cpp:AbilityInputHeld","message":"Input held","data":{"InputTag":"InputTag.LMB","bRightMouseDown":false},"runId":"run1"}
{"sessionId":"cf25b3","id":"log_351063033810","timestamp":351063033810,"location":"AuraPlayerController.cpp:Look","message":"Look invoked","data":{"x":-0.07000,"y":0.00000,"bRightMouseDown":false,"hypothesisId":"A"},"runId":"run1"}
{"sessionId":"cf25b3","id":"log_351063037219","timestamp":351063037219,"location":"AuraPlayerController.cpp:AbilityInputHeld","message":"Input held","data":{"InputTag":"InputTag.LMB","bRightMouseDown":false},"runId":"run1"}
{"sessionId":"cf25b3","id":"log_351063118849","timestamp":351063118849,"location":"AuraPlayerController.cpp:Look","message":"Look invoked","data":{"x":-0.07000,"y":0.00000,"bRightMouseDown":false,"hypothesisId":"A"},"runId":"run1"}
{"sessionId":"cf25b3","id":"log_351063122291","timestamp":351063122291,"location":"AuraPlayerController.cpp:AbilityInputHeld","message":"Input held","data":{"InputTag":"InputTag.LMB","bRightMouseDown":false},"runId":"run1"}
{"sessionId":"cf25b3","id":"log_351063199953","timestamp":351063199953,"location":"AuraPlayerController.cpp:Look","message":"Look invoked","data":{"x":-0.07000,"y":0.00000,"bRightMouseDown":false,"hypothesisId":"A"},"runId":"run1"}
{"sessionId":"cf25b3","id":"log_351063204267","timestamp":351063204267,"location":"AuraPlayerController.cpp:AbilityInputHeld","message":"Input held","data":{"InputTag":"InputTag.LMB","bRightMouseDown":false},"runId":"run1"}
{"sessionId":"cf25b3","id":"log_351063282215","timestamp":351063282215,"location":"AuraPlayerController.cpp:AbilityInputHeld","message":"Input held","data":{"InputTag":"InputTag.LMB","bRightMouseDown":false},"runId":"run1"}
{"sessionId":"cf25b3","id":"log_351063366011","timestamp":351063366011,"location":"AuraPlayerController.cpp:AbilityInputHeld","message":"Input held","data":{"InputTag":"InputTag.LMB","bRightMouseDown":false},"runId":"run1"}
{"sessionId":"cf25b3","id":"log_351063450214","timestamp":351063450214,"location":"AuraPlayerController.cpp:Look","message":"Look invoked","data":{"x":-0.14000,"y":0.00000,"bRightMouseDown":false,"hypothesisId":"A"},"runId":"run1"}
{"sessionId":"cf25b3","id":"log_351063453901","timestamp":351063453901,"location":"AuraPlayerController.cpp:AbilityInputHeld","message":"Input held","data":{"InputTag":"InputTag.LMB","bRightMouseDown":false},"runId":"run1"}
{"sessionId":"cf25b3","id":"log_351063533514","timestamp":351063533514,"location":"AuraPlayerController.cpp:Look","message":"Look invoked","data":{"x":-0.14000,"y":0.00000,"bRightMouseDown":false,"hypothesisId":"A"},"runId":"run1"}
{"sessionId":"cf25b3","id":"log_351063537739","timestamp":351063537739,"location":"AuraPlayerController.cpp:AbilityInputHeld","message":"Input held","data":{"InputTag":"InputTag.LMB","bRightMouseDown":false},"runId":"run1"}
{"sessionId":"cf25b3","id":"log_351063618423","timestamp":351063618423,"location":"AuraPlayerController.cpp:Look","message":"Look invoked","data":{"x":-0.07000,"y":0.00000,"bRightMouseDown":false,"hypothesisId":"A"},"runId":"run1"}
{"sessionId":"cf25b3","id":"log_351063621893","timestamp":351063621893,"location":"AuraPlayerController.cpp:AbilityInputHeld","message":"Input held","data":{"InputTag":"InputTag.LMB","bRightMouseDown":false},"runId":"run1"}
{"sessionId":"cf25b3","id":"log_351063699855","timestamp":351063699855,"location":"AuraPlayerController.cpp:Look","message":"Look invoked","data":{"x":-0.28000,"y":0.00000,"bRightMouseDown":false,"hypothesisId":"A"},"runId":"run1"}
{"sessionId":"cf25b3","id":"log_351063705134","timestamp":351063705134,"location":"AuraPlayerController.cpp:AbilityInputHeld","message":"Input held","data":{"InputTag":"InputTag.LMB","bRightMouseDown":false},"runId":"run1"}
{"sessionId":"cf25b3","id":"log_351063783112","timestamp":351063783112,"location":"AuraPlayerController.cpp:Look","message":"Look invoked","data":{"x":-0.21000,"y":0.00000,"bRightMouseDown":false,"hypothesisId":"A"},"runId":"run1"}
{"sessionId":"cf25b3","id":"log_351063789013","timestamp":351063789013,"location":"AuraPlayerController.cpp:AbilityInputHeld","message":"Input held","data":{"InputTag":"InputTag.LMB","bRightMouseDown":false},"runId":"run1"}
{"sessionId":"cf25b3","id":"log_351063869700","timestamp":351063869700,"location":"AuraPlayerController.cpp:Look","message":"Look invoked","data":{"x":-0.14000,"y":0.00000,"bRightMouseDown":false,"hypothesisId":"A"},"runId":"run1"}
{"sessionId":"cf25b3","id":"log_351063874688","timestamp":351063874688,"location":"AuraPlayerController.cpp:AbilityInputHeld","message":"Input held","data":{"InputTag":"InputTag.LMB","bRightMouseDown":false},"runId":"run1"}
{"sessionId":"cf25b3","id":"log_351063950985","timestamp":351063950985,"location":"AuraPlayerController.cpp:Look","message":"Look invoked","data":{"x":-0.42000,"y":0.00000,"bRightMouseDown":false,"hypothesisId":"A"},"runId":"run1"}
{"sessionId":"cf25b3","id":"log_351063956826","timestamp":351063956826,"location":"AuraPlayerController.cpp:AbilityInputHeld","message":"Input held","data":{"InputTag":"InputTag.LMB","bRightMouseDown":false},"runId":"run1"}
{"sessionId":"cf25b3","id":"log_351064033297","timestamp":351064033297,"location":"AuraPlayerController.cpp:Look","message":"Look invoked","data":{"x":-0.21000,"y":0.00000,"bRightMouseDown":false,"hypothesisId":"A"},"runId":"run1"}
{"sessionId":"cf25b3","id":"log_351064037500","timestamp":351064037500,"location":"AuraPlayerController.cpp:AbilityInputHeld","message":"Input held","data":{"InputTag":"InputTag.LMB","bRightMouseDown":false},"runId":"run1"}
{"sessionId":"cf25b3","id":"log_351064117038","timestamp":351064117038,"location":"AuraPlayerController.cpp:Look","message":"Look invoked","data":{"x":-0.21000,"y":0.00000,"bRightMouseDown":false,"hypothesisId":"A"},"runId":"run1"}
{"sessionId":"cf25b3","id":"log_351064121073","timestamp":351064121073,"location":"AuraPlayerController.cpp:AbilityInputHeld","message":"Input held","data":{"InputTag":"InputTag.LMB","bRightMouseDown":false},"runId":"run1"}
{"sessionId":"cf25b3","id":"log_351064199494","timestamp":351064199494,"location":"AuraPlayerController.cpp:Look","message":"Look invoked","data":{"x":-0.35000,"y":0.00000,"bRightMouseDown":false,"hypothesisId":"A"},"runId":"run1"}
{"sessionId":"cf25b3","id":"log_351064202963","timestamp":351064202963,"location":"AuraPlayerController.cpp:AbilityInputHeld","message":"Input held","data":{"InputTag":"InputTag.LMB","bRightMouseDown":false},"runId":"run1"}
{"sessionId":"cf25b3","id":"log_351064282972","timestamp":351064282972,"location":"AuraPlayerController.cpp:Look","message":"Look invoked","data":{"x":-0.14000,"y":0.00000,"bRightMouseDown":false,"hypothesisId":"A"},"runId":"run1"}
{"sessionId":"cf25b3","id":"log_351064287124","timestamp":351064287124,"location":"AuraPlayerController.cpp:AbilityInputHeld","message":"Input held","data":{"InputTag":"InputTag.LMB","bRightMouseDown":false},"runId":"run1"}
{"sessionId":"cf25b3","id":"log_351064366276","timestamp":351064366276,"location":"AuraPlayerController.cpp:Look","message":"Look invoked","data":{"x":-0.14000,"y":0.00000,"bRightMouseDown":false,"hypothesisId":"A"},"runId":"run1"}
{"sessionId":"cf25b3","id":"log_351064369999","timestamp":351064369999,"location":"AuraPlayerController.cpp:AbilityInputHeld","message":"Input held","data":{"InputTag":"InputTag.LMB","bRightMouseDown":false},"runId":"run1"}
{"sessionId":"cf25b3","id":"log_351064449527","timestamp":351064449527,"location":"AuraPlayerController.cpp:Look","message":"Look invoked","data":{"x":-0.35000,"y":0.00000,"bRightMouseDown":false,"hypothesisId":"A"},"runId":"run1"}
{"sessionId":"cf25b3","id":"log_351064453191","timestamp":351064453191,"location":"AuraPlayerController.cpp:AbilityInputHeld","message":"Input held","data":{"InputTag":"InputTag.LMB","bRightMouseDown":false},"runId":"run1"}
{"sessionId":"cf25b3","id":"log_351064533763","timestamp":351064533763,"location":"AuraPlayerController.cpp:Look","message":"Look invoked","data":{"x":-0.21000,"y":0.00000,"bRightMouseDown":false,"hypothesisId":"A"},"runId":"run1"}
{"sessionId":"cf25b3","id":"log_351064538706","timestamp":351064538706,"location":"AuraPlayerController.cpp:AbilityInputHeld","message":"Input held","data":{"InputTag":"InputTag.LMB","bRightMouseDown":false},"runId":"run1"}
{"sessionId":"cf25b3","id":"log_351064616440","timestamp":351064616440,"location":"AuraPlayerController.cpp:Look","message":"Look invoked","data":{"x":-0.14000,"y":0.00000,"bRightMouseDown":false,"hypothesisId":"A"},"runId":"run1"}
{"sessionId":"cf25b3","id":"log_351064620425","timestamp":351064620425,"location":"AuraPlayerController.cpp:AbilityInputHeld","message":"Input held","data":{"InputTag":"InputTag.LMB","bRightMouseDown":false},"runId":"run1"}
{"sessionId":"cf25b3","id":"log_351064700159","timestamp":351064700159,"location":"AuraPlayerController.cpp:Look","message":"Look invoked","data":{"x":-0.49000,"y":0.00000,"bRightMouseDown":false,"hypothesisId":"A"},"runId":"run1"}
{"sessionId":"cf25b3","id":"log_351064704060","timestamp":351064704060,"location":"AuraPlayerController.cpp:AbilityInputHeld","message":"Input held","data":{"InputTag":"InputTag.LMB","bRightMouseDown":false},"runId":"run1"}
{"sessionId":"cf25b3","id":"log_351064783350","timestamp":351064783350,"location":"AuraPlayerController.cpp:Look","message":"Look invoked","data":{"x":-0.28000,"y":0.00000,"bRightMouseDown":false,"hypothesisId":"A"},"runId":"run1"}
{"sessionId":"cf25b3","id":"log_351064787186","timestamp":351064787186,"location":"AuraPlayerController.cpp:AbilityInputHeld","message":"Input held","data":{"InputTag":"InputTag.LMB","bRightMouseDown":false},"runId":"run1"}
{"sessionId":"cf25b3","id":"log_351064868544","timestamp":351064868544,"location":"AuraPlayerController.cpp:Look","message":"Look invoked","data":{"x":-0.28000,"y":0.00000,"bRightMouseDown":false,"hypothesisId":"A"},"runId":"run1"}
{"sessionId":"cf25b3","id":"log_351064872436","timestamp":351064872436,"location":"AuraPlayerController.cpp:AbilityInputHeld","message":"Input held","data":{"InputTag":"InputTag.LMB","bRightMouseDown":false},"runId":"run1"}
{"sessionId":"cf25b3","id":"log_351064949466","timestamp":351064949466,"location":"AuraPlayerController.cpp:Look","message":"Look invoked","data":{"x":-0.49000,"y":0.00000,"bRightMouseDown":false,"hypothesisId":"A"},"runId":"run1"}
{"sessionId":"cf25b3","id":"log_351064953155","timestamp":351064953155,"location":"AuraPlayerController.cpp:AbilityInputHeld","message":"Input held","data":{"InputTag":"InputTag.LMB","bRightMouseDown":false},"runId":"run1"}
{"sessionId":"cf25b3","id":"log_351065034324","timestamp":351065034324,"location":"AuraPlayerController.cpp:Look","message":"Look invoked","data":{"x":-0.28000,"y":0.00000,"bRightMouseDown":false,"hypothesisId":"A"},"runId":"run1"}
{"sessionId":"cf25b3","id":"log_351065038027","timestamp":351065038027,"location":"AuraPlayerController.cpp:AbilityInputHeld","message":"Input held","data":{"InputTag":"InputTag.LMB","bRightMouseDown":false},"runId":"run1"}
{"sessionId":"cf25b3","id":"log_351065118634","timestamp":351065118634,"location":"AuraPlayerController.cpp:Look","message":"Look invoked","data":{"x":-0.14000,"y":0.00000,"bRightMouseDown":false,"hypothesisId":"A"},"runId":"run1"}
{"sessionId":"cf25b3","id":"log_351065121621","timestamp":351065121621,"location":"AuraPlayerController.cpp:AbilityInputHeld","message":"Input held","data":{"InputTag":"InputTag.LMB","bRightMouseDown":false},"runId":"run1"}
{"sessionId":"cf25b3","id":"log_351065199872","timestamp":351065199872,"location":"AuraPlayerController.cpp:Look","message":"Look invoked","data":{"x":-0.28000,"y":0.00000,"bRightMouseDown":false,"hypothesisId":"A"},"runId":"run1"}
{"sessionId":"cf25b3","id":"log_351065203834","timestamp":351065203834,"location":"AuraPlayerController.cpp:AbilityInputHeld","message":"Input held","data":{"InputTag":"InputTag.LMB","bRightMouseDown":false},"runId":"run1"}
{"sessionId":"cf25b3","id":"log_351065283384","timestamp":351065283384,"location":"AuraPlayerController.cpp:Look","message":"Look invoked","data":{"x":-0.14000,"y":0.00000,"bRightMouseDown":false,"hypothesisId":"A"},"runId":"run1"}
{"sessionId":"cf25b3","id":"log_351065287939","timestamp":351065287939,"location":"AuraPlayerController.cpp:AbilityInputHeld","message":"Input held","data":{"InputTag":"InputTag.LMB","bRightMouseDown":false},"runId":"run1"}
{"sessionId":"cf25b3","id":"log_351065367025","timestamp":351065367025,"location":"AuraPlayerController.cpp:Look","message":"Look invoked","data":{"x":-0.14000,"y":0.00000,"bRightMouseDown":false,"hypothesisId":"A"},"runId":"run1"}
{"sessionId":"cf25b3","id":"log_351065371094","timestamp":351065371094,"location":"AuraPlayerController.cpp:AbilityInputHeld","message":"Input held","data":{"InputTag":"InputTag.LMB","bRightMouseDown":false},"runId":"run1"}
{"sessionId":"cf25b3","id":"log_351065449687","timestamp":351065449687,"location":"AuraPlayerController.cpp:Look","message":"Look invoked","data":{"x":-0.14000,"y":0.00000,"bRightMouseDown":false,"hypothesisId":"A"},"runId":"run1"}
{"sessionId":"cf25b3","id":"log_351065453463","timestamp":351065453463,"location":"AuraPlayerController.cpp:AbilityInputHeld","message":"Input held","data":{"InputTag":"InputTag.LMB","bRightMouseDown":false},"runId":"run1"}
{"sessionId":"cf25b3","id":"log_351065533734","timestamp":351065533734,"location":"AuraPlayerController.cpp:Look","message":"Look invoked","data":{"x":-0.21000,"y":0.00000,"bRightMouseDown":false,"hypothesisId":"A"},"runId":"run1"}
{"sessionId":"cf25b3","id":"log_351065537612","timestamp":351065537612,"location":"AuraPlayerController.cpp:AbilityInputHeld","message":"Input held","data":{"InputTag":"InputTag.LMB","bRightMouseDown":false},"runId":"run1"}
{"sessionId":"cf25b3","id":"log_351065616654","timestamp":351065616654,"location":"AuraPlayerController.cpp:Look","message":"Look invoked","data":{"x":-0.14000,"y":0.00000,"bRightMouseDown":false,"hypothesisId":"A"},"runId":"run1"}
{"sessionId":"cf25b3","id":"log_351065621176","timestamp":351065621176,"location":"AuraPlayerController.cpp:AbilityInputHeld","message":"Input held","data":{"InputTag":"InputTag.LMB","bRightMouseDown":false},"runId":"run1"}
{"sessionId":"cf25b3","id":"log_351065700721","timestamp":351065700721,"location":"AuraPlayerController.cpp:Look","message":"Look invoked","data":{"x":-0.35000,"y":0.00000,"bRightMouseDown":false,"hypothesisId":"A"},"runId":"run1"}
{"sessionId":"cf25b3","id":"log_351065705025","timestamp":351065705025,"location":"AuraPlayerController.cpp:AbilityInputHeld","message":"Input held","data":{"InputTag":"InputTag.LMB","bRightMouseDown":false},"runId":"run1"}
{"sessionId":"cf25b3","id":"log_351065783421","timestamp":351065783421,"location":"AuraPlayerController.cpp:Look","message":"Look invoked","data":{"x":-0.21000,"y":0.00000,"bRightMouseDown":false,"hypothesisId":"A"},"runId":"run1"}
{"sessionId":"cf25b3","id":"log_351065787859","timestamp":351065787859,"location":"AuraPlayerController.cpp:AbilityInputHeld","message":"Input held","data":{"InputTag":"InputTag.LMB","bRightMouseDown":false},"runId":"run1"}
{"sessionId":"cf25b3","id":"log_351065866113","timestamp":351065866113,"location":"AuraPlayerController.cpp:Look","message":"Look invoked","data":{"x":-0.21000,"y":0.00000,"bRightMouseDown":false,"hypothesisId":"A"},"runId":"run1"}
{"sessionId":"cf25b3","id":"log_351065869831","timestamp":351065869831,"location":"AuraPlayerController.cpp:AbilityInputHeld","message":"Input held","data":{"InputTag":"InputTag.LMB","bRightMouseDown":false},"runId":"run1"}
{"sessionId":"cf25b3","id":"log_351065950109","timestamp":351065950109,"location":"AuraPlayerController.cpp:Look","message":"Look invoked","data":{"x":-0.35000,"y":0.00000,"bRightMouseDown":false,"hypothesisId":"A"},"runId":"run1"}
{"sessionId":"cf25b3","id":"log_351065954135","timestamp":351065954135,"location":"AuraPlayerController.cpp:AbilityInputHeld","message":"Input held","data":{"InputTag":"InputTag.LMB","bRightMouseDown":false},"runId":"run1"}
{"sessionId":"cf25b3","id":"log_351066033744","timestamp":351066033744,"location":"AuraPlayerController.cpp:Look","message":"Look invoked","data":{"x":-0.21000,"y":0.00000,"bRightMouseDown":false,"hypothesisId":"A"},"runId":"run1"}
{"sessionId":"cf25b3","id":"log_351066038173","timestamp":351066038173,"location":"AuraPlayerController.cpp:AbilityInputHeld","message":"Input held","data":{"InputTag":"InputTag.LMB","bRightMouseDown":false},"runId":"run1"}
{"sessionId":"cf25b3","id":"log_351066117936","timestamp":351066117936,"location":"AuraPlayerController.cpp:Look","message":"Look invoked","data":{"x":-0.14000,"y":0.00000,"bRightMouseDown":false,"hypothesisId":"A"},"runId":"run1"}
{"sessionId":"cf25b3","id":"log_351066121703","timestamp":351066121703,"location":"AuraPlayerController.cpp:AbilityInputHeld","message":"Input held","data":{"InputTag":"InputTag.LMB","bRightMouseDown":false},"runId":"run1"}
{"sessionId":"cf25b3","id":"log_351066200283","timestamp":351066200283,"location":"AuraPlayerController.cpp:Look","message":"Look invoked","data":{"x":-0.21000,"y":0.00000,"bRightMouseDown":false,"hypothesisId":"A"},"runId":"run1"}
{"sessionId":"cf25b3","id":"log_351066204131","timestamp":351066204131,"location":"AuraPlayerController.cpp:AbilityInputHeld","message":"Input held","data":{"InputTag":"InputTag.LMB","bRightMouseDown":false},"runId":"run1"}
{"sessionId":"cf25b3","id":"log_351066283121","timestamp":351066283121,"location":"AuraPlayerController.cpp:Look","message":"Look invoked","data":{"x":-0.07000,"y":0.00000,"bRightMouseDown":false,"hypothesisId":"A"},"runId":"run1"}
{"sessionId":"cf25b3","id":"log_351066289266","timestamp":351066289266,"location":"AuraPlayerController.cpp:AbilityInputHeld","message":"Input held","data":{"InputTag":"InputTag.LMB","bRightMouseDown":false},"runId":"run1"}
{"sessionId":"cf25b3","id":"log_351066367035","timestamp":351066367035,"location":"AuraPlayerController.cpp:Look","message":"Look invoked","data":{"x":-0.07000,"y":0.00000,"bRightMouseDown":false,"hypothesisId":"A"},"runId":"run1"}
{"sessionId":"cf25b3","id":"log_351066372201","timestamp":351066372201,"location":"AuraPlayerController.cpp:AbilityInputHeld","message":"Input held","data":{"InputTag":"InputTag.LMB","bRightMouseDown":false},"runId":"run1"}
{"sessionId":"cf25b3","id":"log_351066450348","timestamp":351066450348,"location":"AuraPlayerController.cpp:Look","message":"Look invoked","data":{"x":-0.07000,"y":0.00000,"bRightMouseDown":false,"hypothesisId":"A"},"runId":"run1"}
{"sessionId":"cf25b3","id":"log_351066454614","timestamp":351066454614,"location":"AuraPlayerController.cpp:AbilityInputHeld","message":"Input held","data":{"InputTag":"InputTag.LMB","bRightMouseDown":false},"runId":"run1"}
{"sessionId":"cf25b3","id":"log_351066531471","timestamp":351066531471,"location":"AuraPlayerController.cpp:AbilityInputHeld","message":"Input held","data":{"InputTag":"InputTag.LMB","bRightMouseDown":false},"runId":"run1"}
{"sessionId":"cf25b3","id":"log_351066614898","timestamp":351066614898,"location":"AuraPlayerController.cpp:AbilityInputHeld","message":"Input held","data":{"InputTag":"InputTag.LMB","bRightMouseDown":false},"runId":"run1"}
{"sessionId":"cf25b3","id":"log_351066698213","timestamp":351066698213,"location":"AuraPlayerController.cpp:AbilityInputHeld","message":"Input held","data":{"InputTag":"InputTag.LMB","bRightMouseDown":false},"runId":"run1"}
{"sessionId":"cf25b3","id":"log_351066783066","timestamp":351066783066,"location":"AuraPlayerController.cpp:Look","message":"Look invoked","data":{"x":-0.07000,"y":0.00000,"bRightMouseDown":false,"hypothesisId":"A"},"runId":"run1"}
{"sessionId":"cf25b3","id":"log_351066786611","timestamp":351066786611,"location":"AuraPlayerController.cpp:AbilityInputHeld","message":"Input held","data":{"InputTag":"InputTag.LMB","bRightMouseDown":false},"runId":"run1"}
{"sessionId":"cf25b3","id":"log_351066866704","timestamp":351066866704,"location":"AuraPlayerController.cpp:Look","message":"Look invoked","data":{"x":-0.07000,"y":0.00000,"bRightMouseDown":false,"hypothesisId":"A"},"runId":"run1"}
{"sessionId":"cf25b3","id":"log_351066870639","timestamp":351066870639,"location":"AuraPlayerController.cpp:AbilityInputHeld","message":"Input held","data":{"InputTag":"InputTag.LMB","bRightMouseDown":false},"runId":"run1"}
{"sessionId":"cf25b3","id":"log_351066949799","timestamp":351066949799,"location":"AuraPlayerController.cpp:Look","message":"Look invoked","data":{"x":-0.07000,"y":0.00000,"bRightMouseDown":false,"hypothesisId":"A"},"runId":"run1"}
{"sessionId":"cf25b3","id":"log_351066953051","timestamp":351066953051,"location":"AuraPlayerController.cpp:AbilityInputHeld","message":"Input held","data":{"InputTag":"InputTag.LMB","bRightMouseDown":false},"runId":"run1"}
{"sessionId":"cf25b3","id":"log_351067033642","timestamp":351067033642,"location":"AuraPlayerController.cpp:Look","message":"Look invoked","data":{"x":-0.07000,"y":0.00000,"bRightMouseDown":false,"hypothesisId":"A"},"runId":"run1"}
{"sessionId":"cf25b3","id":"log_351067038148","timestamp":351067038148,"location":"AuraPlayerController.cpp:AbilityInputHeld","message":"Input held","data":{"InputTag":"InputTag.LMB","bRightMouseDown":false},"runId":"run1"}
{"sessionId":"cf25b3","id":"log_351067116321","timestamp":351067116321,"location":"AuraPlayerController.cpp:Look","message":"Look invoked","data":{"x":-0.07000,"y":0.00000,"bRightMouseDown":false,"hypothesisId":"A"},"runId":"run1"}
{"sessionId":"cf25b3","id":"log_351067122713","timestamp":351067122713,"location":"AuraPlayerController.cpp:AbilityInputHeld","message":"Input held","data":{"InputTag":"InputTag.LMB","bRightMouseDown":false},"runId":"run1"}
{"sessionId":"cf25b3","id":"log_351067200025","timestamp":351067200025,"location":"AuraPlayerController.cpp:Look","message":"Look invoked","data":{"x":-0.14000,"y":0.00000,"bRightMouseDown":false,"hypothesisId":"A"},"runId":"run1"}
{"sessionId":"cf25b3","id":"log_351067203307","timestamp":351067203307,"location":"AuraPlayerController.cpp:AbilityInputHeld","message":"Input held","data":{"InputTag":"InputTag.LMB","bRightMouseDown":false},"runId":"run1"}
{"sessionId":"cf25b3","id":"log_351067283135","timestamp":351067283135,"location":"AuraPlayerController.cpp:Look","message":"Look invoked","data":{"x":-0.07000,"y":0.00000,"bRightMouseDown":false,"hypothesisId":"A"},"runId":"run1"}
{"sessionId":"cf25b3","id":"log_351067286886","timestamp":351067286886,"location":"AuraPlayerController.cpp:AbilityInputHeld","message":"Input held","data":{"InputTag":"InputTag.LMB","bRightMouseDown":false},"runId":"run1"}
{"sessionId":"cf25b3","id":"log_351067369512","timestamp":351067369512,"location":"AuraPlayerController.cpp:Look","message":"Look invoked","data":{"x":-0.07000,"y":0.00000,"bRightMouseDown":false,"hypothesisId":"A"},"runId":"run1"}
{"sessionId":"cf25b3","id":"log_351067372815","timestamp":351067372815,"location":"AuraPlayerController.cpp:AbilityInputHeld","message":"Input held","data":{"InputTag":"InputTag.LMB","bRightMouseDown":false},"runId":"run1"}
{"sessionId":"cf25b3","id":"log_351067448530","timestamp":351067448530,"location":"AuraPlayerController.cpp:AbilityInputHeld","message":"Input held","data":{"InputTag":"InputTag.LMB","bRightMouseDown":false},"runId":"run1"}
{"sessionId":"cf25b3","id":"log_351067533164","timestamp":351067533164,"location":"AuraPlayerController.cpp:Look","message":"Look invoked","data":{"x":-0.07000,"y":0.00000,"bRightMouseDown":false,"hypothesisId":"A"},"runId":"run1"}
{"sessionId":"cf25b3","id":"log_351067537111","timestamp":351067537111,"location":"AuraPlayerController.cpp:AbilityInputHeld","message":"Input held","data":{"InputTag":"InputTag.LMB","bRightMouseDown":false},"runId":"run1"}
{"sessionId":"cf25b3","id":"log_351067619218","timestamp":351067619218,"location":"AuraPlayerController.cpp:AbilityInputReleased","message":"Input released","data":{"InputTag":"InputTag.LMB","bRightMouseDown":false},"runId":"run1"}
